class_name,subtype,source_path,output_path,augmentation,parameters_json
Foam-Heavy,root,Foam-Heavy/IMG_5505.png,Foam-Heavy/augmented/small_rotation/root/IMG_5505__small_rotation.jpg,small_rotation,"{""angle_degrees"": 6.7673}"
Foam-Heavy,root,Foam-Heavy/IMG_5505.png,Foam-Heavy/augmented/horizontal_flip/root/IMG_5505__horizontal_flip.jpg,horizontal_flip,{}
Foam-Heavy,root,Foam-Heavy/IMG_5505.png,Foam-Heavy/augmented/brightness/root/IMG_5505__brightness.jpg,brightness,"{""factor"": 1.05}"
Foam-Heavy,root,Foam-Heavy/IMG_5505.png,Foam-Heavy/augmented/contrast/root/IMG_5505__contrast.jpg,contrast,"{""factor"": 1.104}"
Foam-Heavy,root,Foam-Heavy/IMG_5505.png,Foam-Heavy/augmented/saturation/root/IMG_5505__saturation.jpg,saturation,"{""factor"": 0.9216}"
Foam-Heavy,root,Foam-Heavy/IMG_5505.png,Foam-Heavy/augmented/zoom_translate/root/IMG_5505__zoom_translate.jpg,zoom_translate,"{""shift_x_fraction"": 0.0274, ""shift_y_fraction"": 0.0108, ""zoom"": 1.0412}"
Foam-Heavy,root,Foam-Heavy/IMG_5506.png,Foam-Heavy/augmented/small_rotation/root/IMG_5506__small_rotation.jpg,small_rotation,"{""angle_degrees"": -3.3103}"
Foam-Heavy,root,Foam-Heavy/IMG_5506.png,Foam-Heavy/augmented/horizontal_flip/root/IMG_5506__horizontal_flip.jpg,horizontal_flip,{}
Foam-Heavy,root,Foam-Heavy/IMG_5506.png,Foam-Heavy/augmented/brightness/root/IMG_5506__brightness.jpg,brightness,"{""factor"": 0.8575}"
Foam-Heavy,root,Foam-Heavy/IMG_5506.png,Foam-Heavy/augmented/contrast/root/IMG_5506__contrast.jpg,contrast,"{""factor"": 1.0387}"
Foam-Heavy,root,Foam-Heavy/IMG_5506.png,Foam-Heavy/augmented/saturation/root/IMG_5506__saturation.jpg,saturation,"{""factor"": 1.0978}"
Foam-Heavy,root,Foam-Heavy/IMG_5506.png,Foam-Heavy/augmented/zoom_translate/root/IMG_5506__zoom_translate.jpg,zoom_translate,"{""shift_x_fraction"": -0.0245, ""shift_y_fraction"": -0.009, ""zoom"": 1.0272}"
Foam-Heavy,root,Foam-Heavy/IMG_5507.png,Foam-Heavy/augmented/small_rotation/root/IMG_5507__small_rotation.jpg,small_rotation,"{""angle_degrees"": 6.8026}"
Foam-Heavy,root,Foam-Heavy/IMG_5507.png,Foam-Heavy/augmented/horizontal_flip/root/IMG_5507__horizontal_flip.jpg,horizontal_flip,{}
Foam-Heavy,root,Foam-Heavy/IMG_5507.png,Foam-Heavy/augmented/brightness/root/IMG_5507__brightness.jpg,brightness,"{""factor"": 1.0189}"
Foam-Heavy,root,Foam-Heavy/IMG_5507.png,Foam-Heavy/augmented/contrast/root/IMG_5507__contrast.jpg,contrast,"{""factor"": 1.0632}"
Foam-Heavy,root,Foam-Heavy/IMG_5507.png,Foam-Heavy/augmented/saturation/root/IMG_5507__saturation.jpg,saturation,"{""factor"": 1.0127}"
Foam-Heavy,root,Foam-Heavy/IMG_5507.png,Foam-Heavy/augmented/zoom_translate/root/IMG_5507__zoom_translate.jpg,zoom_translate,"{""shift_x_fraction"": -0.0195, ""shift_y_fraction"": -0.0113, ""zoom"": 1.0598}"
Foam-Heavy,root,Foam-Heavy/IMG_5508.png,Foam-Heavy/augmented/small_rotation/root/IMG_5508__small_rotation.jpg,small_rotation,"{""angle_degrees"": -7.1112}"
Foam-Heavy,root,Foam-Heavy/IMG_5508.png,Foam-Heavy/augmented/horizontal_flip/root/IMG_5508__horizontal_flip.jpg,horizontal_flip,{}
Foam-Heavy,root,Foam-Heavy/IMG_5508.png,Foam-Heavy/augmented/brightness/root/IMG_5508__brightness.jpg,brightness,"{""factor"": 1.1175}"
Foam-Heavy,root,Foam-Heavy/IMG_5508.png,Foam-Heavy/augmented/contrast/root/IMG_5508__contrast.jpg,contrast,"{""factor"": 1.1365}"
Foam-Heavy,root,Foam-Heavy/IMG_5508.png,Foam-Heavy/augmented/saturation/root/IMG_5508__saturation.jpg,saturation,"{""factor"": 0.964}"
Foam-Heavy,root,Foam-Heavy/IMG_5508.png,Foam-Heavy/augmented/zoom_translate/root/IMG_5508__zoom_translate.jpg,zoom_translate,"{""shift_x_fraction"": -0.0023, ""shift_y_fraction"": 0.0137, ""zoom"": 1.0683}"
Foam-Heavy,root,Foam-Heavy/IMG_5509.png,Foam-Heavy/augmented/small_rotation/root/IMG_5509__small_rotation.jpg,small_rotation,"{""angle_degrees"": 2.3721}"
Foam-Heavy,root,Foam-Heavy/IMG_5509.png,Foam-Heavy/augmented/horizontal_flip/root/IMG_5509__horizontal_flip.jpg,horizontal_flip,{}
Foam-Heavy,root,Foam-Heavy/IMG_5509.png,Foam-Heavy/augmented/brightness/root/IMG_5509__brightness.jpg,brightness,"{""factor"": 1.0099}"
Foam-Heavy,root,Foam-Heavy/IMG_5509.png,Foam-Heavy/augmented/contrast/root/IMG_5509__contrast.jpg,contrast,"{""factor"": 0.9824}"
Foam-Heavy,root,Foam-Heavy/IMG_5509.png,Foam-Heavy/augmented/saturation/root/IMG_5509__saturation.jpg,saturation,"{""factor"": 1.0322}"
Foam-Heavy,root,Foam-Heavy/IMG_5509.png,Foam-Heavy/augmented/zoom_translate/root/IMG_5509__zoom_translate.jpg,zoom_translate,"{""shift_x_fraction"": 0.0312, ""shift_y_fraction"": -0.0032, ""zoom"": 1.0146}"
Foam-Heavy,root,Foam-Heavy/IMG_5510.png,Foam-Heavy/augmented/small_rotation/root/IMG_5510__small_rotation.jpg,small_rotation,"{""angle_degrees"": 6.6401}"
Foam-Heavy,root,Foam-Heavy/IMG_5510.png,Foam-Heavy/augmented/horizontal_flip/root/IMG_5510__horizontal_flip.jpg,horizontal_flip,{}
Foam-Heavy,root,Foam-Heavy/IMG_5510.png,Foam-Heavy/augmented/brightness/root/IMG_5510__brightness.jpg,brightness,"{""factor"": 1.0277}"
Foam-Heavy,root,Foam-Heavy/IMG_5510.png,Foam-Heavy/augmented/contrast/root/IMG_5510__contrast.jpg,contrast,"{""factor"": 1.0493}"
Foam-Heavy,root,Foam-Heavy/IMG_5510.png,Foam-Heavy/augmented/saturation/root/IMG_5510__saturation.jpg,saturation,"{""factor"": 0.9718}"
Foam-Heavy,root,Foam-Heavy/IMG_5510.png,Foam-Heavy/augmented/zoom_translate/root/IMG_5510__zoom_translate.jpg,zoom_translate,"{""shift_x_fraction"": 0.0046, ""shift_y_fraction"": -0.0249, ""zoom"": 1.0587}"
Foam-Heavy,root,Foam-Heavy/IMG_5511.png,Foam-Heavy/augmented/small_rotation/root/IMG_5511__small_rotation.jpg,small_rotation,"{""angle_degrees"": 1.6736}"
Foam-Heavy,root,Foam-Heavy/IMG_5511.png,Foam-Heavy/augmented/horizontal_flip/root/IMG_5511__horizontal_flip.jpg,horizontal_flip,{}
Foam-Heavy,root,Foam-Heavy/IMG_5511.png,Foam-Heavy/augmented/brightness/root/IMG_5511__brightness.jpg,brightness,"{""factor"": 0.866}"
Foam-Heavy,root,Foam-Heavy/IMG_5511.png,Foam-Heavy/augmented/contrast/root/IMG_5511__contrast.jpg,contrast,"{""factor"": 1.1214}"
Foam-Heavy,root,Foam-Heavy/IMG_5511.png,Foam-Heavy/augmented/saturation/root/IMG_5511__saturation.jpg,saturation,"{""factor"": 0.9939}"
Foam-Heavy,root,Foam-Heavy/IMG_5511.png,Foam-Heavy/augmented/zoom_translate/root/IMG_5511__zoom_translate.jpg,zoom_translate,"{""shift_x_fraction"": 0.033, ""shift_y_fraction"": 0.0022, ""zoom"": 1.0333}"
Foam-Heavy,root,Foam-Heavy/IMG_5512.png,Foam-Heavy/augmented/small_rotation/root/IMG_5512__small_rotation.jpg,small_rotation,"{""angle_degrees"": -3.5469}"
Foam-Heavy,root,Foam-Heavy/IMG_5512.png,Foam-Heavy/augmented/horizontal_flip/root/IMG_5512__horizontal_flip.jpg,horizontal_flip,{}
Foam-Heavy,root,Foam-Heavy/IMG_5512.png,Foam-Heavy/augmented/brightness/root/IMG_5512__brightness.jpg,brightness,"{""factor"": 0.9606}"
Foam-Heavy,root,Foam-Heavy/IMG_5512.png,Foam-Heavy/augmented/contrast/root/IMG_5512__contrast.jpg,contrast,"{""factor"": 1.0128}"
Foam-Heavy,root,Foam-Heavy/IMG_5512.png,Foam-Heavy/augmented/saturation/root/IMG_5512__saturation.jpg,saturation,"{""factor"": 1.0157}"
Foam-Heavy,root,Foam-Heavy/IMG_5512.png,Foam-Heavy/augmented/zoom_translate/root/IMG_5512__zoom_translate.jpg,zoom_translate,"{""shift_x_fraction"": -0.0159, ""shift_y_fraction"": -0.0014, ""zoom"": 1.0679}"
Foam-Heavy,root,Foam-Heavy/IMG_5513.png,Foam-Heavy/augmented/small_rotation/root/IMG_5513__small_rotation.jpg,small_rotation,"{""angle_degrees"": -0.3848}"
Foam-Heavy,root,Foam-Heavy/IMG_5513.png,Foam-Heavy/augmented/horizontal_flip/root/IMG_5513__horizontal_flip.jpg,horizontal_flip,{}
Foam-Heavy,root,Foam-Heavy/IMG_5513.png,Foam-Heavy/augmented/brightness/root/IMG_5513__brightness.jpg,brightness,"{""factor"": 1.059}"
Foam-Heavy,root,Foam-Heavy/IMG_5513.png,Foam-Heavy/augmented/contrast/root/IMG_5513__contrast.jpg,contrast,"{""factor"": 0.882}"
Foam-Heavy,root,Foam-Heavy/IMG_5513.png,Foam-Heavy/augmented/saturation/root/IMG_5513__saturation.jpg,saturation,"{""factor"": 1.0279}"
Foam-Heavy,root,Foam-Heavy/IMG_5513.png,Foam-Heavy/augmented/zoom_translate/root/IMG_5513__zoom_translate.jpg,zoom_translate,"{""shift_x_fraction"": 0.0097, ""shift_y_fraction"": 0.0186, ""zoom"": 1.0495}"
Foam-Heavy,root,Foam-Heavy/IMG_5514.png,Foam-Heavy/augmented/small_rotation/root/IMG_5514__small_rotation.jpg,small_rotation,"{""angle_degrees"": 3.5719}"
Foam-Heavy,root,Foam-Heavy/IMG_5514.png,Foam-Heavy/augmented/horizontal_flip/root/IMG_5514__horizontal_flip.jpg,horizontal_flip,{}
Foam-Heavy,root,Foam-Heavy/IMG_5514.png,Foam-Heavy/augmented/brightness/root/IMG_5514__brightness.jpg,brightness,"{""factor"": 0.9483}"
Foam-Heavy,root,Foam-Heavy/IMG_5514.png,Foam-Heavy/augmented/contrast/root/IMG_5514__contrast.jpg,contrast,"{""factor"": 1.1289}"
Foam-Heavy,root,Foam-Heavy/IMG_5514.png,Foam-Heavy/augmented/saturation/root/IMG_5514__saturation.jpg,saturation,"{""factor"": 1.0369}"
Foam-Heavy,root,Foam-Heavy/IMG_5514.png,Foam-Heavy/augmented/zoom_translate/root/IMG_5514__zoom_translate.jpg,zoom_translate,"{""shift_x_fraction"": 0.0102, ""shift_y_fraction"": 0.0306, ""zoom"": 1.0664}"
Foam-Heavy,root,Foam-Heavy/IMG_5516.png,Foam-Heavy/augmented/small_rotation/root/IMG_5516__small_rotation.jpg,small_rotation,"{""angle_degrees"": -0.5935}"
Foam-Heavy,root,Foam-Heavy/IMG_5516.png,Foam-Heavy/augmented/horizontal_flip/root/IMG_5516__horizontal_flip.jpg,horizontal_flip,{}
Foam-Heavy,root,Foam-Heavy/IMG_5516.png,Foam-Heavy/augmented/brightness/root/IMG_5516__brightness.jpg,brightness,"{""factor"": 0.9458}"
Foam-Heavy,root,Foam-Heavy/IMG_5516.png,Foam-Heavy/augmented/contrast/root/IMG_5516__contrast.jpg,contrast,"{""factor"": 0.8519}"
Foam-Heavy,root,Foam-Heavy/IMG_5516.png,Foam-Heavy/augmented/saturation/root/IMG_5516__saturation.jpg,saturation,"{""factor"": 0.99}"
Foam-Heavy,root,Foam-Heavy/IMG_5516.png,Foam-Heavy/augmented/zoom_translate/root/IMG_5516__zoom_translate.jpg,zoom_translate,"{""shift_x_fraction"": -0.0065, ""shift_y_fraction"": 0.0295, ""zoom"": 1.0554}"
Foam-Heavy,root,Foam-Heavy/IMG_5517.png,Foam-Heavy/augmented/small_rotation/root/IMG_5517__small_rotation.jpg,small_rotation,"{""angle_degrees"": -7.1209}"
Foam-Heavy,root,Foam-Heavy/IMG_5517.png,Foam-Heavy/augmented/horizontal_flip/root/IMG_5517__horizontal_flip.jpg,horizontal_flip,{}
Foam-Heavy,root,Foam-Heavy/IMG_5517.png,Foam-Heavy/augmented/brightness/root/IMG_5517__brightness.jpg,brightness,"{""factor"": 1.0617}"
Foam-Heavy,root,Foam-Heavy/IMG_5517.png,Foam-Heavy/augmented/contrast/root/IMG_5517__contrast.jpg,contrast,"{""factor"": 0.9675}"
Foam-Heavy,root,Foam-Heavy/IMG_5517.png,Foam-Heavy/augmented/saturation/root/IMG_5517__saturation.jpg,saturation,"{""factor"": 0.942}"
Foam-Heavy,root,Foam-Heavy/IMG_5517.png,Foam-Heavy/augmented/zoom_translate/root/IMG_5517__zoom_translate.jpg,zoom_translate,"{""shift_x_fraction"": 0.0107, ""shift_y_fraction"": 0.0277, ""zoom"": 1.0145}"
Foam-Heavy,root,Foam-Heavy/IMG_5518.png,Foam-Heavy/augmented/small_rotation/root/IMG_5518__small_rotation.jpg,small_rotation,"{""angle_degrees"": 5.9957}"
Foam-Heavy,root,Foam-Heavy/IMG_5518.png,Foam-Heavy/augmented/horizontal_flip/root/IMG_5518__horizontal_flip.jpg,horizontal_flip,{}
Foam-Heavy,root,Foam-Heavy/IMG_5518.png,Foam-Heavy/augmented/brightness/root/IMG_5518__brightness.jpg,brightness,"{""factor"": 0.9783}"
Foam-Heavy,root,Foam-Heavy/IMG_5518.png,Foam-Heavy/augmented/contrast/root/IMG_5518__contrast.jpg,contrast,"{""factor"": 0.89}"
Foam-Heavy,root,Foam-Heavy/IMG_5518.png,Foam-Heavy/augmented/saturation/root/IMG_5518__saturation.jpg,saturation,"{""factor"": 1.0496}"
Foam-Heavy,root,Foam-Heavy/IMG_5518.png,Foam-Heavy/augmented/zoom_translate/root/IMG_5518__zoom_translate.jpg,zoom_translate,"{""shift_x_fraction"": -0.0092, ""shift_y_fraction"": 0.0142, ""zoom"": 1.0369}"
Foam-Heavy,root,Foam-Heavy/IMG_5519.png,Foam-Heavy/augmented/small_rotation/root/IMG_5519__small_rotation.jpg,small_rotation,"{""angle_degrees"": 6.3617}"
Foam-Heavy,root,Foam-Heavy/IMG_5519.png,Foam-Heavy/augmented/horizontal_flip/root/IMG_5519__horizontal_flip.jpg,horizontal_flip,{}
Foam-Heavy,root,Foam-Heavy/IMG_5519.png,Foam-Heavy/augmented/brightness/root/IMG_5519__brightness.jpg,brightness,"{""factor"": 1.1273}"
Foam-Heavy,root,Foam-Heavy/IMG_5519.png,Foam-Heavy/augmented/contrast/root/IMG_5519__contrast.jpg,contrast,"{""factor"": 0.9214}"
Foam-Heavy,root,Foam-Heavy/IMG_5519.png,Foam-Heavy/augmented/saturation/root/IMG_5519__saturation.jpg,saturation,"{""factor"": 1.0015}"
Foam-Heavy,root,Foam-Heavy/IMG_5519.png,Foam-Heavy/augmented/zoom_translate/root/IMG_5519__zoom_translate.jpg,zoom_translate,"{""shift_x_fraction"": 0.0152, ""shift_y_fraction"": 0.0002, ""zoom"": 1.0782}"
Foam-Heavy,root,Foam-Heavy/IMG_5520.png,Foam-Heavy/augmented/small_rotation/root/IMG_5520__small_rotation.jpg,small_rotation,"{""angle_degrees"": 3.506}"
Foam-Heavy,root,Foam-Heavy/IMG_5520.png,Foam-Heavy/augmented/horizontal_flip/root/IMG_5520__horizontal_flip.jpg,horizontal_flip,{}
Foam-Heavy,root,Foam-Heavy/IMG_5520.png,Foam-Heavy/augmented/brightness/root/IMG_5520__brightness.jpg,brightness,"{""factor"": 0.89}"
Foam-Heavy,root,Foam-Heavy/IMG_5520.png,Foam-Heavy/augmented/contrast/root/IMG_5520__contrast.jpg,contrast,"{""factor"": 0.889}"
Foam-Heavy,root,Foam-Heavy/IMG_5520.png,Foam-Heavy/augmented/saturation/root/IMG_5520__saturation.jpg,saturation,"{""factor"": 0.9633}"
Foam-Heavy,root,Foam-Heavy/IMG_5520.png,Foam-Heavy/augmented/zoom_translate/root/IMG_5520__zoom_translate.jpg,zoom_translate,"{""shift_x_fraction"": -0.0014, ""shift_y_fraction"": -0.0343, ""zoom"": 1.0245}"
Foam-Heavy,root,Foam-Heavy/IMG_5521.png,Foam-Heavy/augmented/small_rotation/root/IMG_5521__small_rotation.jpg,small_rotation,"{""angle_degrees"": 3.1352}"
Foam-Heavy,root,Foam-Heavy/IMG_5521.png,Foam-Heavy/augmented/horizontal_flip/root/IMG_5521__horizontal_flip.jpg,horizontal_flip,{}
Foam-Heavy,root,Foam-Heavy/IMG_5521.png,Foam-Heavy/augmented/brightness/root/IMG_5521__brightness.jpg,brightness,"{""factor"": 1.0849}"
Foam-Heavy,root,Foam-Heavy/IMG_5521.png,Foam-Heavy/augmented/contrast/root/IMG_5521__contrast.jpg,contrast,"{""factor"": 0.8631}"
Foam-Heavy,root,Foam-Heavy/IMG_5521.png,Foam-Heavy/augmented/saturation/root/IMG_5521__saturation.jpg,saturation,"{""factor"": 1.0473}"
Foam-Heavy,root,Foam-Heavy/IMG_5521.png,Foam-Heavy/augmented/zoom_translate/root/IMG_5521__zoom_translate.jpg,zoom_translate,"{""shift_x_fraction"": -0.0334, ""shift_y_fraction"": -0.008, ""zoom"": 1.0218}"
Foam-Heavy,root,Foam-Heavy/WIN_20260707_13_38_52_Pro.jpg,Foam-Heavy/augmented/small_rotation/root/WIN_20260707_13_38_52_Pro__small_rotation.jpg,small_rotation,"{""angle_degrees"": -4.6957}"
Foam-Heavy,root,Foam-Heavy/WIN_20260707_13_38_52_Pro.jpg,Foam-Heavy/augmented/horizontal_flip/root/WIN_20260707_13_38_52_Pro__horizontal_flip.jpg,horizontal_flip,{}
Foam-Heavy,root,Foam-Heavy/WIN_20260707_13_38_52_Pro.jpg,Foam-Heavy/augmented/brightness/root/WIN_20260707_13_38_52_Pro__brightness.jpg,brightness,"{""factor"": 1.099}"
Foam-Heavy,root,Foam-Heavy/WIN_20260707_13_38_52_Pro.jpg,Foam-Heavy/augmented/contrast/root/WIN_20260707_13_38_52_Pro__contrast.jpg,contrast,"{""factor"": 1.0408}"
Foam-Heavy,root,Foam-Heavy/WIN_20260707_13_38_52_Pro.jpg,Foam-Heavy/augmented/saturation/root/WIN_20260707_13_38_52_Pro__saturation.jpg,saturation,"{""factor"": 1.0799}"
Foam-Heavy,root,Foam-Heavy/WIN_20260707_13_38_52_Pro.jpg,Foam-Heavy/augmented/zoom_translate/root/WIN_20260707_13_38_52_Pro__zoom_translate.jpg,zoom_translate,"{""shift_x_fraction"": -0.0109, ""shift_y_fraction"": -0.0155, ""zoom"": 1.0213}"
Foam-Heavy,root,Foam-Heavy/WIN_20260707_13_39_00_Pro.jpg,Foam-Heavy/augmented/small_rotation/root/WIN_20260707_13_39_00_Pro__small_rotation.jpg,small_rotation,"{""angle_degrees"": -6.8261}"
Foam-Heavy,root,Foam-Heavy/WIN_20260707_13_39_00_Pro.jpg,Foam-Heavy/augmented/horizontal_flip/root/WIN_20260707_13_39_00_Pro__horizontal_flip.jpg,horizontal_flip,{}
Foam-Heavy,root,Foam-Heavy/WIN_20260707_13_39_00_Pro.jpg,Foam-Heavy/augmented/brightness/root/WIN_20260707_13_39_00_Pro__brightness.jpg,brightness,"{""factor"": 0.943}"
Foam-Heavy,root,Foam-Heavy/WIN_20260707_13_39_00_Pro.jpg,Foam-Heavy/augmented/contrast/root/WIN_20260707_13_39_00_Pro__contrast.jpg,contrast,"{""factor"": 0.877}"
Foam-Heavy,root,Foam-Heavy/WIN_20260707_13_39_00_Pro.jpg,Foam-Heavy/augmented/saturation/root/WIN_20260707_13_39_00_Pro__saturation.jpg,saturation,"{""factor"": 1.0829}"
Foam-Heavy,root,Foam-Heavy/WIN_20260707_13_39_00_Pro.jpg,Foam-Heavy/augmented/zoom_translate/root/WIN_20260707_13_39_00_Pro__zoom_translate.jpg,zoom_translate,"{""shift_x_fraction"": 0.0236, ""shift_y_fraction"": -0.03, ""zoom"": 1.0403}"
Foam-Heavy,root,Foam-Heavy/WIN_20260707_13_39_56_Pro.jpg,Foam-Heavy/augmented/small_rotation/root/WIN_20260707_13_39_56_Pro__small_rotation.jpg,small_rotation,"{""angle_degrees"": 4.3742}"
Foam-Heavy,root,Foam-Heavy/WIN_20260707_13_39_56_Pro.jpg,Foam-Heavy/augmented/horizontal_flip/root/WIN_20260707_13_39_56_Pro__horizontal_flip.jpg,horizontal_flip,{}
Foam-Heavy,root,Foam-Heavy/WIN_20260707_13_39_56_Pro.jpg,Foam-Heavy/augmented/brightness/root/WIN_20260707_13_39_56_Pro__brightness.jpg,brightness,"{""factor"": 1.1121}"
Foam-Heavy,root,Foam-Heavy/WIN_20260707_13_39_56_Pro.jpg,Foam-Heavy/augmented/contrast/root/WIN_20260707_13_39_56_Pro__contrast.jpg,contrast,"{""factor"": 0.9197}"
Foam-Heavy,root,Foam-Heavy/WIN_20260707_13_39_56_Pro.jpg,Foam-Heavy/augmented/saturation/root/WIN_20260707_13_39_56_Pro__saturation.jpg,saturation,"{""factor"": 1.0365}"
Foam-Heavy,root,Foam-Heavy/WIN_20260707_13_39_56_Pro.jpg,Foam-Heavy/augmented/zoom_translate/root/WIN_20260707_13_39_56_Pro__zoom_translate.jpg,zoom_translate,"{""shift_x_fraction"": -0.0117, ""shift_y_fraction"": -0.0271, ""zoom"": 1.0491}"
Foam-Heavy,root,Foam-Heavy/WIN_20260707_13_39_58_Pro.jpg,Foam-Heavy/augmented/small_rotation/root/WIN_20260707_13_39_58_Pro__small_rotation.jpg,small_rotation,"{""angle_degrees"": 7.2795}"
Foam-Heavy,root,Foam-Heavy/WIN_20260707_13_39_58_Pro.jpg,Foam-Heavy/augmented/horizontal_flip/root/WIN_20260707_13_39_58_Pro__horizontal_flip.jpg,horizontal_flip,{}
Foam-Heavy,root,Foam-Heavy/WIN_20260707_13_39_58_Pro.jpg,Foam-Heavy/augmented/brightness/root/WIN_20260707_13_39_58_Pro__brightness.jpg,brightness,"{""factor"": 0.9953}"
Foam-Heavy,root,Foam-Heavy/WIN_20260707_13_39_58_Pro.jpg,Foam-Heavy/augmented/contrast/root/WIN_20260707_13_39_58_Pro__contrast.jpg,contrast,"{""factor"": 1.0899}"
Foam-Heavy,root,Foam-Heavy/WIN_20260707_13_39_58_Pro.jpg,Foam-Heavy/augmented/saturation/root/WIN_20260707_13_39_58_Pro__saturation.jpg,saturation,"{""factor"": 0.9689}"
Foam-Heavy,root,Foam-Heavy/WIN_20260707_13_39_58_Pro.jpg,Foam-Heavy/augmented/zoom_translate/root/WIN_20260707_13_39_58_Pro__zoom_translate.jpg,zoom_translate,"{""shift_x_fraction"": 0.0339, ""shift_y_fraction"": 0.0145, ""zoom"": 1.0342}"
Foam-Heavy,root,Foam-Heavy/WIN_20260707_13_39_59_Pro.jpg,Foam-Heavy/augmented/small_rotation/root/WIN_20260707_13_39_59_Pro__small_rotation.jpg,small_rotation,"{""angle_degrees"": -5.0911}"
Foam-Heavy,root,Foam-Heavy/WIN_20260707_13_39_59_Pro.jpg,Foam-Heavy/augmented/horizontal_flip/root/WIN_20260707_13_39_59_Pro__horizontal_flip.jpg,horizontal_flip,{}
Foam-Heavy,root,Foam-Heavy/WIN_20260707_13_39_59_Pro.jpg,Foam-Heavy/augmented/brightness/root/WIN_20260707_13_39_59_Pro__brightness.jpg,brightness,"{""factor"": 1.0657}"
Foam-Heavy,root,Foam-Heavy/WIN_20260707_13_39_59_Pro.jpg,Foam-Heavy/augmented/contrast/root/WIN_20260707_13_39_59_Pro__contrast.jpg,contrast,"{""factor"": 1.1267}"
Foam-Heavy,root,Foam-Heavy/WIN_20260707_13_39_59_Pro.jpg,Foam-Heavy/augmented/saturation/root/WIN_20260707_13_39_59_Pro__saturation.jpg,saturation,"{""factor"": 1.0964}"
Foam-Heavy,root,Foam-Heavy/WIN_20260707_13_39_59_Pro.jpg,Foam-Heavy/augmented/zoom_translate/root/WIN_20260707_13_39_59_Pro__zoom_translate.jpg,zoom_translate,"{""shift_x_fraction"": -0.0188, ""shift_y_fraction"": 0.0269, ""zoom"": 1.0556}"
Foam-Heavy,root,Foam-Heavy/WIN_20260707_13_40_01_Pro.jpg,Foam-Heavy/augmented/small_rotation/root/WIN_20260707_13_40_01_Pro__small_rotation.jpg,small_rotation,"{""angle_degrees"": -5.0091}"
Foam-Heavy,root,Foam-Heavy/WIN_20260707_13_40_01_Pro.jpg,Foam-Heavy/augmented/horizontal_flip/root/WIN_20260707_13_40_01_Pro__horizontal_flip.jpg,horizontal_flip,{}
Foam-Heavy,root,Foam-Heavy/WIN_20260707_13_40_01_Pro.jpg,Foam-Heavy/augmented/brightness/root/WIN_20260707_13_40_01_Pro__brightness.jpg,brightness,"{""factor"": 1.0701}"
Foam-Heavy,root,Foam-Heavy/WIN_20260707_13_40_01_Pro.jpg,Foam-Heavy/augmented/contrast/root/WIN_20260707_13_40_01_Pro__contrast.jpg,contrast,"{""factor"": 0.9261}"
Foam-Heavy,root,Foam-Heavy/WIN_20260707_13_40_01_Pro.jpg,Foam-Heavy/augmented/saturation/root/WIN_20260707_13_40_01_Pro__saturation.jpg,saturation,"{""factor"": 1.0604}"
Foam-Heavy,root,Foam-Heavy/WIN_20260707_13_40_01_Pro.jpg,Foam-Heavy/augmented/zoom_translate/root/WIN_20260707_13_40_01_Pro__zoom_translate.jpg,zoom_translate,"{""shift_x_fraction"": -0.0165, ""shift_y_fraction"": -0.0093, ""zoom"": 1.0004}"
Foam-Heavy,root,Foam-Heavy/WIN_20260707_13_40_03_Pro.jpg,Foam-Heavy/augmented/small_rotation/root/WIN_20260707_13_40_03_Pro__small_rotation.jpg,small_rotation,"{""angle_degrees"": -4.6984}"
Foam-Heavy,root,Foam-Heavy/WIN_20260707_13_40_03_Pro.jpg,Foam-Heavy/augmented/horizontal_flip/root/WIN_20260707_13_40_03_Pro__horizontal_flip.jpg,horizontal_flip,{}
Foam-Heavy,root,Foam-Heavy/WIN_20260707_13_40_03_Pro.jpg,Foam-Heavy/augmented/brightness/root/WIN_20260707_13_40_03_Pro__brightness.jpg,brightness,"{""factor"": 1.0681}"
Foam-Heavy,root,Foam-Heavy/WIN_20260707_13_40_03_Pro.jpg,Foam-Heavy/augmented/contrast/root/WIN_20260707_13_40_03_Pro__contrast.jpg,contrast,"{""factor"": 1.05}"
Foam-Heavy,root,Foam-Heavy/WIN_20260707_13_40_03_Pro.jpg,Foam-Heavy/augmented/saturation/root/WIN_20260707_13_40_03_Pro__saturation.jpg,saturation,"{""factor"": 1.0898}"
Foam-Heavy,root,Foam-Heavy/WIN_20260707_13_40_03_Pro.jpg,Foam-Heavy/augmented/zoom_translate/root/WIN_20260707_13_40_03_Pro__zoom_translate.jpg,zoom_translate,"{""shift_x_fraction"": 0.0213, ""shift_y_fraction"": 0.0139, ""zoom"": 1.0644}"
Foam-Heavy,root,Foam-Heavy/WIN_20260707_13_40_05_Pro.jpg,Foam-Heavy/augmented/small_rotation/root/WIN_20260707_13_40_05_Pro__small_rotation.jpg,small_rotation,"{""angle_degrees"": 5.5335}"
Foam-Heavy,root,Foam-Heavy/WIN_20260707_13_40_05_Pro.jpg,Foam-Heavy/augmented/horizontal_flip/root/WIN_20260707_13_40_05_Pro__horizontal_flip.jpg,horizontal_flip,{}
Foam-Heavy,root,Foam-Heavy/WIN_20260707_13_40_05_Pro.jpg,Foam-Heavy/augmented/brightness/root/WIN_20260707_13_40_05_Pro__brightness.jpg,brightness,"{""factor"": 0.8615}"
Foam-Heavy,root,Foam-Heavy/WIN_20260707_13_40_05_Pro.jpg,Foam-Heavy/augmented/contrast/root/WIN_20260707_13_40_05_Pro__contrast.jpg,contrast,"{""factor"": 0.9255}"
Foam-Heavy,root,Foam-Heavy/WIN_20260707_13_40_05_Pro.jpg,Foam-Heavy/augmented/saturation/root/WIN_20260707_13_40_05_Pro__saturation.jpg,saturation,"{""factor"": 1.0661}"
Foam-Heavy,root,Foam-Heavy/WIN_20260707_13_40_05_Pro.jpg,Foam-Heavy/augmented/zoom_translate/root/WIN_20260707_13_40_05_Pro__zoom_translate.jpg,zoom_translate,"{""shift_x_fraction"": -0.0084, ""shift_y_fraction"": 0.0134, ""zoom"": 1.0319}"
Foam-Heavy,root,Foam-Heavy/WIN_20260707_13_40_07_Pro.jpg,Foam-Heavy/augmented/small_rotation/root/WIN_20260707_13_40_07_Pro__small_rotation.jpg,small_rotation,"{""angle_degrees"": -5.3834}"
Foam-Heavy,root,Foam-Heavy/WIN_20260707_13_40_07_Pro.jpg,Foam-Heavy/augmented/horizontal_flip/root/WIN_20260707_13_40_07_Pro__horizontal_flip.jpg,horizontal_flip,{}
Foam-Heavy,root,Foam-Heavy/WIN_20260707_13_40_07_Pro.jpg,Foam-Heavy/augmented/brightness/root/WIN_20260707_13_40_07_Pro__brightness.jpg,brightness,"{""factor"": 0.9933}"
Foam-Heavy,root,Foam-Heavy/WIN_20260707_13_40_07_Pro.jpg,Foam-Heavy/augmented/contrast/root/WIN_20260707_13_40_07_Pro__contrast.jpg,contrast,"{""factor"": 0.9843}"
Foam-Heavy,root,Foam-Heavy/WIN_20260707_13_40_07_Pro.jpg,Foam-Heavy/augmented/saturation/root/WIN_20260707_13_40_07_Pro__saturation.jpg,saturation,"{""factor"": 1.0124}"
Foam-Heavy,root,Foam-Heavy/WIN_20260707_13_40_07_Pro.jpg,Foam-Heavy/augmented/zoom_translate/root/WIN_20260707_13_40_07_Pro__zoom_translate.jpg,zoom_translate,"{""shift_x_fraction"": -0.0022, ""shift_y_fraction"": 0.0111, ""zoom"": 1.0657}"
Foam-Heavy,root,Foam-Heavy/WIN_20260707_13_40_10_Pro.jpg,Foam-Heavy/augmented/small_rotation/root/WIN_20260707_13_40_10_Pro__small_rotation.jpg,small_rotation,"{""angle_degrees"": -0.3526}"
Foam-Heavy,root,Foam-Heavy/WIN_20260707_13_40_10_Pro.jpg,Foam-Heavy/augmented/horizontal_flip/root/WIN_20260707_13_40_10_Pro__horizontal_flip.jpg,horizontal_flip,{}
Foam-Heavy,root,Foam-Heavy/WIN_20260707_13_40_10_Pro.jpg,Foam-Heavy/augmented/brightness/root/WIN_20260707_13_40_10_Pro__brightness.jpg,brightness,"{""factor"": 1.0495}"
Foam-Heavy,root,Foam-Heavy/WIN_20260707_13_40_10_Pro.jpg,Foam-Heavy/augmented/contrast/root/WIN_20260707_13_40_10_Pro__contrast.jpg,contrast,"{""factor"": 1.0143}"
Foam-Heavy,root,Foam-Heavy/WIN_20260707_13_40_10_Pro.jpg,Foam-Heavy/augmented/saturation/root/WIN_20260707_13_40_10_Pro__saturation.jpg,saturation,"{""factor"": 0.9598}"
Foam-Heavy,root,Foam-Heavy/WIN_20260707_13_40_10_Pro.jpg,Foam-Heavy/augmented/zoom_translate/root/WIN_20260707_13_40_10_Pro__zoom_translate.jpg,zoom_translate,"{""shift_x_fraction"": -0.034, ""shift_y_fraction"": 0.0008, ""zoom"": 1.0186}"
Foam-Heavy,root,Foam-Heavy/WIN_20260707_13_40_13_Pro.jpg,Foam-Heavy/augmented/small_rotation/root/WIN_20260707_13_40_13_Pro__small_rotation.jpg,small_rotation,"{""angle_degrees"": 0.0318}"
Foam-Heavy,root,Foam-Heavy/WIN_20260707_13_40_13_Pro.jpg,Foam-Heavy/augmented/horizontal_flip/root/WIN_20260707_13_40_13_Pro__horizontal_flip.jpg,horizontal_flip,{}
Foam-Heavy,root,Foam-Heavy/WIN_20260707_13_40_13_Pro.jpg,Foam-Heavy/augmented/brightness/root/WIN_20260707_13_40_13_Pro__brightness.jpg,brightness,"{""factor"": 1.0045}"
Foam-Heavy,root,Foam-Heavy/WIN_20260707_13_40_13_Pro.jpg,Foam-Heavy/augmented/contrast/root/WIN_20260707_13_40_13_Pro__contrast.jpg,contrast,"{""factor"": 1.1002}"
Foam-Heavy,root,Foam-Heavy/WIN_20260707_13_40_13_Pro.jpg,Foam-Heavy/augmented/saturation/root/WIN_20260707_13_40_13_Pro__saturation.jpg,saturation,"{""factor"": 1.0316}"
Foam-Heavy,root,Foam-Heavy/WIN_20260707_13_40_13_Pro.jpg,Foam-Heavy/augmented/zoom_translate/root/WIN_20260707_13_40_13_Pro__zoom_translate.jpg,zoom_translate,"{""shift_x_fraction"": 0.0174, ""shift_y_fraction"": -0.0102, ""zoom"": 1.0595}"
Foam-Heavy,root,Foam-Heavy/WIN_20260707_13_40_15_Pro.jpg,Foam-Heavy/augmented/small_rotation/root/WIN_20260707_13_40_15_Pro__small_rotation.jpg,small_rotation,"{""angle_degrees"": -3.4583}"
Foam-Heavy,root,Foam-Heavy/WIN_20260707_13_40_15_Pro.jpg,Foam-Heavy/augmented/horizontal_flip/root/WIN_20260707_13_40_15_Pro__horizontal_flip.jpg,horizontal_flip,{}
Foam-Heavy,root,Foam-Heavy/WIN_20260707_13_40_15_Pro.jpg,Foam-Heavy/augmented/brightness/root/WIN_20260707_13_40_15_Pro__brightness.jpg,brightness,"{""factor"": 0.9685}"
Foam-Heavy,root,Foam-Heavy/WIN_20260707_13_40_15_Pro.jpg,Foam-Heavy/augmented/contrast/root/WIN_20260707_13_40_15_Pro__contrast.jpg,contrast,"{""factor"": 1.0619}"
Foam-Heavy,root,Foam-Heavy/WIN_20260707_13_40_15_Pro.jpg,Foam-Heavy/augmented/saturation/root/WIN_20260707_13_40_15_Pro__saturation.jpg,saturation,"{""factor"": 0.988}"
Foam-Heavy,root,Foam-Heavy/WIN_20260707_13_40_15_Pro.jpg,Foam-Heavy/augmented/zoom_translate/root/WIN_20260707_13_40_15_Pro__zoom_translate.jpg,zoom_translate,"{""shift_x_fraction"": 0.0343, ""shift_y_fraction"": -0.0002, ""zoom"": 1.0715}"
Foam-Heavy,root,Foam-Heavy/WIN_20260707_13_40_18_Pro.jpg,Foam-Heavy/augmented/small_rotation/root/WIN_20260707_13_40_18_Pro__small_rotation.jpg,small_rotation,"{""angle_degrees"": -6.1362}"
Foam-Heavy,root,Foam-Heavy/WIN_20260707_13_40_18_Pro.jpg,Foam-Heavy/augmented/horizontal_flip/root/WIN_20260707_13_40_18_Pro__horizontal_flip.jpg,horizontal_flip,{}
Foam-Heavy,root,Foam-Heavy/WIN_20260707_13_40_18_Pro.jpg,Foam-Heavy/augmented/brightness/root/WIN_20260707_13_40_18_Pro__brightness.jpg,brightness,"{""factor"": 1.0308}"
Foam-Heavy,root,Foam-Heavy/WIN_20260707_13_40_18_Pro.jpg,Foam-Heavy/augmented/contrast/root/WIN_20260707_13_40_18_Pro__contrast.jpg,contrast,"{""factor"": 1.0216}"
Foam-Heavy,root,Foam-Heavy/WIN_20260707_13_40_18_Pro.jpg,Foam-Heavy/augmented/saturation/root/WIN_20260707_13_40_18_Pro__saturation.jpg,saturation,"{""factor"": 1.0768}"
Foam-Heavy,root,Foam-Heavy/WIN_20260707_13_40_18_Pro.jpg,Foam-Heavy/augmented/zoom_translate/root/WIN_20260707_13_40_18_Pro__zoom_translate.jpg,zoom_translate,"{""shift_x_fraction"": -0.0088, ""shift_y_fraction"": -0.0306, ""zoom"": 1.0147}"
Foam-Heavy,root,Foam-Heavy/WIN_20260707_13_40_23_Pro.jpg,Foam-Heavy/augmented/small_rotation/root/WIN_20260707_13_40_23_Pro__small_rotation.jpg,small_rotation,"{""angle_degrees"": 3.8195}"
Foam-Heavy,root,Foam-Heavy/WIN_20260707_13_40_23_Pro.jpg,Foam-Heavy/augmented/horizontal_flip/root/WIN_20260707_13_40_23_Pro__horizontal_flip.jpg,horizontal_flip,{}
Foam-Heavy,root,Foam-Heavy/WIN_20260707_13_40_23_Pro.jpg,Foam-Heavy/augmented/brightness/root/WIN_20260707_13_40_23_Pro__brightness.jpg,brightness,"{""factor"": 1.0693}"
Foam-Heavy,root,Foam-Heavy/WIN_20260707_13_40_23_Pro.jpg,Foam-Heavy/augmented/contrast/root/WIN_20260707_13_40_23_Pro__contrast.jpg,contrast,"{""factor"": 1.1282}"
Foam-Heavy,root,Foam-Heavy/WIN_20260707_13_40_23_Pro.jpg,Foam-Heavy/augmented/saturation/root/WIN_20260707_13_40_23_Pro__saturation.jpg,saturation,"{""factor"": 0.9601}"
Foam-Heavy,root,Foam-Heavy/WIN_20260707_13_40_23_Pro.jpg,Foam-Heavy/augmented/zoom_translate/root/WIN_20260707_13_40_23_Pro__zoom_translate.jpg,zoom_translate,"{""shift_x_fraction"": -0.0049, ""shift_y_fraction"": 0.0056, ""zoom"": 1.0528}"
Foam-Heavy,root,Foam-Heavy/WIN_20260707_13_40_26_Pro.jpg,Foam-Heavy/augmented/small_rotation/root/WIN_20260707_13_40_26_Pro__small_rotation.jpg,small_rotation,"{""angle_degrees"": 6.2852}"
Foam-Heavy,root,Foam-Heavy/WIN_20260707_13_40_26_Pro.jpg,Foam-Heavy/augmented/horizontal_flip/root/WIN_20260707_13_40_26_Pro__horizontal_flip.jpg,horizontal_flip,{}
Foam-Heavy,root,Foam-Heavy/WIN_20260707_13_40_26_Pro.jpg,Foam-Heavy/augmented/brightness/root/WIN_20260707_13_40_26_Pro__brightness.jpg,brightness,"{""factor"": 0.8548}"
Foam-Heavy,root,Foam-Heavy/WIN_20260707_13_40_26_Pro.jpg,Foam-Heavy/augmented/contrast/root/WIN_20260707_13_40_26_Pro__contrast.jpg,contrast,"{""factor"": 0.9444}"
Foam-Heavy,root,Foam-Heavy/WIN_20260707_13_40_26_Pro.jpg,Foam-Heavy/augmented/saturation/root/WIN_20260707_13_40_26_Pro__saturation.jpg,saturation,"{""factor"": 1.0761}"
Foam-Heavy,root,Foam-Heavy/WIN_20260707_13_40_26_Pro.jpg,Foam-Heavy/augmented/zoom_translate/root/WIN_20260707_13_40_26_Pro__zoom_translate.jpg,zoom_translate,"{""shift_x_fraction"": 0.0321, ""shift_y_fraction"": -0.0125, ""zoom"": 1.0263}"
Foam-Heavy,root,Foam-Heavy/WIN_20260707_13_40_28_Pro.jpg,Foam-Heavy/augmented/small_rotation/root/WIN_20260707_13_40_28_Pro__small_rotation.jpg,small_rotation,"{""angle_degrees"": 6.1744}"
Foam-Heavy,root,Foam-Heavy/WIN_20260707_13_40_28_Pro.jpg,Foam-Heavy/augmented/horizontal_flip/root/WIN_20260707_13_40_28_Pro__horizontal_flip.jpg,horizontal_flip,{}
Foam-Heavy,root,Foam-Heavy/WIN_20260707_13_40_28_Pro.jpg,Foam-Heavy/augmented/brightness/root/WIN_20260707_13_40_28_Pro__brightness.jpg,brightness,"{""factor"": 1.0244}"
Foam-Heavy,root,Foam-Heavy/WIN_20260707_13_40_28_Pro.jpg,Foam-Heavy/augmented/contrast/root/WIN_20260707_13_40_28_Pro__contrast.jpg,contrast,"{""factor"": 1.0489}"
Foam-Heavy,root,Foam-Heavy/WIN_20260707_13_40_28_Pro.jpg,Foam-Heavy/augmented/saturation/root/WIN_20260707_13_40_28_Pro__saturation.jpg,saturation,"{""factor"": 1.0896}"
Foam-Heavy,root,Foam-Heavy/WIN_20260707_13_40_28_Pro.jpg,Foam-Heavy/augmented/zoom_translate/root/WIN_20260707_13_40_28_Pro__zoom_translate.jpg,zoom_translate,"{""shift_x_fraction"": 0.0278, ""shift_y_fraction"": -0.0232, ""zoom"": 1.0305}"
Foam-Heavy,root,Foam-Heavy/WIN_20260707_13_40_31_Pro.jpg,Foam-Heavy/augmented/small_rotation/root/WIN_20260707_13_40_31_Pro__small_rotation.jpg,small_rotation,"{""angle_degrees"": 6.4169}"
Foam-Heavy,root,Foam-Heavy/WIN_20260707_13_40_31_Pro.jpg,Foam-Heavy/augmented/horizontal_flip/root/WIN_20260707_13_40_31_Pro__horizontal_flip.jpg,horizontal_flip,{}
Foam-Heavy,root,Foam-Heavy/WIN_20260707_13_40_31_Pro.jpg,Foam-Heavy/augmented/brightness/root/WIN_20260707_13_40_31_Pro__brightness.jpg,brightness,"{""factor"": 0.9525}"
Foam-Heavy,root,Foam-Heavy/WIN_20260707_13_40_31_Pro.jpg,Foam-Heavy/augmented/contrast/root/WIN_20260707_13_40_31_Pro__contrast.jpg,contrast,"{""factor"": 1.0672}"
Foam-Heavy,root,Foam-Heavy/WIN_20260707_13_40_31_Pro.jpg,Foam-Heavy/augmented/saturation/root/WIN_20260707_13_40_31_Pro__saturation.jpg,saturation,"{""factor"": 1.0956}"
Foam-Heavy,root,Foam-Heavy/WIN_20260707_13_40_31_Pro.jpg,Foam-Heavy/augmented/zoom_translate/root/WIN_20260707_13_40_31_Pro__zoom_translate.jpg,zoom_translate,"{""shift_x_fraction"": -0.0181, ""shift_y_fraction"": 0.0209, ""zoom"": 1.0213}"
Foam-Heavy,root,Foam-Heavy/WIN_20260707_13_41_25_Pro.jpg,Foam-Heavy/augmented/small_rotation/root/WIN_20260707_13_41_25_Pro__small_rotation.jpg,small_rotation,"{""angle_degrees"": -3.8363}"
Foam-Heavy,root,Foam-Heavy/WIN_20260707_13_41_25_Pro.jpg,Foam-Heavy/augmented/horizontal_flip/root/WIN_20260707_13_41_25_Pro__horizontal_flip.jpg,horizontal_flip,{}
Foam-Heavy,root,Foam-Heavy/WIN_20260707_13_41_25_Pro.jpg,Foam-Heavy/augmented/brightness/root/WIN_20260707_13_41_25_Pro__brightness.jpg,brightness,"{""factor"": 0.8758}"
Foam-Heavy,root,Foam-Heavy/WIN_20260707_13_41_25_Pro.jpg,Foam-Heavy/augmented/contrast/root/WIN_20260707_13_41_25_Pro__contrast.jpg,contrast,"{""factor"": 1.0759}"
Foam-Heavy,root,Foam-Heavy/WIN_20260707_13_41_25_Pro.jpg,Foam-Heavy/augmented/saturation/root/WIN_20260707_13_41_25_Pro__saturation.jpg,saturation,"{""factor"": 1.0076}"
Foam-Heavy,root,Foam-Heavy/WIN_20260707_13_41_25_Pro.jpg,Foam-Heavy/augmented/zoom_translate/root/WIN_20260707_13_41_25_Pro__zoom_translate.jpg,zoom_translate,"{""shift_x_fraction"": 0.0244, ""shift_y_fraction"": 0.0312, ""zoom"": 1.0699}"
Foam-Heavy,root,Foam-Heavy/WIN_20260707_13_41_28_Pro.jpg,Foam-Heavy/augmented/small_rotation/root/WIN_20260707_13_41_28_Pro__small_rotation.jpg,small_rotation,"{""angle_degrees"": 6.819}"
Foam-Heavy,root,Foam-Heavy/WIN_20260707_13_41_28_Pro.jpg,Foam-Heavy/augmented/horizontal_flip/root/WIN_20260707_13_41_28_Pro__horizontal_flip.jpg,horizontal_flip,{}
Foam-Heavy,root,Foam-Heavy/WIN_20260707_13_41_28_Pro.jpg,Foam-Heavy/augmented/brightness/root/WIN_20260707_13_41_28_Pro__brightness.jpg,brightness,"{""factor"": 1.0675}"
Foam-Heavy,root,Foam-Heavy/WIN_20260707_13_41_28_Pro.jpg,Foam-Heavy/augmented/contrast/root/WIN_20260707_13_41_28_Pro__contrast.jpg,contrast,"{""factor"": 1.0631}"
Foam-Heavy,root,Foam-Heavy/WIN_20260707_13_41_28_Pro.jpg,Foam-Heavy/augmented/saturation/root/WIN_20260707_13_41_28_Pro__saturation.jpg,saturation,"{""factor"": 1.0324}"
Foam-Heavy,root,Foam-Heavy/WIN_20260707_13_41_28_Pro.jpg,Foam-Heavy/augmented/zoom_translate/root/WIN_20260707_13_41_28_Pro__zoom_translate.jpg,zoom_translate,"{""shift_x_fraction"": -0.0286, ""shift_y_fraction"": -0.0173, ""zoom"": 1.0604}"
Foam-Heavy,root,Foam-Heavy/WIN_20260707_13_41_30_Pro.jpg,Foam-Heavy/augmented/small_rotation/root/WIN_20260707_13_41_30_Pro__small_rotation.jpg,small_rotation,"{""angle_degrees"": -3.4406}"
Foam-Heavy,root,Foam-Heavy/WIN_20260707_13_41_30_Pro.jpg,Foam-Heavy/augmented/horizontal_flip/root/WIN_20260707_13_41_30_Pro__horizontal_flip.jpg,horizontal_flip,{}
Foam-Heavy,root,Foam-Heavy/WIN_20260707_13_41_30_Pro.jpg,Foam-Heavy/augmented/brightness/root/WIN_20260707_13_41_30_Pro__brightness.jpg,brightness,"{""factor"": 0.8517}"
Foam-Heavy,root,Foam-Heavy/WIN_20260707_13_41_30_Pro.jpg,Foam-Heavy/augmented/contrast/root/WIN_20260707_13_41_30_Pro__contrast.jpg,contrast,"{""factor"": 1.1393}"
Foam-Heavy,root,Foam-Heavy/WIN_20260707_13_41_30_Pro.jpg,Foam-Heavy/augmented/saturation/root/WIN_20260707_13_41_30_Pro__saturation.jpg,saturation,"{""factor"": 0.9943}"
Foam-Heavy,root,Foam-Heavy/WIN_20260707_13_41_30_Pro.jpg,Foam-Heavy/augmented/zoom_translate/root/WIN_20260707_13_41_30_Pro__zoom_translate.jpg,zoom_translate,"{""shift_x_fraction"": 0.02, ""shift_y_fraction"": 0.0307, ""zoom"": 1.0735}"
Foam-Heavy,root,Foam-Heavy/WIN_20260707_13_41_33_Pro.jpg,Foam-Heavy/augmented/small_rotation/root/WIN_20260707_13_41_33_Pro__small_rotation.jpg,small_rotation,"{""angle_degrees"": -4.2759}"
Foam-Heavy,root,Foam-Heavy/WIN_20260707_13_41_33_Pro.jpg,Foam-Heavy/augmented/horizontal_flip/root/WIN_20260707_13_41_33_Pro__horizontal_flip.jpg,horizontal_flip,{}
Foam-Heavy,root,Foam-Heavy/WIN_20260707_13_41_33_Pro.jpg,Foam-Heavy/augmented/brightness/root/WIN_20260707_13_41_33_Pro__brightness.jpg,brightness,"{""factor"": 1.1415}"
Foam-Heavy,root,Foam-Heavy/WIN_20260707_13_41_33_Pro.jpg,Foam-Heavy/augmented/contrast/root/WIN_20260707_13_41_33_Pro__contrast.jpg,contrast,"{""factor"": 1.077}"
Foam-Heavy,root,Foam-Heavy/WIN_20260707_13_41_33_Pro.jpg,Foam-Heavy/augmented/saturation/root/WIN_20260707_13_41_33_Pro__saturation.jpg,saturation,"{""factor"": 0.9642}"
Foam-Heavy,root,Foam-Heavy/WIN_20260707_13_41_33_Pro.jpg,Foam-Heavy/augmented/zoom_translate/root/WIN_20260707_13_41_33_Pro__zoom_translate.jpg,zoom_translate,"{""shift_x_fraction"": 0.0197, ""shift_y_fraction"": 0.0215, ""zoom"": 1.007}"
Foam-Heavy,root,Foam-Heavy/WIN_20260707_13_41_36_Pro.jpg,Foam-Heavy/augmented/small_rotation/root/WIN_20260707_13_41_36_Pro__small_rotation.jpg,small_rotation,"{""angle_degrees"": -5.5157}"
Foam-Heavy,root,Foam-Heavy/WIN_20260707_13_41_36_Pro.jpg,Foam-Heavy/augmented/horizontal_flip/root/WIN_20260707_13_41_36_Pro__horizontal_flip.jpg,horizontal_flip,{}
Foam-Heavy,root,Foam-Heavy/WIN_20260707_13_41_36_Pro.jpg,Foam-Heavy/augmented/brightness/root/WIN_20260707_13_41_36_Pro__brightness.jpg,brightness,"{""factor"": 0.8549}"
Foam-Heavy,root,Foam-Heavy/WIN_20260707_13_41_36_Pro.jpg,Foam-Heavy/augmented/contrast/root/WIN_20260707_13_41_36_Pro__contrast.jpg,contrast,"{""factor"": 0.9237}"
Foam-Heavy,root,Foam-Heavy/WIN_20260707_13_41_36_Pro.jpg,Foam-Heavy/augmented/saturation/root/WIN_20260707_13_41_36_Pro__saturation.jpg,saturation,"{""factor"": 0.9225}"
Foam-Heavy,root,Foam-Heavy/WIN_20260707_13_41_36_Pro.jpg,Foam-Heavy/augmented/zoom_translate/root/WIN_20260707_13_41_36_Pro__zoom_translate.jpg,zoom_translate,"{""shift_x_fraction"": -0.009, ""shift_y_fraction"": -0.0212, ""zoom"": 1.0641}"
Foam-Heavy,root,Foam-Heavy/WIN_20260707_13_41_38_Pro.jpg,Foam-Heavy/augmented/small_rotation/root/WIN_20260707_13_41_38_Pro__small_rotation.jpg,small_rotation,"{""angle_degrees"": -5.4733}"
Foam-Heavy,root,Foam-Heavy/WIN_20260707_13_41_38_Pro.jpg,Foam-Heavy/augmented/horizontal_flip/root/WIN_20260707_13_41_38_Pro__horizontal_flip.jpg,horizontal_flip,{}
Foam-Heavy,root,Foam-Heavy/WIN_20260707_13_41_38_Pro.jpg,Foam-Heavy/augmented/brightness/root/WIN_20260707_13_41_38_Pro__brightness.jpg,brightness,"{""factor"": 1.1066}"
Foam-Heavy,root,Foam-Heavy/WIN_20260707_13_41_38_Pro.jpg,Foam-Heavy/augmented/contrast/root/WIN_20260707_13_41_38_Pro__contrast.jpg,contrast,"{""factor"": 1.1075}"
Foam-Heavy,root,Foam-Heavy/WIN_20260707_13_41_38_Pro.jpg,Foam-Heavy/augmented/saturation/root/WIN_20260707_13_41_38_Pro__saturation.jpg,saturation,"{""factor"": 0.9956}"
Foam-Heavy,root,Foam-Heavy/WIN_20260707_13_41_38_Pro.jpg,Foam-Heavy/augmented/zoom_translate/root/WIN_20260707_13_41_38_Pro__zoom_translate.jpg,zoom_translate,"{""shift_x_fraction"": 0.01, ""shift_y_fraction"": 0.017, ""zoom"": 1.019}"
Foam-Heavy,root,Foam-Heavy/WIN_20260707_13_41_41_Pro.jpg,Foam-Heavy/augmented/small_rotation/root/WIN_20260707_13_41_41_Pro__small_rotation.jpg,small_rotation,"{""angle_degrees"": -4.171}"
Foam-Heavy,root,Foam-Heavy/WIN_20260707_13_41_41_Pro.jpg,Foam-Heavy/augmented/horizontal_flip/root/WIN_20260707_13_41_41_Pro__horizontal_flip.jpg,horizontal_flip,{}
Foam-Heavy,root,Foam-Heavy/WIN_20260707_13_41_41_Pro.jpg,Foam-Heavy/augmented/brightness/root/WIN_20260707_13_41_41_Pro__brightness.jpg,brightness,"{""factor"": 0.9785}"
Foam-Heavy,root,Foam-Heavy/WIN_20260707_13_41_41_Pro.jpg,Foam-Heavy/augmented/contrast/root/WIN_20260707_13_41_41_Pro__contrast.jpg,contrast,"{""factor"": 0.8784}"
Foam-Heavy,root,Foam-Heavy/WIN_20260707_13_41_41_Pro.jpg,Foam-Heavy/augmented/saturation/root/WIN_20260707_13_41_41_Pro__saturation.jpg,saturation,"{""factor"": 1.0367}"
Foam-Heavy,root,Foam-Heavy/WIN_20260707_13_41_41_Pro.jpg,Foam-Heavy/augmented/zoom_translate/root/WIN_20260707_13_41_41_Pro__zoom_translate.jpg,zoom_translate,"{""shift_x_fraction"": -0.0144, ""shift_y_fraction"": -0.0034, ""zoom"": 1.0639}"
Foam-Heavy,root,Foam-Heavy/WIN_20260707_13_41_43_Pro.jpg,Foam-Heavy/augmented/small_rotation/root/WIN_20260707_13_41_43_Pro__small_rotation.jpg,small_rotation,"{""angle_degrees"": 6.2238}"
Foam-Heavy,root,Foam-Heavy/WIN_20260707_13_41_43_Pro.jpg,Foam-Heavy/augmented/horizontal_flip/root/WIN_20260707_13_41_43_Pro__horizontal_flip.jpg,horizontal_flip,{}
Foam-Heavy,root,Foam-Heavy/WIN_20260707_13_41_43_Pro.jpg,Foam-Heavy/augmented/brightness/root/WIN_20260707_13_41_43_Pro__brightness.jpg,brightness,"{""factor"": 0.8517}"
Foam-Heavy,root,Foam-Heavy/WIN_20260707_13_41_43_Pro.jpg,Foam-Heavy/augmented/contrast/root/WIN_20260707_13_41_43_Pro__contrast.jpg,contrast,"{""factor"": 1.107}"
Foam-Heavy,root,Foam-Heavy/WIN_20260707_13_41_43_Pro.jpg,Foam-Heavy/augmented/saturation/root/WIN_20260707_13_41_43_Pro__saturation.jpg,saturation,"{""factor"": 0.9206}"
Foam-Heavy,root,Foam-Heavy/WIN_20260707_13_41_43_Pro.jpg,Foam-Heavy/augmented/zoom_translate/root/WIN_20260707_13_41_43_Pro__zoom_translate.jpg,zoom_translate,"{""shift_x_fraction"": -0.0192, ""shift_y_fraction"": -0.0321, ""zoom"": 1.0689}"
Foam-Heavy,root,Foam-Heavy/frame_0000.jpg,Foam-Heavy/augmented/small_rotation/root/frame_0000__small_rotation.jpg,small_rotation,"{""angle_degrees"": 1.8311}"
Foam-Heavy,root,Foam-Heavy/frame_0000.jpg,Foam-Heavy/augmented/horizontal_flip/root/frame_0000__horizontal_flip.jpg,horizontal_flip,{}
Foam-Heavy,root,Foam-Heavy/frame_0000.jpg,Foam-Heavy/augmented/brightness/root/frame_0000__brightness.jpg,brightness,"{""factor"": 0.9025}"
Foam-Heavy,root,Foam-Heavy/frame_0000.jpg,Foam-Heavy/augmented/contrast/root/frame_0000__contrast.jpg,contrast,"{""factor"": 1.0861}"
Foam-Heavy,root,Foam-Heavy/frame_0000.jpg,Foam-Heavy/augmented/saturation/root/frame_0000__saturation.jpg,saturation,"{""factor"": 0.9567}"
Foam-Heavy,root,Foam-Heavy/frame_0000.jpg,Foam-Heavy/augmented/zoom_translate/root/frame_0000__zoom_translate.jpg,zoom_translate,"{""shift_x_fraction"": -0.0037, ""shift_y_fraction"": 0.008, ""zoom"": 1.0428}"
Foam-Heavy,root,Foam-Heavy/frame_0001.jpg,Foam-Heavy/augmented/small_rotation/root/frame_0001__small_rotation.jpg,small_rotation,"{""angle_degrees"": -6.382}"
Foam-Heavy,root,Foam-Heavy/frame_0001.jpg,Foam-Heavy/augmented/horizontal_flip/root/frame_0001__horizontal_flip.jpg,horizontal_flip,{}
Foam-Heavy,root,Foam-Heavy/frame_0001.jpg,Foam-Heavy/augmented/brightness/root/frame_0001__brightness.jpg,brightness,"{""factor"": 0.8669}"
Foam-Heavy,root,Foam-Heavy/frame_0001.jpg,Foam-Heavy/augmented/contrast/root/frame_0001__contrast.jpg,contrast,"{""factor"": 1.0954}"
Foam-Heavy,root,Foam-Heavy/frame_0001.jpg,Foam-Heavy/augmented/saturation/root/frame_0001__saturation.jpg,saturation,"{""factor"": 0.9934}"
Foam-Heavy,root,Foam-Heavy/frame_0001.jpg,Foam-Heavy/augmented/zoom_translate/root/frame_0001__zoom_translate.jpg,zoom_translate,"{""shift_x_fraction"": 0.0266, ""shift_y_fraction"": -0.0099, ""zoom"": 1.0381}"
Foam-Heavy,root,Foam-Heavy/frame_0002.jpg,Foam-Heavy/augmented/small_rotation/root/frame_0002__small_rotation.jpg,small_rotation,"{""angle_degrees"": 4.7365}"
Foam-Heavy,root,Foam-Heavy/frame_0002.jpg,Foam-Heavy/augmented/horizontal_flip/root/frame_0002__horizontal_flip.jpg,horizontal_flip,{}
Foam-Heavy,root,Foam-Heavy/frame_0002.jpg,Foam-Heavy/augmented/brightness/root/frame_0002__brightness.jpg,brightness,"{""factor"": 1.0688}"
Foam-Heavy,root,Foam-Heavy/frame_0002.jpg,Foam-Heavy/augmented/contrast/root/frame_0002__contrast.jpg,contrast,"{""factor"": 1.1468}"
Foam-Heavy,root,Foam-Heavy/frame_0002.jpg,Foam-Heavy/augmented/saturation/root/frame_0002__saturation.jpg,saturation,"{""factor"": 0.9226}"
Foam-Heavy,root,Foam-Heavy/frame_0002.jpg,Foam-Heavy/augmented/zoom_translate/root/frame_0002__zoom_translate.jpg,zoom_translate,"{""shift_x_fraction"": -0.0083, ""shift_y_fraction"": -0.0138, ""zoom"": 1.0153}"
Foam-Heavy,root,Foam-Heavy/frame_0003.jpg,Foam-Heavy/augmented/small_rotation/root/frame_0003__small_rotation.jpg,small_rotation,"{""angle_degrees"": -0.8708}"
Foam-Heavy,root,Foam-Heavy/frame_0003.jpg,Foam-Heavy/augmented/horizontal_flip/root/frame_0003__horizontal_flip.jpg,horizontal_flip,{}
Foam-Heavy,root,Foam-Heavy/frame_0003.jpg,Foam-Heavy/augmented/brightness/root/frame_0003__brightness.jpg,brightness,"{""factor"": 0.8613}"
Foam-Heavy,root,Foam-Heavy/frame_0003.jpg,Foam-Heavy/augmented/contrast/root/frame_0003__contrast.jpg,contrast,"{""factor"": 1.0256}"
Foam-Heavy,root,Foam-Heavy/frame_0003.jpg,Foam-Heavy/augmented/saturation/root/frame_0003__saturation.jpg,saturation,"{""factor"": 0.9177}"
Foam-Heavy,root,Foam-Heavy/frame_0003.jpg,Foam-Heavy/augmented/zoom_translate/root/frame_0003__zoom_translate.jpg,zoom_translate,"{""shift_x_fraction"": -0.0242, ""shift_y_fraction"": 0.0003, ""zoom"": 1.0371}"
Foam-Heavy,root,Foam-Heavy/frame_0004.jpg,Foam-Heavy/augmented/small_rotation/root/frame_0004__small_rotation.jpg,small_rotation,"{""angle_degrees"": 1.3441}"
Foam-Heavy,root,Foam-Heavy/frame_0004.jpg,Foam-Heavy/augmented/horizontal_flip/root/frame_0004__horizontal_flip.jpg,horizontal_flip,{}
Foam-Heavy,root,Foam-Heavy/frame_0004.jpg,Foam-Heavy/augmented/brightness/root/frame_0004__brightness.jpg,brightness,"{""factor"": 1.0012}"
Foam-Heavy,root,Foam-Heavy/frame_0004.jpg,Foam-Heavy/augmented/contrast/root/frame_0004__contrast.jpg,contrast,"{""factor"": 1.0281}"
Foam-Heavy,root,Foam-Heavy/frame_0004.jpg,Foam-Heavy/augmented/saturation/root/frame_0004__saturation.jpg,saturation,"{""factor"": 0.9561}"
Foam-Heavy,root,Foam-Heavy/frame_0004.jpg,Foam-Heavy/augmented/zoom_translate/root/frame_0004__zoom_translate.jpg,zoom_translate,"{""shift_x_fraction"": -0.0187, ""shift_y_fraction"": 0.0085, ""zoom"": 1.0412}"
Foam-Heavy,root,Foam-Heavy/frame_0005.jpg,Foam-Heavy/augmented/small_rotation/root/frame_0005__small_rotation.jpg,small_rotation,"{""angle_degrees"": -0.0249}"
Foam-Heavy,root,Foam-Heavy/frame_0005.jpg,Foam-Heavy/augmented/horizontal_flip/root/frame_0005__horizontal_flip.jpg,horizontal_flip,{}
Foam-Heavy,root,Foam-Heavy/frame_0005.jpg,Foam-Heavy/augmented/brightness/root/frame_0005__brightness.jpg,brightness,"{""factor"": 1.1458}"
Foam-Heavy,root,Foam-Heavy/frame_0005.jpg,Foam-Heavy/augmented/contrast/root/frame_0005__contrast.jpg,contrast,"{""factor"": 0.9955}"
Foam-Heavy,root,Foam-Heavy/frame_0005.jpg,Foam-Heavy/augmented/saturation/root/frame_0005__saturation.jpg,saturation,"{""factor"": 1.0918}"
Foam-Heavy,root,Foam-Heavy/frame_0005.jpg,Foam-Heavy/augmented/zoom_translate/root/frame_0005__zoom_translate.jpg,zoom_translate,"{""shift_x_fraction"": 0.0044, ""shift_y_fraction"": 0.0338, ""zoom"": 1.0173}"
Foam-Heavy,root,Foam-Heavy/frame_0006.jpg,Foam-Heavy/augmented/small_rotation/root/frame_0006__small_rotation.jpg,small_rotation,"{""angle_degrees"": 2.3323}"
Foam-Heavy,root,Foam-Heavy/frame_0006.jpg,Foam-Heavy/augmented/horizontal_flip/root/frame_0006__horizontal_flip.jpg,horizontal_flip,{}
Foam-Heavy,root,Foam-Heavy/frame_0006.jpg,Foam-Heavy/augmented/brightness/root/frame_0006__brightness.jpg,brightness,"{""factor"": 1.1138}"
Foam-Heavy,root,Foam-Heavy/frame_0006.jpg,Foam-Heavy/augmented/contrast/root/frame_0006__contrast.jpg,contrast,"{""factor"": 0.8519}"
Foam-Heavy,root,Foam-Heavy/frame_0006.jpg,Foam-Heavy/augmented/saturation/root/frame_0006__saturation.jpg,saturation,"{""factor"": 0.9561}"
Foam-Heavy,root,Foam-Heavy/frame_0006.jpg,Foam-Heavy/augmented/zoom_translate/root/frame_0006__zoom_translate.jpg,zoom_translate,"{""shift_x_fraction"": -0.0199, ""shift_y_fraction"": 0.005, ""zoom"": 1.0046}"
Foam-Heavy,root,Foam-Heavy/frame_0007.jpg,Foam-Heavy/augmented/small_rotation/root/frame_0007__small_rotation.jpg,small_rotation,"{""angle_degrees"": 7.1826}"
Foam-Heavy,root,Foam-Heavy/frame_0007.jpg,Foam-Heavy/augmented/horizontal_flip/root/frame_0007__horizontal_flip.jpg,horizontal_flip,{}
Foam-Heavy,root,Foam-Heavy/frame_0007.jpg,Foam-Heavy/augmented/brightness/root/frame_0007__brightness.jpg,brightness,"{""factor"": 0.9378}"
Foam-Heavy,root,Foam-Heavy/frame_0007.jpg,Foam-Heavy/augmented/contrast/root/frame_0007__contrast.jpg,contrast,"{""factor"": 1.1017}"
Foam-Heavy,root,Foam-Heavy/frame_0007.jpg,Foam-Heavy/augmented/saturation/root/frame_0007__saturation.jpg,saturation,"{""factor"": 0.9951}"
Foam-Heavy,root,Foam-Heavy/frame_0007.jpg,Foam-Heavy/augmented/zoom_translate/root/frame_0007__zoom_translate.jpg,zoom_translate,"{""shift_x_fraction"": -0.0088, ""shift_y_fraction"": 0.0314, ""zoom"": 1.0113}"
Foam-Heavy,root,Foam-Heavy/frame_0008.jpg,Foam-Heavy/augmented/small_rotation/root/frame_0008__small_rotation.jpg,small_rotation,"{""angle_degrees"": 1.5372}"
Foam-Heavy,root,Foam-Heavy/frame_0008.jpg,Foam-Heavy/augmented/horizontal_flip/root/frame_0008__horizontal_flip.jpg,horizontal_flip,{}
Foam-Heavy,root,Foam-Heavy/frame_0008.jpg,Foam-Heavy/augmented/brightness/root/frame_0008__brightness.jpg,brightness,"{""factor"": 1.0779}"
Foam-Heavy,root,Foam-Heavy/frame_0008.jpg,Foam-Heavy/augmented/contrast/root/frame_0008__contrast.jpg,contrast,"{""factor"": 0.9727}"
Foam-Heavy,root,Foam-Heavy/frame_0008.jpg,Foam-Heavy/augmented/saturation/root/frame_0008__saturation.jpg,saturation,"{""factor"": 0.9013}"
Foam-Heavy,root,Foam-Heavy/frame_0008.jpg,Foam-Heavy/augmented/zoom_translate/root/frame_0008__zoom_translate.jpg,zoom_translate,"{""shift_x_fraction"": 0.0129, ""shift_y_fraction"": 0.0286, ""zoom"": 1.0056}"
Foam-Heavy,root,Foam-Heavy/frame_0009.jpg,Foam-Heavy/augmented/small_rotation/root/frame_0009__small_rotation.jpg,small_rotation,"{""angle_degrees"": 7.2779}"
Foam-Heavy,root,Foam-Heavy/frame_0009.jpg,Foam-Heavy/augmented/horizontal_flip/root/frame_0009__horizontal_flip.jpg,horizontal_flip,{}
Foam-Heavy,root,Foam-Heavy/frame_0009.jpg,Foam-Heavy/augmented/brightness/root/frame_0009__brightness.jpg,brightness,"{""factor"": 1.0109}"
Foam-Heavy,root,Foam-Heavy/frame_0009.jpg,Foam-Heavy/augmented/contrast/root/frame_0009__contrast.jpg,contrast,"{""factor"": 1.1465}"
Foam-Heavy,root,Foam-Heavy/frame_0009.jpg,Foam-Heavy/augmented/saturation/root/frame_0009__saturation.jpg,saturation,"{""factor"": 1.0109}"
Foam-Heavy,root,Foam-Heavy/frame_0009.jpg,Foam-Heavy/augmented/zoom_translate/root/frame_0009__zoom_translate.jpg,zoom_translate,"{""shift_x_fraction"": 0.0145, ""shift_y_fraction"": 0.0278, ""zoom"": 1.0109}"
Foam-Heavy,root,Foam-Heavy/frame_0010.jpg,Foam-Heavy/augmented/small_rotation/root/frame_0010__small_rotation.jpg,small_rotation,"{""angle_degrees"": 3.2888}"
Foam-Heavy,root,Foam-Heavy/frame_0010.jpg,Foam-Heavy/augmented/horizontal_flip/root/frame_0010__horizontal_flip.jpg,horizontal_flip,{}
Foam-Heavy,root,Foam-Heavy/frame_0010.jpg,Foam-Heavy/augmented/brightness/root/frame_0010__brightness.jpg,brightness,"{""factor"": 1.0734}"
Foam-Heavy,root,Foam-Heavy/frame_0010.jpg,Foam-Heavy/augmented/contrast/root/frame_0010__contrast.jpg,contrast,"{""factor"": 1.0689}"
Foam-Heavy,root,Foam-Heavy/frame_0010.jpg,Foam-Heavy/augmented/saturation/root/frame_0010__saturation.jpg,saturation,"{""factor"": 0.9063}"
Foam-Heavy,root,Foam-Heavy/frame_0010.jpg,Foam-Heavy/augmented/zoom_translate/root/frame_0010__zoom_translate.jpg,zoom_translate,"{""shift_x_fraction"": -0.0298, ""shift_y_fraction"": -0.0238, ""zoom"": 1.0511}"
Foam-Heavy,root,Foam-Heavy/frame_0011.jpg,Foam-Heavy/augmented/small_rotation/root/frame_0011__small_rotation.jpg,small_rotation,"{""angle_degrees"": 2.8411}"
Foam-Heavy,root,Foam-Heavy/frame_0011.jpg,Foam-Heavy/augmented/horizontal_flip/root/frame_0011__horizontal_flip.jpg,horizontal_flip,{}
Foam-Heavy,root,Foam-Heavy/frame_0011.jpg,Foam-Heavy/augmented/brightness/root/frame_0011__brightness.jpg,brightness,"{""factor"": 0.9926}"
Foam-Heavy,root,Foam-Heavy/frame_0011.jpg,Foam-Heavy/augmented/contrast/root/frame_0011__contrast.jpg,contrast,"{""factor"": 0.8918}"
Foam-Heavy,root,Foam-Heavy/frame_0011.jpg,Foam-Heavy/augmented/saturation/root/frame_0011__saturation.jpg,saturation,"{""factor"": 0.9261}"
Foam-Heavy,root,Foam-Heavy/frame_0011.jpg,Foam-Heavy/augmented/zoom_translate/root/frame_0011__zoom_translate.jpg,zoom_translate,"{""shift_x_fraction"": -0.0282, ""shift_y_fraction"": -0.0189, ""zoom"": 1.011}"
Foam-Heavy,root,Foam-Heavy/frame_0012.jpg,Foam-Heavy/augmented/small_rotation/root/frame_0012__small_rotation.jpg,small_rotation,"{""angle_degrees"": -4.3385}"
Foam-Heavy,root,Foam-Heavy/frame_0012.jpg,Foam-Heavy/augmented/horizontal_flip/root/frame_0012__horizontal_flip.jpg,horizontal_flip,{}
Foam-Heavy,root,Foam-Heavy/frame_0012.jpg,Foam-Heavy/augmented/brightness/root/frame_0012__brightness.jpg,brightness,"{""factor"": 0.8992}"
Foam-Heavy,root,Foam-Heavy/frame_0012.jpg,Foam-Heavy/augmented/contrast/root/frame_0012__contrast.jpg,contrast,"{""factor"": 0.9654}"
Foam-Heavy,root,Foam-Heavy/frame_0012.jpg,Foam-Heavy/augmented/saturation/root/frame_0012__saturation.jpg,saturation,"{""factor"": 0.9325}"
Foam-Heavy,root,Foam-Heavy/frame_0012.jpg,Foam-Heavy/augmented/zoom_translate/root/frame_0012__zoom_translate.jpg,zoom_translate,"{""shift_x_fraction"": -0.0063, ""shift_y_fraction"": -0.0157, ""zoom"": 1.0393}"
Foam-Heavy,root,Foam-Heavy/frame_0013.jpg,Foam-Heavy/augmented/small_rotation/root/frame_0013__small_rotation.jpg,small_rotation,"{""angle_degrees"": -1.1252}"
Foam-Heavy,root,Foam-Heavy/frame_0013.jpg,Foam-Heavy/augmented/horizontal_flip/root/frame_0013__horizontal_flip.jpg,horizontal_flip,{}
Foam-Heavy,root,Foam-Heavy/frame_0013.jpg,Foam-Heavy/augmented/brightness/root/frame_0013__brightness.jpg,brightness,"{""factor"": 1.1242}"
Foam-Heavy,root,Foam-Heavy/frame_0013.jpg,Foam-Heavy/augmented/contrast/root/frame_0013__contrast.jpg,contrast,"{""factor"": 0.9055}"
Foam-Heavy,root,Foam-Heavy/frame_0013.jpg,Foam-Heavy/augmented/saturation/root/frame_0013__saturation.jpg,saturation,"{""factor"": 0.9679}"
Foam-Heavy,root,Foam-Heavy/frame_0013.jpg,Foam-Heavy/augmented/zoom_translate/root/frame_0013__zoom_translate.jpg,zoom_translate,"{""shift_x_fraction"": 0.0301, ""shift_y_fraction"": 0.0081, ""zoom"": 1.024}"
Foam-Heavy,root,Foam-Heavy/frame_0014.jpg,Foam-Heavy/augmented/small_rotation/root/frame_0014__small_rotation.jpg,small_rotation,"{""angle_degrees"": 6.7289}"
Foam-Heavy,root,Foam-Heavy/frame_0014.jpg,Foam-Heavy/augmented/horizontal_flip/root/frame_0014__horizontal_flip.jpg,horizontal_flip,{}
Foam-Heavy,root,Foam-Heavy/frame_0014.jpg,Foam-Heavy/augmented/brightness/root/frame_0014__brightness.jpg,brightness,"{""factor"": 0.9546}"
Foam-Heavy,root,Foam-Heavy/frame_0014.jpg,Foam-Heavy/augmented/contrast/root/frame_0014__contrast.jpg,contrast,"{""factor"": 1.1045}"
Foam-Heavy,root,Foam-Heavy/frame_0014.jpg,Foam-Heavy/augmented/saturation/root/frame_0014__saturation.jpg,saturation,"{""factor"": 0.9802}"
Foam-Heavy,root,Foam-Heavy/frame_0014.jpg,Foam-Heavy/augmented/zoom_translate/root/frame_0014__zoom_translate.jpg,zoom_translate,"{""shift_x_fraction"": 0.0341, ""shift_y_fraction"": 0.0276, ""zoom"": 1.034}"
Foam-Heavy,root,Foam-Heavy/frame_0015.jpg,Foam-Heavy/augmented/small_rotation/root/frame_0015__small_rotation.jpg,small_rotation,"{""angle_degrees"": 1.056}"
Foam-Heavy,root,Foam-Heavy/frame_0015.jpg,Foam-Heavy/augmented/horizontal_flip/root/frame_0015__horizontal_flip.jpg,horizontal_flip,{}
Foam-Heavy,root,Foam-Heavy/frame_0015.jpg,Foam-Heavy/augmented/brightness/root/frame_0015__brightness.jpg,brightness,"{""factor"": 0.8964}"
Foam-Heavy,root,Foam-Heavy/frame_0015.jpg,Foam-Heavy/augmented/contrast/root/frame_0015__contrast.jpg,contrast,"{""factor"": 0.8728}"
Foam-Heavy,root,Foam-Heavy/frame_0015.jpg,Foam-Heavy/augmented/saturation/root/frame_0015__saturation.jpg,saturation,"{""factor"": 1.0233}"
Foam-Heavy,root,Foam-Heavy/frame_0015.jpg,Foam-Heavy/augmented/zoom_translate/root/frame_0015__zoom_translate.jpg,zoom_translate,"{""shift_x_fraction"": -0.0328, ""shift_y_fraction"": -0.0163, ""zoom"": 1.0282}"
Foam-Heavy,root,Foam-Heavy/frame_0016.jpg,Foam-Heavy/augmented/small_rotation/root/frame_0016__small_rotation.jpg,small_rotation,"{""angle_degrees"": 7.5551}"
Foam-Heavy,root,Foam-Heavy/frame_0016.jpg,Foam-Heavy/augmented/horizontal_flip/root/frame_0016__horizontal_flip.jpg,horizontal_flip,{}
Foam-Heavy,root,Foam-Heavy/frame_0016.jpg,Foam-Heavy/augmented/brightness/root/frame_0016__brightness.jpg,brightness,"{""factor"": 1.0384}"
Foam-Heavy,root,Foam-Heavy/frame_0016.jpg,Foam-Heavy/augmented/contrast/root/frame_0016__contrast.jpg,contrast,"{""factor"": 1.0272}"
Foam-Heavy,root,Foam-Heavy/frame_0016.jpg,Foam-Heavy/augmented/saturation/root/frame_0016__saturation.jpg,saturation,"{""factor"": 1.0599}"
Foam-Heavy,root,Foam-Heavy/frame_0016.jpg,Foam-Heavy/augmented/zoom_translate/root/frame_0016__zoom_translate.jpg,zoom_translate,"{""shift_x_fraction"": -0.0043, ""shift_y_fraction"": 0.0314, ""zoom"": 1.0406}"
Foam-Heavy,root,Foam-Heavy/frame_0017.jpg,Foam-Heavy/augmented/small_rotation/root/frame_0017__small_rotation.jpg,small_rotation,"{""angle_degrees"": 1.5372}"
Foam-Heavy,root,Foam-Heavy/frame_0017.jpg,Foam-Heavy/augmented/horizontal_flip/root/frame_0017__horizontal_flip.jpg,horizontal_flip,{}
Foam-Heavy,root,Foam-Heavy/frame_0017.jpg,Foam-Heavy/augmented/brightness/root/frame_0017__brightness.jpg,brightness,"{""factor"": 0.9052}"
Foam-Heavy,root,Foam-Heavy/frame_0017.jpg,Foam-Heavy/augmented/contrast/root/frame_0017__contrast.jpg,contrast,"{""factor"": 1.0019}"
Foam-Heavy,root,Foam-Heavy/frame_0017.jpg,Foam-Heavy/augmented/saturation/root/frame_0017__saturation.jpg,saturation,"{""factor"": 1.0525}"
Foam-Heavy,root,Foam-Heavy/frame_0017.jpg,Foam-Heavy/augmented/zoom_translate/root/frame_0017__zoom_translate.jpg,zoom_translate,"{""shift_x_fraction"": 0.0065, ""shift_y_fraction"": 0.0211, ""zoom"": 1.043}"
Foam-Heavy,root,Foam-Heavy/frame_0018.jpg,Foam-Heavy/augmented/small_rotation/root/frame_0018__small_rotation.jpg,small_rotation,"{""angle_degrees"": 1.5454}"
Foam-Heavy,root,Foam-Heavy/frame_0018.jpg,Foam-Heavy/augmented/horizontal_flip/root/frame_0018__horizontal_flip.jpg,horizontal_flip,{}
Foam-Heavy,root,Foam-Heavy/frame_0018.jpg,Foam-Heavy/augmented/brightness/root/frame_0018__brightness.jpg,brightness,"{""factor"": 1.1242}"
Foam-Heavy,root,Foam-Heavy/frame_0018.jpg,Foam-Heavy/augmented/contrast/root/frame_0018__contrast.jpg,contrast,"{""factor"": 1.1034}"
Foam-Heavy,root,Foam-Heavy/frame_0018.jpg,Foam-Heavy/augmented/saturation/root/frame_0018__saturation.jpg,saturation,"{""factor"": 0.9415}"
Foam-Heavy,root,Foam-Heavy/frame_0018.jpg,Foam-Heavy/augmented/zoom_translate/root/frame_0018__zoom_translate.jpg,zoom_translate,"{""shift_x_fraction"": 0.0249, ""shift_y_fraction"": 0.0118, ""zoom"": 1.0606}"
Foam-Heavy,root,Foam-Heavy/frame_0019.jpg,Foam-Heavy/augmented/small_rotation/root/frame_0019__small_rotation.jpg,small_rotation,"{""angle_degrees"": 7.8905}"
Foam-Heavy,root,Foam-Heavy/frame_0019.jpg,Foam-Heavy/augmented/horizontal_flip/root/frame_0019__horizontal_flip.jpg,horizontal_flip,{}
Foam-Heavy,root,Foam-Heavy/frame_0019.jpg,Foam-Heavy/augmented/brightness/root/frame_0019__brightness.jpg,brightness,"{""factor"": 1.0562}"
Foam-Heavy,root,Foam-Heavy/frame_0019.jpg,Foam-Heavy/augmented/contrast/root/frame_0019__contrast.jpg,contrast,"{""factor"": 1.0921}"
Foam-Heavy,root,Foam-Heavy/frame_0019.jpg,Foam-Heavy/augmented/saturation/root/frame_0019__saturation.jpg,saturation,"{""factor"": 1.0213}"
Foam-Heavy,root,Foam-Heavy/frame_0019.jpg,Foam-Heavy/augmented/zoom_translate/root/frame_0019__zoom_translate.jpg,zoom_translate,"{""shift_x_fraction"": -0.0193, ""shift_y_fraction"": -0.0112, ""zoom"": 1.009}"
Foam-Heavy,root,Foam-Heavy/frame_0020.jpg,Foam-Heavy/augmented/small_rotation/root/frame_0020__small_rotation.jpg,small_rotation,"{""angle_degrees"": 6.8796}"
Foam-Heavy,root,Foam-Heavy/frame_0020.jpg,Foam-Heavy/augmented/horizontal_flip/root/frame_0020__horizontal_flip.jpg,horizontal_flip,{}
Foam-Heavy,root,Foam-Heavy/frame_0020.jpg,Foam-Heavy/augmented/brightness/root/frame_0020__brightness.jpg,brightness,"{""factor"": 1.0337}"
Foam-Heavy,root,Foam-Heavy/frame_0020.jpg,Foam-Heavy/augmented/contrast/root/frame_0020__contrast.jpg,contrast,"{""factor"": 0.8856}"
Foam-Heavy,root,Foam-Heavy/frame_0020.jpg,Foam-Heavy/augmented/saturation/root/frame_0020__saturation.jpg,saturation,"{""factor"": 1.055}"
Foam-Heavy,root,Foam-Heavy/frame_0020.jpg,Foam-Heavy/augmented/zoom_translate/root/frame_0020__zoom_translate.jpg,zoom_translate,"{""shift_x_fraction"": -0.0344, ""shift_y_fraction"": -0.0349, ""zoom"": 1.0336}"
Foam-Heavy,root,Foam-Heavy/frame_0021.jpg,Foam-Heavy/augmented/small_rotation/root/frame_0021__small_rotation.jpg,small_rotation,"{""angle_degrees"": 5.4972}"
Foam-Heavy,root,Foam-Heavy/frame_0021.jpg,Foam-Heavy/augmented/horizontal_flip/root/frame_0021__horizontal_flip.jpg,horizontal_flip,{}
Foam-Heavy,root,Foam-Heavy/frame_0021.jpg,Foam-Heavy/augmented/brightness/root/frame_0021__brightness.jpg,brightness,"{""factor"": 1.0421}"
Foam-Heavy,root,Foam-Heavy/frame_0021.jpg,Foam-Heavy/augmented/contrast/root/frame_0021__contrast.jpg,contrast,"{""factor"": 0.8692}"
Foam-Heavy,root,Foam-Heavy/frame_0021.jpg,Foam-Heavy/augmented/saturation/root/frame_0021__saturation.jpg,saturation,"{""factor"": 0.9773}"
Foam-Heavy,root,Foam-Heavy/frame_0021.jpg,Foam-Heavy/augmented/zoom_translate/root/frame_0021__zoom_translate.jpg,zoom_translate,"{""shift_x_fraction"": 0.0177, ""shift_y_fraction"": 0.0315, ""zoom"": 1.0044}"
Foam-Heavy,root,Foam-Heavy/frame_0022.jpg,Foam-Heavy/augmented/small_rotation/root/frame_0022__small_rotation.jpg,small_rotation,"{""angle_degrees"": -7.7559}"
Foam-Heavy,root,Foam-Heavy/frame_0022.jpg,Foam-Heavy/augmented/horizontal_flip/root/frame_0022__horizontal_flip.jpg,horizontal_flip,{}
Foam-Heavy,root,Foam-Heavy/frame_0022.jpg,Foam-Heavy/augmented/brightness/root/frame_0022__brightness.jpg,brightness,"{""factor"": 0.9074}"
Foam-Heavy,root,Foam-Heavy/frame_0022.jpg,Foam-Heavy/augmented/contrast/root/frame_0022__contrast.jpg,contrast,"{""factor"": 0.8791}"
Foam-Heavy,root,Foam-Heavy/frame_0022.jpg,Foam-Heavy/augmented/saturation/root/frame_0022__saturation.jpg,saturation,"{""factor"": 0.9416}"
Foam-Heavy,root,Foam-Heavy/frame_0022.jpg,Foam-Heavy/augmented/zoom_translate/root/frame_0022__zoom_translate.jpg,zoom_translate,"{""shift_x_fraction"": -0.0339, ""shift_y_fraction"": -0.024, ""zoom"": 1.0048}"
Foam-Heavy,root,Foam-Heavy/frame_0023.jpg,Foam-Heavy/augmented/small_rotation/root/frame_0023__small_rotation.jpg,small_rotation,"{""angle_degrees"": 1.2732}"
Foam-Heavy,root,Foam-Heavy/frame_0023.jpg,Foam-Heavy/augmented/horizontal_flip/root/frame_0023__horizontal_flip.jpg,horizontal_flip,{}
Foam-Heavy,root,Foam-Heavy/frame_0023.jpg,Foam-Heavy/augmented/brightness/root/frame_0023__brightness.jpg,brightness,"{""factor"": 0.8837}"
Foam-Heavy,root,Foam-Heavy/frame_0023.jpg,Foam-Heavy/augmented/contrast/root/frame_0023__contrast.jpg,contrast,"{""factor"": 0.9125}"
Foam-Heavy,root,Foam-Heavy/frame_0023.jpg,Foam-Heavy/augmented/saturation/root/frame_0023__saturation.jpg,saturation,"{""factor"": 0.9047}"
Foam-Heavy,root,Foam-Heavy/frame_0023.jpg,Foam-Heavy/augmented/zoom_translate/root/frame_0023__zoom_translate.jpg,zoom_translate,"{""shift_x_fraction"": 0.011, ""shift_y_fraction"": 0.0029, ""zoom"": 1.0754}"
Foam-Heavy,root,Foam-Heavy/frame_0024.jpg,Foam-Heavy/augmented/small_rotation/root/frame_0024__small_rotation.jpg,small_rotation,"{""angle_degrees"": -2.784}"
Foam-Heavy,root,Foam-Heavy/frame_0024.jpg,Foam-Heavy/augmented/horizontal_flip/root/frame_0024__horizontal_flip.jpg,horizontal_flip,{}
Foam-Heavy,root,Foam-Heavy/frame_0024.jpg,Foam-Heavy/augmented/brightness/root/frame_0024__brightness.jpg,brightness,"{""factor"": 0.8808}"
Foam-Heavy,root,Foam-Heavy/frame_0024.jpg,Foam-Heavy/augmented/contrast/root/frame_0024__contrast.jpg,contrast,"{""factor"": 1.118}"
Foam-Heavy,root,Foam-Heavy/frame_0024.jpg,Foam-Heavy/augmented/saturation/root/frame_0024__saturation.jpg,saturation,"{""factor"": 1.0622}"
Foam-Heavy,root,Foam-Heavy/frame_0024.jpg,Foam-Heavy/augmented/zoom_translate/root/frame_0024__zoom_translate.jpg,zoom_translate,"{""shift_x_fraction"": -0.0034, ""shift_y_fraction"": 0.0234, ""zoom"": 1.0229}"
Foam-Heavy,root,Foam-Heavy/frame_0025.jpg,Foam-Heavy/augmented/small_rotation/root/frame_0025__small_rotation.jpg,small_rotation,"{""angle_degrees"": 3.5166}"
Foam-Heavy,root,Foam-Heavy/frame_0025.jpg,Foam-Heavy/augmented/horizontal_flip/root/frame_0025__horizontal_flip.jpg,horizontal_flip,{}
Foam-Heavy,root,Foam-Heavy/frame_0025.jpg,Foam-Heavy/augmented/brightness/root/frame_0025__brightness.jpg,brightness,"{""factor"": 0.9946}"
Foam-Heavy,root,Foam-Heavy/frame_0025.jpg,Foam-Heavy/augmented/contrast/root/frame_0025__contrast.jpg,contrast,"{""factor"": 1.124}"
Foam-Heavy,root,Foam-Heavy/frame_0025.jpg,Foam-Heavy/augmented/saturation/root/frame_0025__saturation.jpg,saturation,"{""factor"": 1.0368}"
Foam-Heavy,root,Foam-Heavy/frame_0025.jpg,Foam-Heavy/augmented/zoom_translate/root/frame_0025__zoom_translate.jpg,zoom_translate,"{""shift_x_fraction"": 0.0108, ""shift_y_fraction"": -0.0133, ""zoom"": 1.0436}"
Foam-Heavy,root,Foam-Heavy/frame_0026.jpg,Foam-Heavy/augmented/small_rotation/root/frame_0026__small_rotation.jpg,small_rotation,"{""angle_degrees"": -7.4494}"
Foam-Heavy,root,Foam-Heavy/frame_0026.jpg,Foam-Heavy/augmented/horizontal_flip/root/frame_0026__horizontal_flip.jpg,horizontal_flip,{}
Foam-Heavy,root,Foam-Heavy/frame_0026.jpg,Foam-Heavy/augmented/brightness/root/frame_0026__brightness.jpg,brightness,"{""factor"": 1.0495}"
Foam-Heavy,root,Foam-Heavy/frame_0026.jpg,Foam-Heavy/augmented/contrast/root/frame_0026__contrast.jpg,contrast,"{""factor"": 0.9368}"
Foam-Heavy,root,Foam-Heavy/frame_0026.jpg,Foam-Heavy/augmented/saturation/root/frame_0026__saturation.jpg,saturation,"{""factor"": 1.0928}"
Foam-Heavy,root,Foam-Heavy/frame_0026.jpg,Foam-Heavy/augmented/zoom_translate/root/frame_0026__zoom_translate.jpg,zoom_translate,"{""shift_x_fraction"": 0.002, ""shift_y_fraction"": 0.0322, ""zoom"": 1.0011}"
Foam-Heavy,root,Foam-Heavy/frame_0027.jpg,Foam-Heavy/augmented/small_rotation/root/frame_0027__small_rotation.jpg,small_rotation,"{""angle_degrees"": -4.5828}"
Foam-Heavy,root,Foam-Heavy/frame_0027.jpg,Foam-Heavy/augmented/horizontal_flip/root/frame_0027__horizontal_flip.jpg,horizontal_flip,{}
Foam-Heavy,root,Foam-Heavy/frame_0027.jpg,Foam-Heavy/augmented/brightness/root/frame_0027__brightness.jpg,brightness,"{""factor"": 0.8873}"
Foam-Heavy,root,Foam-Heavy/frame_0027.jpg,Foam-Heavy/augmented/contrast/root/frame_0027__contrast.jpg,contrast,"{""factor"": 0.9886}"
Foam-Heavy,root,Foam-Heavy/frame_0027.jpg,Foam-Heavy/augmented/saturation/root/frame_0027__saturation.jpg,saturation,"{""factor"": 1.0755}"
Foam-Heavy,root,Foam-Heavy/frame_0027.jpg,Foam-Heavy/augmented/zoom_translate/root/frame_0027__zoom_translate.jpg,zoom_translate,"{""shift_x_fraction"": 0.0052, ""shift_y_fraction"": 0.0014, ""zoom"": 1.0147}"
Foam-Heavy,root,Foam-Heavy/frame_0028.jpg,Foam-Heavy/augmented/small_rotation/root/frame_0028__small_rotation.jpg,small_rotation,"{""angle_degrees"": -4.6554}"
Foam-Heavy,root,Foam-Heavy/frame_0028.jpg,Foam-Heavy/augmented/horizontal_flip/root/frame_0028__horizontal_flip.jpg,horizontal_flip,{}
Foam-Heavy,root,Foam-Heavy/frame_0028.jpg,Foam-Heavy/augmented/brightness/root/frame_0028__brightness.jpg,brightness,"{""factor"": 1.0338}"
Foam-Heavy,root,Foam-Heavy/frame_0028.jpg,Foam-Heavy/augmented/contrast/root/frame_0028__contrast.jpg,contrast,"{""factor"": 0.8701}"
Foam-Heavy,root,Foam-Heavy/frame_0028.jpg,Foam-Heavy/augmented/saturation/root/frame_0028__saturation.jpg,saturation,"{""factor"": 0.9312}"
Foam-Heavy,root,Foam-Heavy/frame_0028.jpg,Foam-Heavy/augmented/zoom_translate/root/frame_0028__zoom_translate.jpg,zoom_translate,"{""shift_x_fraction"": -0.0307, ""shift_y_fraction"": 0.0279, ""zoom"": 1.0654}"
Foam-Heavy,root,Foam-Heavy/frame_0029.jpg,Foam-Heavy/augmented/small_rotation/root/frame_0029__small_rotation.jpg,small_rotation,"{""angle_degrees"": -5.9775}"
Foam-Heavy,root,Foam-Heavy/frame_0029.jpg,Foam-Heavy/augmented/horizontal_flip/root/frame_0029__horizontal_flip.jpg,horizontal_flip,{}
Foam-Heavy,root,Foam-Heavy/frame_0029.jpg,Foam-Heavy/augmented/brightness/root/frame_0029__brightness.jpg,brightness,"{""factor"": 0.9828}"
Foam-Heavy,root,Foam-Heavy/frame_0029.jpg,Foam-Heavy/augmented/contrast/root/frame_0029__contrast.jpg,contrast,"{""factor"": 0.9502}"
Foam-Heavy,root,Foam-Heavy/frame_0029.jpg,Foam-Heavy/augmented/saturation/root/frame_0029__saturation.jpg,saturation,"{""factor"": 1.0371}"
Foam-Heavy,root,Foam-Heavy/frame_0029.jpg,Foam-Heavy/augmented/zoom_translate/root/frame_0029__zoom_translate.jpg,zoom_translate,"{""shift_x_fraction"": 0.0315, ""shift_y_fraction"": 0.0148, ""zoom"": 1.0384}"
Foam-Heavy,root,Foam-Heavy/frame_0030.jpg,Foam-Heavy/augmented/small_rotation/root/frame_0030__small_rotation.jpg,small_rotation,"{""angle_degrees"": 1.7475}"
Foam-Heavy,root,Foam-Heavy/frame_0030.jpg,Foam-Heavy/augmented/horizontal_flip/root/frame_0030__horizontal_flip.jpg,horizontal_flip,{}
Foam-Heavy,root,Foam-Heavy/frame_0030.jpg,Foam-Heavy/augmented/brightness/root/frame_0030__brightness.jpg,brightness,"{""factor"": 1.055}"
Foam-Heavy,root,Foam-Heavy/frame_0030.jpg,Foam-Heavy/augmented/contrast/root/frame_0030__contrast.jpg,contrast,"{""factor"": 0.9211}"
Foam-Heavy,root,Foam-Heavy/frame_0030.jpg,Foam-Heavy/augmented/saturation/root/frame_0030__saturation.jpg,saturation,"{""factor"": 1.0027}"
Foam-Heavy,root,Foam-Heavy/frame_0030.jpg,Foam-Heavy/augmented/zoom_translate/root/frame_0030__zoom_translate.jpg,zoom_translate,"{""shift_x_fraction"": -0.0231, ""shift_y_fraction"": 0.0152, ""zoom"": 1.0066}"
Foam-Heavy,root,Foam-Heavy/frame_0031.jpg,Foam-Heavy/augmented/small_rotation/root/frame_0031__small_rotation.jpg,small_rotation,"{""angle_degrees"": 2.6582}"
Foam-Heavy,root,Foam-Heavy/frame_0031.jpg,Foam-Heavy/augmented/horizontal_flip/root/frame_0031__horizontal_flip.jpg,horizontal_flip,{}
Foam-Heavy,root,Foam-Heavy/frame_0031.jpg,Foam-Heavy/augmented/brightness/root/frame_0031__brightness.jpg,brightness,"{""factor"": 0.9247}"
Foam-Heavy,root,Foam-Heavy/frame_0031.jpg,Foam-Heavy/augmented/contrast/root/frame_0031__contrast.jpg,contrast,"{""factor"": 1.0428}"
Foam-Heavy,root,Foam-Heavy/frame_0031.jpg,Foam-Heavy/augmented/saturation/root/frame_0031__saturation.jpg,saturation,"{""factor"": 0.9708}"
Foam-Heavy,root,Foam-Heavy/frame_0031.jpg,Foam-Heavy/augmented/zoom_translate/root/frame_0031__zoom_translate.jpg,zoom_translate,"{""shift_x_fraction"": -0.0213, ""shift_y_fraction"": 0.0131, ""zoom"": 1.0216}"
Foam-Heavy,root,Foam-Heavy/frame_0032.jpg,Foam-Heavy/augmented/small_rotation/root/frame_0032__small_rotation.jpg,small_rotation,"{""angle_degrees"": -4.5879}"
Foam-Heavy,root,Foam-Heavy/frame_0032.jpg,Foam-Heavy/augmented/horizontal_flip/root/frame_0032__horizontal_flip.jpg,horizontal_flip,{}
Foam-Heavy,root,Foam-Heavy/frame_0032.jpg,Foam-Heavy/augmented/brightness/root/frame_0032__brightness.jpg,brightness,"{""factor"": 1.0028}"
Foam-Heavy,root,Foam-Heavy/frame_0032.jpg,Foam-Heavy/augmented/contrast/root/frame_0032__contrast.jpg,contrast,"{""factor"": 1.1039}"
Foam-Heavy,root,Foam-Heavy/frame_0032.jpg,Foam-Heavy/augmented/saturation/root/frame_0032__saturation.jpg,saturation,"{""factor"": 1.0371}"
Foam-Heavy,root,Foam-Heavy/frame_0032.jpg,Foam-Heavy/augmented/zoom_translate/root/frame_0032__zoom_translate.jpg,zoom_translate,"{""shift_x_fraction"": 0.0007, ""shift_y_fraction"": -0.0184, ""zoom"": 1.0041}"
Foam-Heavy,root,Foam-Heavy/frame_0033.jpg,Foam-Heavy/augmented/small_rotation/root/frame_0033__small_rotation.jpg,small_rotation,"{""angle_degrees"": -0.7371}"
Foam-Heavy,root,Foam-Heavy/frame_0033.jpg,Foam-Heavy/augmented/horizontal_flip/root/frame_0033__horizontal_flip.jpg,horizontal_flip,{}
Foam-Heavy,root,Foam-Heavy/frame_0033.jpg,Foam-Heavy/augmented/brightness/root/frame_0033__brightness.jpg,brightness,"{""factor"": 0.8808}"
Foam-Heavy,root,Foam-Heavy/frame_0033.jpg,Foam-Heavy/augmented/contrast/root/frame_0033__contrast.jpg,contrast,"{""factor"": 1.0407}"
Foam-Heavy,root,Foam-Heavy/frame_0033.jpg,Foam-Heavy/augmented/saturation/root/frame_0033__saturation.jpg,saturation,"{""factor"": 1.0748}"
Foam-Heavy,root,Foam-Heavy/frame_0033.jpg,Foam-Heavy/augmented/zoom_translate/root/frame_0033__zoom_translate.jpg,zoom_translate,"{""shift_x_fraction"": -0.0027, ""shift_y_fraction"": -0.0035, ""zoom"": 1.0597}"
Foam-Heavy,root,Foam-Heavy/frame_0034.jpg,Foam-Heavy/augmented/small_rotation/root/frame_0034__small_rotation.jpg,small_rotation,"{""angle_degrees"": -3.0488}"
Foam-Heavy,root,Foam-Heavy/frame_0034.jpg,Foam-Heavy/augmented/horizontal_flip/root/frame_0034__horizontal_flip.jpg,horizontal_flip,{}
Foam-Heavy,root,Foam-Heavy/frame_0034.jpg,Foam-Heavy/augmented/brightness/root/frame_0034__brightness.jpg,brightness,"{""factor"": 1.0548}"
Foam-Heavy,root,Foam-Heavy/frame_0034.jpg,Foam-Heavy/augmented/contrast/root/frame_0034__contrast.jpg,contrast,"{""factor"": 1.1115}"
Foam-Heavy,root,Foam-Heavy/frame_0034.jpg,Foam-Heavy/augmented/saturation/root/frame_0034__saturation.jpg,saturation,"{""factor"": 0.9254}"
Foam-Heavy,root,Foam-Heavy/frame_0034.jpg,Foam-Heavy/augmented/zoom_translate/root/frame_0034__zoom_translate.jpg,zoom_translate,"{""shift_x_fraction"": 0.0158, ""shift_y_fraction"": 0.0333, ""zoom"": 1.0476}"
Foam-Heavy,root,Foam-Heavy/frame_0035.jpg,Foam-Heavy/augmented/small_rotation/root/frame_0035__small_rotation.jpg,small_rotation,"{""angle_degrees"": 7.3257}"
Foam-Heavy,root,Foam-Heavy/frame_0035.jpg,Foam-Heavy/augmented/horizontal_flip/root/frame_0035__horizontal_flip.jpg,horizontal_flip,{}
Foam-Heavy,root,Foam-Heavy/frame_0035.jpg,Foam-Heavy/augmented/brightness/root/frame_0035__brightness.jpg,brightness,"{""factor"": 0.8541}"
Foam-Heavy,root,Foam-Heavy/frame_0035.jpg,Foam-Heavy/augmented/contrast/root/frame_0035__contrast.jpg,contrast,"{""factor"": 1.0639}"
Foam-Heavy,root,Foam-Heavy/frame_0035.jpg,Foam-Heavy/augmented/saturation/root/frame_0035__saturation.jpg,saturation,"{""factor"": 1.0679}"
Foam-Heavy,root,Foam-Heavy/frame_0035.jpg,Foam-Heavy/augmented/zoom_translate/root/frame_0035__zoom_translate.jpg,zoom_translate,"{""shift_x_fraction"": -0.0276, ""shift_y_fraction"": -0.0236, ""zoom"": 1.0539}"
Foam-Heavy,root,Foam-Heavy/frame_0036.jpg,Foam-Heavy/augmented/small_rotation/root/frame_0036__small_rotation.jpg,small_rotation,"{""angle_degrees"": 4.0775}"
Foam-Heavy,root,Foam-Heavy/frame_0036.jpg,Foam-Heavy/augmented/horizontal_flip/root/frame_0036__horizontal_flip.jpg,horizontal_flip,{}
Foam-Heavy,root,Foam-Heavy/frame_0036.jpg,Foam-Heavy/augmented/brightness/root/frame_0036__brightness.jpg,brightness,"{""factor"": 1.0579}"
Foam-Heavy,root,Foam-Heavy/frame_0036.jpg,Foam-Heavy/augmented/contrast/root/frame_0036__contrast.jpg,contrast,"{""factor"": 1.1155}"
Foam-Heavy,root,Foam-Heavy/frame_0036.jpg,Foam-Heavy/augmented/saturation/root/frame_0036__saturation.jpg,saturation,"{""factor"": 0.9736}"
Foam-Heavy,root,Foam-Heavy/frame_0036.jpg,Foam-Heavy/augmented/zoom_translate/root/frame_0036__zoom_translate.jpg,zoom_translate,"{""shift_x_fraction"": 0.0263, ""shift_y_fraction"": 0.0216, ""zoom"": 1.0628}"
Foam-Heavy,root,Foam-Heavy/frame_0037.jpg,Foam-Heavy/augmented/small_rotation/root/frame_0037__small_rotation.jpg,small_rotation,"{""angle_degrees"": 5.2416}"
Foam-Heavy,root,Foam-Heavy/frame_0037.jpg,Foam-Heavy/augmented/horizontal_flip/root/frame_0037__horizontal_flip.jpg,horizontal_flip,{}
Foam-Heavy,root,Foam-Heavy/frame_0037.jpg,Foam-Heavy/augmented/brightness/root/frame_0037__brightness.jpg,brightness,"{""factor"": 0.9013}"
Foam-Heavy,root,Foam-Heavy/frame_0037.jpg,Foam-Heavy/augmented/contrast/root/frame_0037__contrast.jpg,contrast,"{""factor"": 1.0675}"
Foam-Heavy,root,Foam-Heavy/frame_0037.jpg,Foam-Heavy/augmented/saturation/root/frame_0037__saturation.jpg,saturation,"{""factor"": 0.9677}"
Foam-Heavy,root,Foam-Heavy/frame_0037.jpg,Foam-Heavy/augmented/zoom_translate/root/frame_0037__zoom_translate.jpg,zoom_translate,"{""shift_x_fraction"": 0.0323, ""shift_y_fraction"": -0.0285, ""zoom"": 1.0799}"
Foam-Heavy,root,Foam-Heavy/frame_0038.jpg,Foam-Heavy/augmented/small_rotation/root/frame_0038__small_rotation.jpg,small_rotation,"{""angle_degrees"": -5.0769}"
Foam-Heavy,root,Foam-Heavy/frame_0038.jpg,Foam-Heavy/augmented/horizontal_flip/root/frame_0038__horizontal_flip.jpg,horizontal_flip,{}
Foam-Heavy,root,Foam-Heavy/frame_0038.jpg,Foam-Heavy/augmented/brightness/root/frame_0038__brightness.jpg,brightness,"{""factor"": 1.0983}"
Foam-Heavy,root,Foam-Heavy/frame_0038.jpg,Foam-Heavy/augmented/contrast/root/frame_0038__contrast.jpg,contrast,"{""factor"": 0.961}"
Foam-Heavy,root,Foam-Heavy/frame_0038.jpg,Foam-Heavy/augmented/saturation/root/frame_0038__saturation.jpg,saturation,"{""factor"": 1.0735}"
Foam-Heavy,root,Foam-Heavy/frame_0038.jpg,Foam-Heavy/augmented/zoom_translate/root/frame_0038__zoom_translate.jpg,zoom_translate,"{""shift_x_fraction"": 0.0076, ""shift_y_fraction"": -0.0346, ""zoom"": 1.0026}"
Foam-Heavy,root,Foam-Heavy/frame_0039.jpg,Foam-Heavy/augmented/small_rotation/root/frame_0039__small_rotation.jpg,small_rotation,"{""angle_degrees"": -1.1261}"
Foam-Heavy,root,Foam-Heavy/frame_0039.jpg,Foam-Heavy/augmented/horizontal_flip/root/frame_0039__horizontal_flip.jpg,horizontal_flip,{}
Foam-Heavy,root,Foam-Heavy/frame_0039.jpg,Foam-Heavy/augmented/brightness/root/frame_0039__brightness.jpg,brightness,"{""factor"": 1.1103}"
Foam-Heavy,root,Foam-Heavy/frame_0039.jpg,Foam-Heavy/augmented/contrast/root/frame_0039__contrast.jpg,contrast,"{""factor"": 0.934}"
Foam-Heavy,root,Foam-Heavy/frame_0039.jpg,Foam-Heavy/augmented/saturation/root/frame_0039__saturation.jpg,saturation,"{""factor"": 1.0233}"
Foam-Heavy,root,Foam-Heavy/frame_0039.jpg,Foam-Heavy/augmented/zoom_translate/root/frame_0039__zoom_translate.jpg,zoom_translate,"{""shift_x_fraction"": -0.0344, ""shift_y_fraction"": 0.0171, ""zoom"": 1.0323}"
Foam-Heavy,root,Foam-Heavy/frame_0040.jpg,Foam-Heavy/augmented/small_rotation/root/frame_0040__small_rotation.jpg,small_rotation,"{""angle_degrees"": 3.8457}"
Foam-Heavy,root,Foam-Heavy/frame_0040.jpg,Foam-Heavy/augmented/horizontal_flip/root/frame_0040__horizontal_flip.jpg,horizontal_flip,{}
Foam-Heavy,root,Foam-Heavy/frame_0040.jpg,Foam-Heavy/augmented/brightness/root/frame_0040__brightness.jpg,brightness,"{""factor"": 0.8661}"
Foam-Heavy,root,Foam-Heavy/frame_0040.jpg,Foam-Heavy/augmented/contrast/root/frame_0040__contrast.jpg,contrast,"{""factor"": 1.1337}"
Foam-Heavy,root,Foam-Heavy/frame_0040.jpg,Foam-Heavy/augmented/saturation/root/frame_0040__saturation.jpg,saturation,"{""factor"": 0.9322}"
Foam-Heavy,root,Foam-Heavy/frame_0040.jpg,Foam-Heavy/augmented/zoom_translate/root/frame_0040__zoom_translate.jpg,zoom_translate,"{""shift_x_fraction"": 0.0208, ""shift_y_fraction"": 0.0241, ""zoom"": 1.0465}"
Foam-Heavy,root,Foam-Heavy/frame_0041.jpg,Foam-Heavy/augmented/small_rotation/root/frame_0041__small_rotation.jpg,small_rotation,"{""angle_degrees"": 3.7993}"
Foam-Heavy,root,Foam-Heavy/frame_0041.jpg,Foam-Heavy/augmented/horizontal_flip/root/frame_0041__horizontal_flip.jpg,horizontal_flip,{}
Foam-Heavy,root,Foam-Heavy/frame_0041.jpg,Foam-Heavy/augmented/brightness/root/frame_0041__brightness.jpg,brightness,"{""factor"": 0.9915}"
Foam-Heavy,root,Foam-Heavy/frame_0041.jpg,Foam-Heavy/augmented/contrast/root/frame_0041__contrast.jpg,contrast,"{""factor"": 1.1436}"
Foam-Heavy,root,Foam-Heavy/frame_0041.jpg,Foam-Heavy/augmented/saturation/root/frame_0041__saturation.jpg,saturation,"{""factor"": 1.0124}"
Foam-Heavy,root,Foam-Heavy/frame_0041.jpg,Foam-Heavy/augmented/zoom_translate/root/frame_0041__zoom_translate.jpg,zoom_translate,"{""shift_x_fraction"": 0.0317, ""shift_y_fraction"": 0.0227, ""zoom"": 1.0084}"
Foam-Heavy,root,Foam-Heavy/frame_0042.jpg,Foam-Heavy/augmented/small_rotation/root/frame_0042__small_rotation.jpg,small_rotation,"{""angle_degrees"": -4.061}"
Foam-Heavy,root,Foam-Heavy/frame_0042.jpg,Foam-Heavy/augmented/horizontal_flip/root/frame_0042__horizontal_flip.jpg,horizontal_flip,{}
Foam-Heavy,root,Foam-Heavy/frame_0042.jpg,Foam-Heavy/augmented/brightness/root/frame_0042__brightness.jpg,brightness,"{""factor"": 0.869}"
Foam-Heavy,root,Foam-Heavy/frame_0042.jpg,Foam-Heavy/augmented/contrast/root/frame_0042__contrast.jpg,contrast,"{""factor"": 1.1137}"
Foam-Heavy,root,Foam-Heavy/frame_0042.jpg,Foam-Heavy/augmented/saturation/root/frame_0042__saturation.jpg,saturation,"{""factor"": 1.0066}"
Foam-Heavy,root,Foam-Heavy/frame_0042.jpg,Foam-Heavy/augmented/zoom_translate/root/frame_0042__zoom_translate.jpg,zoom_translate,"{""shift_x_fraction"": -0.0319, ""shift_y_fraction"": 0.0148, ""zoom"": 1.0636}"
Foam-Heavy,root,Foam-Heavy/frame_0043.jpg,Foam-Heavy/augmented/small_rotation/root/frame_0043__small_rotation.jpg,small_rotation,"{""angle_degrees"": 2.9953}"
Foam-Heavy,root,Foam-Heavy/frame_0043.jpg,Foam-Heavy/augmented/horizontal_flip/root/frame_0043__horizontal_flip.jpg,horizontal_flip,{}
Foam-Heavy,root,Foam-Heavy/frame_0043.jpg,Foam-Heavy/augmented/brightness/root/frame_0043__brightness.jpg,brightness,"{""factor"": 0.966}"
Foam-Heavy,root,Foam-Heavy/frame_0043.jpg,Foam-Heavy/augmented/contrast/root/frame_0043__contrast.jpg,contrast,"{""factor"": 0.9367}"
Foam-Heavy,root,Foam-Heavy/frame_0043.jpg,Foam-Heavy/augmented/saturation/root/frame_0043__saturation.jpg,saturation,"{""factor"": 1.046}"
Foam-Heavy,root,Foam-Heavy/frame_0043.jpg,Foam-Heavy/augmented/zoom_translate/root/frame_0043__zoom_translate.jpg,zoom_translate,"{""shift_x_fraction"": -0.0121, ""shift_y_fraction"": 0.0029, ""zoom"": 1.0192}"
Foam-Heavy,root,Foam-Heavy/frame_0044.jpg,Foam-Heavy/augmented/small_rotation/root/frame_0044__small_rotation.jpg,small_rotation,"{""angle_degrees"": 1.1146}"
Foam-Heavy,root,Foam-Heavy/frame_0044.jpg,Foam-Heavy/augmented/horizontal_flip/root/frame_0044__horizontal_flip.jpg,horizontal_flip,{}
Foam-Heavy,root,Foam-Heavy/frame_0044.jpg,Foam-Heavy/augmented/brightness/root/frame_0044__brightness.jpg,brightness,"{""factor"": 1.0486}"
Foam-Heavy,root,Foam-Heavy/frame_0044.jpg,Foam-Heavy/augmented/contrast/root/frame_0044__contrast.jpg,contrast,"{""factor"": 1.0532}"
Foam-Heavy,root,Foam-Heavy/frame_0044.jpg,Foam-Heavy/augmented/saturation/root/frame_0044__saturation.jpg,saturation,"{""factor"": 1.0086}"
Foam-Heavy,root,Foam-Heavy/frame_0044.jpg,Foam-Heavy/augmented/zoom_translate/root/frame_0044__zoom_translate.jpg,zoom_translate,"{""shift_x_fraction"": -0.0022, ""shift_y_fraction"": 0.0107, ""zoom"": 1.0721}"
Foam-Heavy,root,Foam-Heavy/frame_0045.jpg,Foam-Heavy/augmented/small_rotation/root/frame_0045__small_rotation.jpg,small_rotation,"{""angle_degrees"": 4.7202}"
Foam-Heavy,root,Foam-Heavy/frame_0045.jpg,Foam-Heavy/augmented/horizontal_flip/root/frame_0045__horizontal_flip.jpg,horizontal_flip,{}
Foam-Heavy,root,Foam-Heavy/frame_0045.jpg,Foam-Heavy/augmented/brightness/root/frame_0045__brightness.jpg,brightness,"{""factor"": 1.086}"
Foam-Heavy,root,Foam-Heavy/frame_0045.jpg,Foam-Heavy/augmented/contrast/root/frame_0045__contrast.jpg,contrast,"{""factor"": 0.9622}"
Foam-Heavy,root,Foam-Heavy/frame_0045.jpg,Foam-Heavy/augmented/saturation/root/frame_0045__saturation.jpg,saturation,"{""factor"": 0.9683}"
Foam-Heavy,root,Foam-Heavy/frame_0045.jpg,Foam-Heavy/augmented/zoom_translate/root/frame_0045__zoom_translate.jpg,zoom_translate,"{""shift_x_fraction"": -0.0075, ""shift_y_fraction"": 0.026, ""zoom"": 1.0791}"
Foam-Heavy,root,Foam-Heavy/frame_0046.jpg,Foam-Heavy/augmented/small_rotation/root/frame_0046__small_rotation.jpg,small_rotation,"{""angle_degrees"": -2.7278}"
Foam-Heavy,root,Foam-Heavy/frame_0046.jpg,Foam-Heavy/augmented/horizontal_flip/root/frame_0046__horizontal_flip.jpg,horizontal_flip,{}
Foam-Heavy,root,Foam-Heavy/frame_0046.jpg,Foam-Heavy/augmented/brightness/root/frame_0046__brightness.jpg,brightness,"{""factor"": 1.0027}"
Foam-Heavy,root,Foam-Heavy/frame_0046.jpg,Foam-Heavy/augmented/contrast/root/frame_0046__contrast.jpg,contrast,"{""factor"": 0.9579}"
Foam-Heavy,root,Foam-Heavy/frame_0046.jpg,Foam-Heavy/augmented/saturation/root/frame_0046__saturation.jpg,saturation,"{""factor"": 0.9772}"
Foam-Heavy,root,Foam-Heavy/frame_0046.jpg,Foam-Heavy/augmented/zoom_translate/root/frame_0046__zoom_translate.jpg,zoom_translate,"{""shift_x_fraction"": 0.0063, ""shift_y_fraction"": 0.0034, ""zoom"": 1.0654}"
Foam-Heavy,root,Foam-Heavy/frame_0047.jpg,Foam-Heavy/augmented/small_rotation/root/frame_0047__small_rotation.jpg,small_rotation,"{""angle_degrees"": -4.4584}"
Foam-Heavy,root,Foam-Heavy/frame_0047.jpg,Foam-Heavy/augmented/horizontal_flip/root/frame_0047__horizontal_flip.jpg,horizontal_flip,{}
Foam-Heavy,root,Foam-Heavy/frame_0047.jpg,Foam-Heavy/augmented/brightness/root/frame_0047__brightness.jpg,brightness,"{""factor"": 1.0442}"
Foam-Heavy,root,Foam-Heavy/frame_0047.jpg,Foam-Heavy/augmented/contrast/root/frame_0047__contrast.jpg,contrast,"{""factor"": 0.9832}"
Foam-Heavy,root,Foam-Heavy/frame_0047.jpg,Foam-Heavy/augmented/saturation/root/frame_0047__saturation.jpg,saturation,"{""factor"": 0.9537}"
Foam-Heavy,root,Foam-Heavy/frame_0047.jpg,Foam-Heavy/augmented/zoom_translate/root/frame_0047__zoom_translate.jpg,zoom_translate,"{""shift_x_fraction"": 0.0167, ""shift_y_fraction"": -0.0074, ""zoom"": 1.0533}"
Foam-Heavy,root,Foam-Heavy/frame_0048.jpg,Foam-Heavy/augmented/small_rotation/root/frame_0048__small_rotation.jpg,small_rotation,"{""angle_degrees"": 5.3536}"
Foam-Heavy,root,Foam-Heavy/frame_0048.jpg,Foam-Heavy/augmented/horizontal_flip/root/frame_0048__horizontal_flip.jpg,horizontal_flip,{}
Foam-Heavy,root,Foam-Heavy/frame_0048.jpg,Foam-Heavy/augmented/brightness/root/frame_0048__brightness.jpg,brightness,"{""factor"": 1.1341}"
Foam-Heavy,root,Foam-Heavy/frame_0048.jpg,Foam-Heavy/augmented/contrast/root/frame_0048__contrast.jpg,contrast,"{""factor"": 0.9339}"
Foam-Heavy,root,Foam-Heavy/frame_0048.jpg,Foam-Heavy/augmented/saturation/root/frame_0048__saturation.jpg,saturation,"{""factor"": 1.0579}"
Foam-Heavy,root,Foam-Heavy/frame_0048.jpg,Foam-Heavy/augmented/zoom_translate/root/frame_0048__zoom_translate.jpg,zoom_translate,"{""shift_x_fraction"": -0.027, ""shift_y_fraction"": 0.0227, ""zoom"": 1.0459}"
Foam-Heavy,root,Foam-Heavy/frame_0049.jpg,Foam-Heavy/augmented/small_rotation/root/frame_0049__small_rotation.jpg,small_rotation,"{""angle_degrees"": 4.141}"
Foam-Heavy,root,Foam-Heavy/frame_0049.jpg,Foam-Heavy/augmented/horizontal_flip/root/frame_0049__horizontal_flip.jpg,horizontal_flip,{}
Foam-Heavy,root,Foam-Heavy/frame_0049.jpg,Foam-Heavy/augmented/brightness/root/frame_0049__brightness.jpg,brightness,"{""factor"": 1.0728}"
Foam-Heavy,root,Foam-Heavy/frame_0049.jpg,Foam-Heavy/augmented/contrast/root/frame_0049__contrast.jpg,contrast,"{""factor"": 1.046}"
Foam-Heavy,root,Foam-Heavy/frame_0049.jpg,Foam-Heavy/augmented/saturation/root/frame_0049__saturation.jpg,saturation,"{""factor"": 0.9947}"
Foam-Heavy,root,Foam-Heavy/frame_0049.jpg,Foam-Heavy/augmented/zoom_translate/root/frame_0049__zoom_translate.jpg,zoom_translate,"{""shift_x_fraction"": -0.0321, ""shift_y_fraction"": -0.0291, ""zoom"": 1.0192}"
Foam-Heavy,root,Foam-Heavy/frame_0050.jpg,Foam-Heavy/augmented/small_rotation/root/frame_0050__small_rotation.jpg,small_rotation,"{""angle_degrees"": 1.4657}"
Foam-Heavy,root,Foam-Heavy/frame_0050.jpg,Foam-Heavy/augmented/horizontal_flip/root/frame_0050__horizontal_flip.jpg,horizontal_flip,{}
Foam-Heavy,root,Foam-Heavy/frame_0050.jpg,Foam-Heavy/augmented/brightness/root/frame_0050__brightness.jpg,brightness,"{""factor"": 1.0787}"
Foam-Heavy,root,Foam-Heavy/frame_0050.jpg,Foam-Heavy/augmented/contrast/root/frame_0050__contrast.jpg,contrast,"{""factor"": 1.0853}"
Foam-Heavy,root,Foam-Heavy/frame_0050.jpg,Foam-Heavy/augmented/saturation/root/frame_0050__saturation.jpg,saturation,"{""factor"": 0.9607}"
Foam-Heavy,root,Foam-Heavy/frame_0050.jpg,Foam-Heavy/augmented/zoom_translate/root/frame_0050__zoom_translate.jpg,zoom_translate,"{""shift_x_fraction"": -0.0214, ""shift_y_fraction"": -0.0121, ""zoom"": 1.0344}"
Foam-Heavy,root,Foam-Heavy/frame_0051.jpg,Foam-Heavy/augmented/small_rotation/root/frame_0051__small_rotation.jpg,small_rotation,"{""angle_degrees"": -4.6616}"
Foam-Heavy,root,Foam-Heavy/frame_0051.jpg,Foam-Heavy/augmented/horizontal_flip/root/frame_0051__horizontal_flip.jpg,horizontal_flip,{}
Foam-Heavy,root,Foam-Heavy/frame_0051.jpg,Foam-Heavy/augmented/brightness/root/frame_0051__brightness.jpg,brightness,"{""factor"": 0.8988}"
Foam-Heavy,root,Foam-Heavy/frame_0051.jpg,Foam-Heavy/augmented/contrast/root/frame_0051__contrast.jpg,contrast,"{""factor"": 1.1273}"
Foam-Heavy,root,Foam-Heavy/frame_0051.jpg,Foam-Heavy/augmented/saturation/root/frame_0051__saturation.jpg,saturation,"{""factor"": 1.0906}"
Foam-Heavy,root,Foam-Heavy/frame_0051.jpg,Foam-Heavy/augmented/zoom_translate/root/frame_0051__zoom_translate.jpg,zoom_translate,"{""shift_x_fraction"": 0.0302, ""shift_y_fraction"": 0.0008, ""zoom"": 1.0241}"
Foam-Heavy,root,Foam-Heavy/frame_0052.jpg,Foam-Heavy/augmented/small_rotation/root/frame_0052__small_rotation.jpg,small_rotation,"{""angle_degrees"": -1.1653}"
Foam-Heavy,root,Foam-Heavy/frame_0052.jpg,Foam-Heavy/augmented/horizontal_flip/root/frame_0052__horizontal_flip.jpg,horizontal_flip,{}
Foam-Heavy,root,Foam-Heavy/frame_0052.jpg,Foam-Heavy/augmented/brightness/root/frame_0052__brightness.jpg,brightness,"{""factor"": 1.1261}"
Foam-Heavy,root,Foam-Heavy/frame_0052.jpg,Foam-Heavy/augmented/contrast/root/frame_0052__contrast.jpg,contrast,"{""factor"": 0.9913}"
Foam-Heavy,root,Foam-Heavy/frame_0052.jpg,Foam-Heavy/augmented/saturation/root/frame_0052__saturation.jpg,saturation,"{""factor"": 1.0513}"
Foam-Heavy,root,Foam-Heavy/frame_0052.jpg,Foam-Heavy/augmented/zoom_translate/root/frame_0052__zoom_translate.jpg,zoom_translate,"{""shift_x_fraction"": -0.0163, ""shift_y_fraction"": -0.0042, ""zoom"": 1.074}"
Foam-Heavy,root,Foam-Heavy/frame_0053.jpg,Foam-Heavy/augmented/small_rotation/root/frame_0053__small_rotation.jpg,small_rotation,"{""angle_degrees"": 0.4118}"
Foam-Heavy,root,Foam-Heavy/frame_0053.jpg,Foam-Heavy/augmented/horizontal_flip/root/frame_0053__horizontal_flip.jpg,horizontal_flip,{}
Foam-Heavy,root,Foam-Heavy/frame_0053.jpg,Foam-Heavy/augmented/brightness/root/frame_0053__brightness.jpg,brightness,"{""factor"": 1.0009}"
Foam-Heavy,root,Foam-Heavy/frame_0053.jpg,Foam-Heavy/augmented/contrast/root/frame_0053__contrast.jpg,contrast,"{""factor"": 1.0104}"
Foam-Heavy,root,Foam-Heavy/frame_0053.jpg,Foam-Heavy/augmented/saturation/root/frame_0053__saturation.jpg,saturation,"{""factor"": 1.0953}"
Foam-Heavy,root,Foam-Heavy/frame_0053.jpg,Foam-Heavy/augmented/zoom_translate/root/frame_0053__zoom_translate.jpg,zoom_translate,"{""shift_x_fraction"": -0.033, ""shift_y_fraction"": 0.0052, ""zoom"": 1.0444}"
Foam-Heavy,root,Foam-Heavy/frame_0054.jpg,Foam-Heavy/augmented/small_rotation/root/frame_0054__small_rotation.jpg,small_rotation,"{""angle_degrees"": 5.8187}"
Foam-Heavy,root,Foam-Heavy/frame_0054.jpg,Foam-Heavy/augmented/horizontal_flip/root/frame_0054__horizontal_flip.jpg,horizontal_flip,{}
Foam-Heavy,root,Foam-Heavy/frame_0054.jpg,Foam-Heavy/augmented/brightness/root/frame_0054__brightness.jpg,brightness,"{""factor"": 0.8928}"
Foam-Heavy,root,Foam-Heavy/frame_0054.jpg,Foam-Heavy/augmented/contrast/root/frame_0054__contrast.jpg,contrast,"{""factor"": 0.9413}"
Foam-Heavy,root,Foam-Heavy/frame_0054.jpg,Foam-Heavy/augmented/saturation/root/frame_0054__saturation.jpg,saturation,"{""factor"": 1.0101}"
Foam-Heavy,root,Foam-Heavy/frame_0054.jpg,Foam-Heavy/augmented/zoom_translate/root/frame_0054__zoom_translate.jpg,zoom_translate,"{""shift_x_fraction"": -0.0209, ""shift_y_fraction"": -0.0288, ""zoom"": 1.049}"
Foam-Heavy,root,Foam-Heavy/frame_0055.jpg,Foam-Heavy/augmented/small_rotation/root/frame_0055__small_rotation.jpg,small_rotation,"{""angle_degrees"": 3.5492}"
Foam-Heavy,root,Foam-Heavy/frame_0055.jpg,Foam-Heavy/augmented/horizontal_flip/root/frame_0055__horizontal_flip.jpg,horizontal_flip,{}
Foam-Heavy,root,Foam-Heavy/frame_0055.jpg,Foam-Heavy/augmented/brightness/root/frame_0055__brightness.jpg,brightness,"{""factor"": 0.9276}"
Foam-Heavy,root,Foam-Heavy/frame_0055.jpg,Foam-Heavy/augmented/contrast/root/frame_0055__contrast.jpg,contrast,"{""factor"": 0.8551}"
Foam-Heavy,root,Foam-Heavy/frame_0055.jpg,Foam-Heavy/augmented/saturation/root/frame_0055__saturation.jpg,saturation,"{""factor"": 0.9431}"
Foam-Heavy,root,Foam-Heavy/frame_0055.jpg,Foam-Heavy/augmented/zoom_translate/root/frame_0055__zoom_translate.jpg,zoom_translate,"{""shift_x_fraction"": -0.0119, ""shift_y_fraction"": -0.0083, ""zoom"": 1.0279}"
Foam-Heavy,root,Foam-Heavy/frame_0056.jpg,Foam-Heavy/augmented/small_rotation/root/frame_0056__small_rotation.jpg,small_rotation,"{""angle_degrees"": -1.7487}"
Foam-Heavy,root,Foam-Heavy/frame_0056.jpg,Foam-Heavy/augmented/horizontal_flip/root/frame_0056__horizontal_flip.jpg,horizontal_flip,{}
Foam-Heavy,root,Foam-Heavy/frame_0056.jpg,Foam-Heavy/augmented/brightness/root/frame_0056__brightness.jpg,brightness,"{""factor"": 1.0056}"
Foam-Heavy,root,Foam-Heavy/frame_0056.jpg,Foam-Heavy/augmented/contrast/root/frame_0056__contrast.jpg,contrast,"{""factor"": 1.0859}"
Foam-Heavy,root,Foam-Heavy/frame_0056.jpg,Foam-Heavy/augmented/saturation/root/frame_0056__saturation.jpg,saturation,"{""factor"": 0.972}"
Foam-Heavy,root,Foam-Heavy/frame_0056.jpg,Foam-Heavy/augmented/zoom_translate/root/frame_0056__zoom_translate.jpg,zoom_translate,"{""shift_x_fraction"": -0.0248, ""shift_y_fraction"": 0.003, ""zoom"": 1.0379}"
Foam-Heavy,root,Foam-Heavy/frame_0057.jpg,Foam-Heavy/augmented/small_rotation/root/frame_0057__small_rotation.jpg,small_rotation,"{""angle_degrees"": 6.9726}"
Foam-Heavy,root,Foam-Heavy/frame_0057.jpg,Foam-Heavy/augmented/horizontal_flip/root/frame_0057__horizontal_flip.jpg,horizontal_flip,{}
Foam-Heavy,root,Foam-Heavy/frame_0057.jpg,Foam-Heavy/augmented/brightness/root/frame_0057__brightness.jpg,brightness,"{""factor"": 0.9876}"
Foam-Heavy,root,Foam-Heavy/frame_0057.jpg,Foam-Heavy/augmented/contrast/root/frame_0057__contrast.jpg,contrast,"{""factor"": 1.0914}"
Foam-Heavy,root,Foam-Heavy/frame_0057.jpg,Foam-Heavy/augmented/saturation/root/frame_0057__saturation.jpg,saturation,"{""factor"": 0.9417}"
Foam-Heavy,root,Foam-Heavy/frame_0057.jpg,Foam-Heavy/augmented/zoom_translate/root/frame_0057__zoom_translate.jpg,zoom_translate,"{""shift_x_fraction"": 0.0113, ""shift_y_fraction"": 0.0218, ""zoom"": 1.0465}"
Foam-Heavy,root,Foam-Heavy/frame_0058.jpg,Foam-Heavy/augmented/small_rotation/root/frame_0058__small_rotation.jpg,small_rotation,"{""angle_degrees"": 0.44}"
Foam-Heavy,root,Foam-Heavy/frame_0058.jpg,Foam-Heavy/augmented/horizontal_flip/root/frame_0058__horizontal_flip.jpg,horizontal_flip,{}
Foam-Heavy,root,Foam-Heavy/frame_0058.jpg,Foam-Heavy/augmented/brightness/root/frame_0058__brightness.jpg,brightness,"{""factor"": 0.999}"
Foam-Heavy,root,Foam-Heavy/frame_0058.jpg,Foam-Heavy/augmented/contrast/root/frame_0058__contrast.jpg,contrast,"{""factor"": 1.0447}"
Foam-Heavy,root,Foam-Heavy/frame_0058.jpg,Foam-Heavy/augmented/saturation/root/frame_0058__saturation.jpg,saturation,"{""factor"": 0.9369}"
Foam-Heavy,root,Foam-Heavy/frame_0058.jpg,Foam-Heavy/augmented/zoom_translate/root/frame_0058__zoom_translate.jpg,zoom_translate,"{""shift_x_fraction"": -0.0078, ""shift_y_fraction"": -0.0279, ""zoom"": 1.0434}"
Foam-Heavy,root,Foam-Heavy/frame_0059.jpg,Foam-Heavy/augmented/small_rotation/root/frame_0059__small_rotation.jpg,small_rotation,"{""angle_degrees"": 2.5632}"
Foam-Heavy,root,Foam-Heavy/frame_0059.jpg,Foam-Heavy/augmented/horizontal_flip/root/frame_0059__horizontal_flip.jpg,horizontal_flip,{}
Foam-Heavy,root,Foam-Heavy/frame_0059.jpg,Foam-Heavy/augmented/brightness/root/frame_0059__brightness.jpg,brightness,"{""factor"": 1.0142}"
Foam-Heavy,root,Foam-Heavy/frame_0059.jpg,Foam-Heavy/augmented/contrast/root/frame_0059__contrast.jpg,contrast,"{""factor"": 1.1148}"
Foam-Heavy,root,Foam-Heavy/frame_0059.jpg,Foam-Heavy/augmented/saturation/root/frame_0059__saturation.jpg,saturation,"{""factor"": 0.9672}"
Foam-Heavy,root,Foam-Heavy/frame_0059.jpg,Foam-Heavy/augmented/zoom_translate/root/frame_0059__zoom_translate.jpg,zoom_translate,"{""shift_x_fraction"": -0.0043, ""shift_y_fraction"": 0.0066, ""zoom"": 1.0794}"
Foam-Heavy,root,Foam-Heavy/frame_0060.jpg,Foam-Heavy/augmented/small_rotation/root/frame_0060__small_rotation.jpg,small_rotation,"{""angle_degrees"": 6.6854}"
Foam-Heavy,root,Foam-Heavy/frame_0060.jpg,Foam-Heavy/augmented/horizontal_flip/root/frame_0060__horizontal_flip.jpg,horizontal_flip,{}
Foam-Heavy,root,Foam-Heavy/frame_0060.jpg,Foam-Heavy/augmented/brightness/root/frame_0060__brightness.jpg,brightness,"{""factor"": 0.9252}"
Foam-Heavy,root,Foam-Heavy/frame_0060.jpg,Foam-Heavy/augmented/contrast/root/frame_0060__contrast.jpg,contrast,"{""factor"": 0.8741}"
Foam-Heavy,root,Foam-Heavy/frame_0060.jpg,Foam-Heavy/augmented/saturation/root/frame_0060__saturation.jpg,saturation,"{""factor"": 1.0379}"
Foam-Heavy,root,Foam-Heavy/frame_0060.jpg,Foam-Heavy/augmented/zoom_translate/root/frame_0060__zoom_translate.jpg,zoom_translate,"{""shift_x_fraction"": 0.0036, ""shift_y_fraction"": 0.014, ""zoom"": 1.0715}"
Foam-Heavy,root,Foam-Heavy/frame_0061.jpg,Foam-Heavy/augmented/small_rotation/root/frame_0061__small_rotation.jpg,small_rotation,"{""angle_degrees"": 2.6105}"
Foam-Heavy,root,Foam-Heavy/frame_0061.jpg,Foam-Heavy/augmented/horizontal_flip/root/frame_0061__horizontal_flip.jpg,horizontal_flip,{}
Foam-Heavy,root,Foam-Heavy/frame_0061.jpg,Foam-Heavy/augmented/brightness/root/frame_0061__brightness.jpg,brightness,"{""factor"": 0.9991}"
Foam-Heavy,root,Foam-Heavy/frame_0061.jpg,Foam-Heavy/augmented/contrast/root/frame_0061__contrast.jpg,contrast,"{""factor"": 1.0896}"
Foam-Heavy,root,Foam-Heavy/frame_0061.jpg,Foam-Heavy/augmented/saturation/root/frame_0061__saturation.jpg,saturation,"{""factor"": 1.0136}"
Foam-Heavy,root,Foam-Heavy/frame_0061.jpg,Foam-Heavy/augmented/zoom_translate/root/frame_0061__zoom_translate.jpg,zoom_translate,"{""shift_x_fraction"": -0.0124, ""shift_y_fraction"": 0.0084, ""zoom"": 1.001}"
Foam-Heavy,root,Foam-Heavy/frame_0062.jpg,Foam-Heavy/augmented/small_rotation/root/frame_0062__small_rotation.jpg,small_rotation,"{""angle_degrees"": -0.7057}"
Foam-Heavy,root,Foam-Heavy/frame_0062.jpg,Foam-Heavy/augmented/horizontal_flip/root/frame_0062__horizontal_flip.jpg,horizontal_flip,{}
Foam-Heavy,root,Foam-Heavy/frame_0062.jpg,Foam-Heavy/augmented/brightness/root/frame_0062__brightness.jpg,brightness,"{""factor"": 0.9275}"
Foam-Heavy,root,Foam-Heavy/frame_0062.jpg,Foam-Heavy/augmented/contrast/root/frame_0062__contrast.jpg,contrast,"{""factor"": 0.9771}"
Foam-Heavy,root,Foam-Heavy/frame_0062.jpg,Foam-Heavy/augmented/saturation/root/frame_0062__saturation.jpg,saturation,"{""factor"": 0.9963}"
Foam-Heavy,root,Foam-Heavy/frame_0062.jpg,Foam-Heavy/augmented/zoom_translate/root/frame_0062__zoom_translate.jpg,zoom_translate,"{""shift_x_fraction"": -0.0297, ""shift_y_fraction"": -0.017, ""zoom"": 1.0265}"
Foam-Heavy,root,Foam-Heavy/frame_0063.jpg,Foam-Heavy/augmented/small_rotation/root/frame_0063__small_rotation.jpg,small_rotation,"{""angle_degrees"": 1.4662}"
Foam-Heavy,root,Foam-Heavy/frame_0063.jpg,Foam-Heavy/augmented/horizontal_flip/root/frame_0063__horizontal_flip.jpg,horizontal_flip,{}
Foam-Heavy,root,Foam-Heavy/frame_0063.jpg,Foam-Heavy/augmented/brightness/root/frame_0063__brightness.jpg,brightness,"{""factor"": 1.0371}"
Foam-Heavy,root,Foam-Heavy/frame_0063.jpg,Foam-Heavy/augmented/contrast/root/frame_0063__contrast.jpg,contrast,"{""factor"": 1.1177}"
Foam-Heavy,root,Foam-Heavy/frame_0063.jpg,Foam-Heavy/augmented/saturation/root/frame_0063__saturation.jpg,saturation,"{""factor"": 1.0417}"
Foam-Heavy,root,Foam-Heavy/frame_0063.jpg,Foam-Heavy/augmented/zoom_translate/root/frame_0063__zoom_translate.jpg,zoom_translate,"{""shift_x_fraction"": -0.0275, ""shift_y_fraction"": 0.0076, ""zoom"": 1.006}"
Foam-Heavy,root,Foam-Heavy/frame_0064.jpg,Foam-Heavy/augmented/small_rotation/root/frame_0064__small_rotation.jpg,small_rotation,"{""angle_degrees"": 1.8037}"
Foam-Heavy,root,Foam-Heavy/frame_0064.jpg,Foam-Heavy/augmented/horizontal_flip/root/frame_0064__horizontal_flip.jpg,horizontal_flip,{}
Foam-Heavy,root,Foam-Heavy/frame_0064.jpg,Foam-Heavy/augmented/brightness/root/frame_0064__brightness.jpg,brightness,"{""factor"": 1.0025}"
Foam-Heavy,root,Foam-Heavy/frame_0064.jpg,Foam-Heavy/augmented/contrast/root/frame_0064__contrast.jpg,contrast,"{""factor"": 0.8825}"
Foam-Heavy,root,Foam-Heavy/frame_0064.jpg,Foam-Heavy/augmented/saturation/root/frame_0064__saturation.jpg,saturation,"{""factor"": 1.0227}"
Foam-Heavy,root,Foam-Heavy/frame_0064.jpg,Foam-Heavy/augmented/zoom_translate/root/frame_0064__zoom_translate.jpg,zoom_translate,"{""shift_x_fraction"": 0.0287, ""shift_y_fraction"": 0.0186, ""zoom"": 1.0328}"
Foam-Heavy,root,Foam-Heavy/frame_0065.jpg,Foam-Heavy/augmented/small_rotation/root/frame_0065__small_rotation.jpg,small_rotation,"{""angle_degrees"": -7.755}"
Foam-Heavy,root,Foam-Heavy/frame_0065.jpg,Foam-Heavy/augmented/horizontal_flip/root/frame_0065__horizontal_flip.jpg,horizontal_flip,{}
Foam-Heavy,root,Foam-Heavy/frame_0065.jpg,Foam-Heavy/augmented/brightness/root/frame_0065__brightness.jpg,brightness,"{""factor"": 1.0546}"
Foam-Heavy,root,Foam-Heavy/frame_0065.jpg,Foam-Heavy/augmented/contrast/root/frame_0065__contrast.jpg,contrast,"{""factor"": 1.0543}"
Foam-Heavy,root,Foam-Heavy/frame_0065.jpg,Foam-Heavy/augmented/saturation/root/frame_0065__saturation.jpg,saturation,"{""factor"": 0.9322}"
Foam-Heavy,root,Foam-Heavy/frame_0065.jpg,Foam-Heavy/augmented/zoom_translate/root/frame_0065__zoom_translate.jpg,zoom_translate,"{""shift_x_fraction"": -0.029, ""shift_y_fraction"": -0.0066, ""zoom"": 1.0194}"
Foam-Heavy,root,Foam-Heavy/frame_0066.jpg,Foam-Heavy/augmented/small_rotation/root/frame_0066__small_rotation.jpg,small_rotation,"{""angle_degrees"": -1.3652}"
Foam-Heavy,root,Foam-Heavy/frame_0066.jpg,Foam-Heavy/augmented/horizontal_flip/root/frame_0066__horizontal_flip.jpg,horizontal_flip,{}
Foam-Heavy,root,Foam-Heavy/frame_0066.jpg,Foam-Heavy/augmented/brightness/root/frame_0066__brightness.jpg,brightness,"{""factor"": 0.8586}"
Foam-Heavy,root,Foam-Heavy/frame_0066.jpg,Foam-Heavy/augmented/contrast/root/frame_0066__contrast.jpg,contrast,"{""factor"": 0.9493}"
Foam-Heavy,root,Foam-Heavy/frame_0066.jpg,Foam-Heavy/augmented/saturation/root/frame_0066__saturation.jpg,saturation,"{""factor"": 1.0646}"
Foam-Heavy,root,Foam-Heavy/frame_0066.jpg,Foam-Heavy/augmented/zoom_translate/root/frame_0066__zoom_translate.jpg,zoom_translate,"{""shift_x_fraction"": -0.0251, ""shift_y_fraction"": -0.0265, ""zoom"": 1.0305}"
Foam-Heavy,root,Foam-Heavy/frame_0067.jpg,Foam-Heavy/augmented/small_rotation/root/frame_0067__small_rotation.jpg,small_rotation,"{""angle_degrees"": 5.6159}"
Foam-Heavy,root,Foam-Heavy/frame_0067.jpg,Foam-Heavy/augmented/horizontal_flip/root/frame_0067__horizontal_flip.jpg,horizontal_flip,{}
Foam-Heavy,root,Foam-Heavy/frame_0067.jpg,Foam-Heavy/augmented/brightness/root/frame_0067__brightness.jpg,brightness,"{""factor"": 1.1405}"
Foam-Heavy,root,Foam-Heavy/frame_0067.jpg,Foam-Heavy/augmented/contrast/root/frame_0067__contrast.jpg,contrast,"{""factor"": 0.9605}"
Foam-Heavy,root,Foam-Heavy/frame_0067.jpg,Foam-Heavy/augmented/saturation/root/frame_0067__saturation.jpg,saturation,"{""factor"": 1.033}"
Foam-Heavy,root,Foam-Heavy/frame_0067.jpg,Foam-Heavy/augmented/zoom_translate/root/frame_0067__zoom_translate.jpg,zoom_translate,"{""shift_x_fraction"": -0.0019, ""shift_y_fraction"": -0.0104, ""zoom"": 1.0459}"
Foam-Heavy,root,Foam-Heavy/frame_0068.jpg,Foam-Heavy/augmented/small_rotation/root/frame_0068__small_rotation.jpg,small_rotation,"{""angle_degrees"": 4.3625}"
Foam-Heavy,root,Foam-Heavy/frame_0068.jpg,Foam-Heavy/augmented/horizontal_flip/root/frame_0068__horizontal_flip.jpg,horizontal_flip,{}
Foam-Heavy,root,Foam-Heavy/frame_0068.jpg,Foam-Heavy/augmented/brightness/root/frame_0068__brightness.jpg,brightness,"{""factor"": 0.8655}"
Foam-Heavy,root,Foam-Heavy/frame_0068.jpg,Foam-Heavy/augmented/contrast/root/frame_0068__contrast.jpg,contrast,"{""factor"": 0.8809}"
Foam-Heavy,root,Foam-Heavy/frame_0068.jpg,Foam-Heavy/augmented/saturation/root/frame_0068__saturation.jpg,saturation,"{""factor"": 1.0858}"
Foam-Heavy,root,Foam-Heavy/frame_0068.jpg,Foam-Heavy/augmented/zoom_translate/root/frame_0068__zoom_translate.jpg,zoom_translate,"{""shift_x_fraction"": -0.0221, ""shift_y_fraction"": -0.0157, ""zoom"": 1.0324}"
Foam-Heavy,root,Foam-Heavy/frame_0069.jpg,Foam-Heavy/augmented/small_rotation/root/frame_0069__small_rotation.jpg,small_rotation,"{""angle_degrees"": -4.9149}"
Foam-Heavy,root,Foam-Heavy/frame_0069.jpg,Foam-Heavy/augmented/horizontal_flip/root/frame_0069__horizontal_flip.jpg,horizontal_flip,{}
Foam-Heavy,root,Foam-Heavy/frame_0069.jpg,Foam-Heavy/augmented/brightness/root/frame_0069__brightness.jpg,brightness,"{""factor"": 0.8846}"
Foam-Heavy,root,Foam-Heavy/frame_0069.jpg,Foam-Heavy/augmented/contrast/root/frame_0069__contrast.jpg,contrast,"{""factor"": 0.8947}"
Foam-Heavy,root,Foam-Heavy/frame_0069.jpg,Foam-Heavy/augmented/saturation/root/frame_0069__saturation.jpg,saturation,"{""factor"": 1.0236}"
Foam-Heavy,root,Foam-Heavy/frame_0069.jpg,Foam-Heavy/augmented/zoom_translate/root/frame_0069__zoom_translate.jpg,zoom_translate,"{""shift_x_fraction"": 0.027, ""shift_y_fraction"": 0.0341, ""zoom"": 1.0157}"
Foam-Heavy,root,Foam-Heavy/frame_0070.jpg,Foam-Heavy/augmented/small_rotation/root/frame_0070__small_rotation.jpg,small_rotation,"{""angle_degrees"": -6.7458}"
Foam-Heavy,root,Foam-Heavy/frame_0070.jpg,Foam-Heavy/augmented/horizontal_flip/root/frame_0070__horizontal_flip.jpg,horizontal_flip,{}
Foam-Heavy,root,Foam-Heavy/frame_0070.jpg,Foam-Heavy/augmented/brightness/root/frame_0070__brightness.jpg,brightness,"{""factor"": 0.8702}"
Foam-Heavy,root,Foam-Heavy/frame_0070.jpg,Foam-Heavy/augmented/contrast/root/frame_0070__contrast.jpg,contrast,"{""factor"": 0.9984}"
Foam-Heavy,root,Foam-Heavy/frame_0070.jpg,Foam-Heavy/augmented/saturation/root/frame_0070__saturation.jpg,saturation,"{""factor"": 1.0792}"
Foam-Heavy,root,Foam-Heavy/frame_0070.jpg,Foam-Heavy/augmented/zoom_translate/root/frame_0070__zoom_translate.jpg,zoom_translate,"{""shift_x_fraction"": -0.0212, ""shift_y_fraction"": 0.0228, ""zoom"": 1.063}"
Foam-Heavy,root,Foam-Heavy/frame_0071.jpg,Foam-Heavy/augmented/small_rotation/root/frame_0071__small_rotation.jpg,small_rotation,"{""angle_degrees"": -5.2562}"
Foam-Heavy,root,Foam-Heavy/frame_0071.jpg,Foam-Heavy/augmented/horizontal_flip/root/frame_0071__horizontal_flip.jpg,horizontal_flip,{}
Foam-Heavy,root,Foam-Heavy/frame_0071.jpg,Foam-Heavy/augmented/brightness/root/frame_0071__brightness.jpg,brightness,"{""factor"": 1.0495}"
Foam-Heavy,root,Foam-Heavy/frame_0071.jpg,Foam-Heavy/augmented/contrast/root/frame_0071__contrast.jpg,contrast,"{""factor"": 1.0232}"
Foam-Heavy,root,Foam-Heavy/frame_0071.jpg,Foam-Heavy/augmented/saturation/root/frame_0071__saturation.jpg,saturation,"{""factor"": 1.0761}"
Foam-Heavy,root,Foam-Heavy/frame_0071.jpg,Foam-Heavy/augmented/zoom_translate/root/frame_0071__zoom_translate.jpg,zoom_translate,"{""shift_x_fraction"": 0.0142, ""shift_y_fraction"": -0.0101, ""zoom"": 1.0368}"
Foam-Heavy,root,Foam-Heavy/frame_0072.jpg,Foam-Heavy/augmented/small_rotation/root/frame_0072__small_rotation.jpg,small_rotation,"{""angle_degrees"": 7.6024}"
Foam-Heavy,root,Foam-Heavy/frame_0072.jpg,Foam-Heavy/augmented/horizontal_flip/root/frame_0072__horizontal_flip.jpg,horizontal_flip,{}
Foam-Heavy,root,Foam-Heavy/frame_0072.jpg,Foam-Heavy/augmented/brightness/root/frame_0072__brightness.jpg,brightness,"{""factor"": 0.8936}"
Foam-Heavy,root,Foam-Heavy/frame_0072.jpg,Foam-Heavy/augmented/contrast/root/frame_0072__contrast.jpg,contrast,"{""factor"": 1.1105}"
Foam-Heavy,root,Foam-Heavy/frame_0072.jpg,Foam-Heavy/augmented/saturation/root/frame_0072__saturation.jpg,saturation,"{""factor"": 0.9713}"
Foam-Heavy,root,Foam-Heavy/frame_0072.jpg,Foam-Heavy/augmented/zoom_translate/root/frame_0072__zoom_translate.jpg,zoom_translate,"{""shift_x_fraction"": 0.0307, ""shift_y_fraction"": -0.0164, ""zoom"": 1.0618}"
Foam-Heavy,root,Foam-Heavy/frame_0073.jpg,Foam-Heavy/augmented/small_rotation/root/frame_0073__small_rotation.jpg,small_rotation,"{""angle_degrees"": -2.4941}"
Foam-Heavy,root,Foam-Heavy/frame_0073.jpg,Foam-Heavy/augmented/horizontal_flip/root/frame_0073__horizontal_flip.jpg,horizontal_flip,{}
Foam-Heavy,root,Foam-Heavy/frame_0073.jpg,Foam-Heavy/augmented/brightness/root/frame_0073__brightness.jpg,brightness,"{""factor"": 1.1312}"
Foam-Heavy,root,Foam-Heavy/frame_0073.jpg,Foam-Heavy/augmented/contrast/root/frame_0073__contrast.jpg,contrast,"{""factor"": 0.8959}"
Foam-Heavy,root,Foam-Heavy/frame_0073.jpg,Foam-Heavy/augmented/saturation/root/frame_0073__saturation.jpg,saturation,"{""factor"": 1.0173}"
Foam-Heavy,root,Foam-Heavy/frame_0073.jpg,Foam-Heavy/augmented/zoom_translate/root/frame_0073__zoom_translate.jpg,zoom_translate,"{""shift_x_fraction"": 0.0197, ""shift_y_fraction"": -0.0268, ""zoom"": 1.0039}"
Foam-Heavy,root,Foam-Heavy/frame_0074.jpg,Foam-Heavy/augmented/small_rotation/root/frame_0074__small_rotation.jpg,small_rotation,"{""angle_degrees"": -4.0506}"
Foam-Heavy,root,Foam-Heavy/frame_0074.jpg,Foam-Heavy/augmented/horizontal_flip/root/frame_0074__horizontal_flip.jpg,horizontal_flip,{}
Foam-Heavy,root,Foam-Heavy/frame_0074.jpg,Foam-Heavy/augmented/brightness/root/frame_0074__brightness.jpg,brightness,"{""factor"": 1.0768}"
Foam-Heavy,root,Foam-Heavy/frame_0074.jpg,Foam-Heavy/augmented/contrast/root/frame_0074__contrast.jpg,contrast,"{""factor"": 1.1277}"
Foam-Heavy,root,Foam-Heavy/frame_0074.jpg,Foam-Heavy/augmented/saturation/root/frame_0074__saturation.jpg,saturation,"{""factor"": 1.0503}"
Foam-Heavy,root,Foam-Heavy/frame_0074.jpg,Foam-Heavy/augmented/zoom_translate/root/frame_0074__zoom_translate.jpg,zoom_translate,"{""shift_x_fraction"": -0.0013, ""shift_y_fraction"": 0.0239, ""zoom"": 1.041}"
Foam-Heavy,root,Foam-Heavy/frame_0075.jpg,Foam-Heavy/augmented/small_rotation/root/frame_0075__small_rotation.jpg,small_rotation,"{""angle_degrees"": -7.5628}"
Foam-Heavy,root,Foam-Heavy/frame_0075.jpg,Foam-Heavy/augmented/horizontal_flip/root/frame_0075__horizontal_flip.jpg,horizontal_flip,{}
Foam-Heavy,root,Foam-Heavy/frame_0075.jpg,Foam-Heavy/augmented/brightness/root/frame_0075__brightness.jpg,brightness,"{""factor"": 0.8791}"
Foam-Heavy,root,Foam-Heavy/frame_0075.jpg,Foam-Heavy/augmented/contrast/root/frame_0075__contrast.jpg,contrast,"{""factor"": 0.9836}"
Foam-Heavy,root,Foam-Heavy/frame_0075.jpg,Foam-Heavy/augmented/saturation/root/frame_0075__saturation.jpg,saturation,"{""factor"": 1.0139}"
Foam-Heavy,root,Foam-Heavy/frame_0075.jpg,Foam-Heavy/augmented/zoom_translate/root/frame_0075__zoom_translate.jpg,zoom_translate,"{""shift_x_fraction"": 0.0063, ""shift_y_fraction"": -0.0228, ""zoom"": 1.0768}"
Foam-Heavy,root,Foam-Heavy/frame_0076.jpg,Foam-Heavy/augmented/small_rotation/root/frame_0076__small_rotation.jpg,small_rotation,"{""angle_degrees"": 2.3862}"
Foam-Heavy,root,Foam-Heavy/frame_0076.jpg,Foam-Heavy/augmented/horizontal_flip/root/frame_0076__horizontal_flip.jpg,horizontal_flip,{}
Foam-Heavy,root,Foam-Heavy/frame_0076.jpg,Foam-Heavy/augmented/brightness/root/frame_0076__brightness.jpg,brightness,"{""factor"": 1.0722}"
Foam-Heavy,root,Foam-Heavy/frame_0076.jpg,Foam-Heavy/augmented/contrast/root/frame_0076__contrast.jpg,contrast,"{""factor"": 1.1374}"
Foam-Heavy,root,Foam-Heavy/frame_0076.jpg,Foam-Heavy/augmented/saturation/root/frame_0076__saturation.jpg,saturation,"{""factor"": 0.9842}"
Foam-Heavy,root,Foam-Heavy/frame_0076.jpg,Foam-Heavy/augmented/zoom_translate/root/frame_0076__zoom_translate.jpg,zoom_translate,"{""shift_x_fraction"": -0.0259, ""shift_y_fraction"": 0.023, ""zoom"": 1.0106}"
Foam-Heavy,root,Foam-Heavy/frame_0077.jpg,Foam-Heavy/augmented/small_rotation/root/frame_0077__small_rotation.jpg,small_rotation,"{""angle_degrees"": 0.7128}"
Foam-Heavy,root,Foam-Heavy/frame_0077.jpg,Foam-Heavy/augmented/horizontal_flip/root/frame_0077__horizontal_flip.jpg,horizontal_flip,{}
Foam-Heavy,root,Foam-Heavy/frame_0077.jpg,Foam-Heavy/augmented/brightness/root/frame_0077__brightness.jpg,brightness,"{""factor"": 1.0012}"
Foam-Heavy,root,Foam-Heavy/frame_0077.jpg,Foam-Heavy/augmented/contrast/root/frame_0077__contrast.jpg,contrast,"{""factor"": 0.8624}"
Foam-Heavy,root,Foam-Heavy/frame_0077.jpg,Foam-Heavy/augmented/saturation/root/frame_0077__saturation.jpg,saturation,"{""factor"": 0.9852}"
Foam-Heavy,root,Foam-Heavy/frame_0077.jpg,Foam-Heavy/augmented/zoom_translate/root/frame_0077__zoom_translate.jpg,zoom_translate,"{""shift_x_fraction"": 0.0242, ""shift_y_fraction"": -0.0344, ""zoom"": 1.0416}"
Foam-Heavy,root,Foam-Heavy/frame_0078.jpg,Foam-Heavy/augmented/small_rotation/root/frame_0078__small_rotation.jpg,small_rotation,"{""angle_degrees"": -2.8902}"
Foam-Heavy,root,Foam-Heavy/frame_0078.jpg,Foam-Heavy/augmented/horizontal_flip/root/frame_0078__horizontal_flip.jpg,horizontal_flip,{}
Foam-Heavy,root,Foam-Heavy/frame_0078.jpg,Foam-Heavy/augmented/brightness/root/frame_0078__brightness.jpg,brightness,"{""factor"": 1.1201}"
Foam-Heavy,root,Foam-Heavy/frame_0078.jpg,Foam-Heavy/augmented/contrast/root/frame_0078__contrast.jpg,contrast,"{""factor"": 0.8942}"
Foam-Heavy,root,Foam-Heavy/frame_0078.jpg,Foam-Heavy/augmented/saturation/root/frame_0078__saturation.jpg,saturation,"{""factor"": 1.063}"
Foam-Heavy,root,Foam-Heavy/frame_0078.jpg,Foam-Heavy/augmented/zoom_translate/root/frame_0078__zoom_translate.jpg,zoom_translate,"{""shift_x_fraction"": -0.0107, ""shift_y_fraction"": 0.0055, ""zoom"": 1.0086}"
Foam-Heavy,root,Foam-Heavy/frame_0079.jpg,Foam-Heavy/augmented/small_rotation/root/frame_0079__small_rotation.jpg,small_rotation,"{""angle_degrees"": -2.4189}"
Foam-Heavy,root,Foam-Heavy/frame_0079.jpg,Foam-Heavy/augmented/horizontal_flip/root/frame_0079__horizontal_flip.jpg,horizontal_flip,{}
Foam-Heavy,root,Foam-Heavy/frame_0079.jpg,Foam-Heavy/augmented/brightness/root/frame_0079__brightness.jpg,brightness,"{""factor"": 1.0132}"
Foam-Heavy,root,Foam-Heavy/frame_0079.jpg,Foam-Heavy/augmented/contrast/root/frame_0079__contrast.jpg,contrast,"{""factor"": 1.1341}"
Foam-Heavy,root,Foam-Heavy/frame_0079.jpg,Foam-Heavy/augmented/saturation/root/frame_0079__saturation.jpg,saturation,"{""factor"": 1.0385}"
Foam-Heavy,root,Foam-Heavy/frame_0079.jpg,Foam-Heavy/augmented/zoom_translate/root/frame_0079__zoom_translate.jpg,zoom_translate,"{""shift_x_fraction"": -0.0096, ""shift_y_fraction"": -0.015, ""zoom"": 1.0549}"
Foam-Heavy,root,Foam-Heavy/frame_0080.jpg,Foam-Heavy/augmented/small_rotation/root/frame_0080__small_rotation.jpg,small_rotation,"{""angle_degrees"": 4.2489}"
Foam-Heavy,root,Foam-Heavy/frame_0080.jpg,Foam-Heavy/augmented/horizontal_flip/root/frame_0080__horizontal_flip.jpg,horizontal_flip,{}
Foam-Heavy,root,Foam-Heavy/frame_0080.jpg,Foam-Heavy/augmented/brightness/root/frame_0080__brightness.jpg,brightness,"{""factor"": 0.908}"
Foam-Heavy,root,Foam-Heavy/frame_0080.jpg,Foam-Heavy/augmented/contrast/root/frame_0080__contrast.jpg,contrast,"{""factor"": 1.0212}"
Foam-Heavy,root,Foam-Heavy/frame_0080.jpg,Foam-Heavy/augmented/saturation/root/frame_0080__saturation.jpg,saturation,"{""factor"": 1.0463}"
Foam-Heavy,root,Foam-Heavy/frame_0080.jpg,Foam-Heavy/augmented/zoom_translate/root/frame_0080__zoom_translate.jpg,zoom_translate,"{""shift_x_fraction"": 0.0322, ""shift_y_fraction"": 0.0298, ""zoom"": 1.0246}"
Foam-Heavy,root,Foam-Heavy/frame_0081.jpg,Foam-Heavy/augmented/small_rotation/root/frame_0081__small_rotation.jpg,small_rotation,"{""angle_degrees"": -7.391}"
Foam-Heavy,root,Foam-Heavy/frame_0081.jpg,Foam-Heavy/augmented/horizontal_flip/root/frame_0081__horizontal_flip.jpg,horizontal_flip,{}
Foam-Heavy,root,Foam-Heavy/frame_0081.jpg,Foam-Heavy/augmented/brightness/root/frame_0081__brightness.jpg,brightness,"{""factor"": 0.8938}"
Foam-Heavy,root,Foam-Heavy/frame_0081.jpg,Foam-Heavy/augmented/contrast/root/frame_0081__contrast.jpg,contrast,"{""factor"": 0.8703}"
Foam-Heavy,root,Foam-Heavy/frame_0081.jpg,Foam-Heavy/augmented/saturation/root/frame_0081__saturation.jpg,saturation,"{""factor"": 0.9719}"
Foam-Heavy,root,Foam-Heavy/frame_0081.jpg,Foam-Heavy/augmented/zoom_translate/root/frame_0081__zoom_translate.jpg,zoom_translate,"{""shift_x_fraction"": 0.0022, ""shift_y_fraction"": -0.0108, ""zoom"": 1.0664}"
Foam-Heavy,root,Foam-Heavy/frame_0082.jpg,Foam-Heavy/augmented/small_rotation/root/frame_0082__small_rotation.jpg,small_rotation,"{""angle_degrees"": 0.842}"
Foam-Heavy,root,Foam-Heavy/frame_0082.jpg,Foam-Heavy/augmented/horizontal_flip/root/frame_0082__horizontal_flip.jpg,horizontal_flip,{}
Foam-Heavy,root,Foam-Heavy/frame_0082.jpg,Foam-Heavy/augmented/brightness/root/frame_0082__brightness.jpg,brightness,"{""factor"": 0.9939}"
Foam-Heavy,root,Foam-Heavy/frame_0082.jpg,Foam-Heavy/augmented/contrast/root/frame_0082__contrast.jpg,contrast,"{""factor"": 1.0431}"
Foam-Heavy,root,Foam-Heavy/frame_0082.jpg,Foam-Heavy/augmented/saturation/root/frame_0082__saturation.jpg,saturation,"{""factor"": 0.9219}"
Foam-Heavy,root,Foam-Heavy/frame_0082.jpg,Foam-Heavy/augmented/zoom_translate/root/frame_0082__zoom_translate.jpg,zoom_translate,"{""shift_x_fraction"": -0.0274, ""shift_y_fraction"": 0.003, ""zoom"": 1.0272}"
Foam-Heavy,root,Foam-Heavy/frame_0083.jpg,Foam-Heavy/augmented/small_rotation/root/frame_0083__small_rotation.jpg,small_rotation,"{""angle_degrees"": -0.5639}"
Foam-Heavy,root,Foam-Heavy/frame_0083.jpg,Foam-Heavy/augmented/horizontal_flip/root/frame_0083__horizontal_flip.jpg,horizontal_flip,{}
Foam-Heavy,root,Foam-Heavy/frame_0083.jpg,Foam-Heavy/augmented/brightness/root/frame_0083__brightness.jpg,brightness,"{""factor"": 0.8647}"
Foam-Heavy,root,Foam-Heavy/frame_0083.jpg,Foam-Heavy/augmented/contrast/root/frame_0083__contrast.jpg,contrast,"{""factor"": 0.9404}"
Foam-Heavy,root,Foam-Heavy/frame_0083.jpg,Foam-Heavy/augmented/saturation/root/frame_0083__saturation.jpg,saturation,"{""factor"": 0.9861}"
Foam-Heavy,root,Foam-Heavy/frame_0083.jpg,Foam-Heavy/augmented/zoom_translate/root/frame_0083__zoom_translate.jpg,zoom_translate,"{""shift_x_fraction"": 0.026, ""shift_y_fraction"": -0.0302, ""zoom"": 1.0339}"
Foam-Heavy,root,Foam-Heavy/frame_0084.jpg,Foam-Heavy/augmented/small_rotation/root/frame_0084__small_rotation.jpg,small_rotation,"{""angle_degrees"": 3.7601}"
Foam-Heavy,root,Foam-Heavy/frame_0084.jpg,Foam-Heavy/augmented/horizontal_flip/root/frame_0084__horizontal_flip.jpg,horizontal_flip,{}
Foam-Heavy,root,Foam-Heavy/frame_0084.jpg,Foam-Heavy/augmented/brightness/root/frame_0084__brightness.jpg,brightness,"{""factor"": 1.0622}"
Foam-Heavy,root,Foam-Heavy/frame_0084.jpg,Foam-Heavy/augmented/contrast/root/frame_0084__contrast.jpg,contrast,"{""factor"": 1.1296}"
Foam-Heavy,root,Foam-Heavy/frame_0084.jpg,Foam-Heavy/augmented/saturation/root/frame_0084__saturation.jpg,saturation,"{""factor"": 1.0419}"
Foam-Heavy,root,Foam-Heavy/frame_0084.jpg,Foam-Heavy/augmented/zoom_translate/root/frame_0084__zoom_translate.jpg,zoom_translate,"{""shift_x_fraction"": 0.0157, ""shift_y_fraction"": 0.0108, ""zoom"": 1.0268}"
Foam-Heavy,root,Foam-Heavy/frame_0085.jpg,Foam-Heavy/augmented/small_rotation/root/frame_0085__small_rotation.jpg,small_rotation,"{""angle_degrees"": 0.8572}"
Foam-Heavy,root,Foam-Heavy/frame_0085.jpg,Foam-Heavy/augmented/horizontal_flip/root/frame_0085__horizontal_flip.jpg,horizontal_flip,{}
Foam-Heavy,root,Foam-Heavy/frame_0085.jpg,Foam-Heavy/augmented/brightness/root/frame_0085__brightness.jpg,brightness,"{""factor"": 0.9201}"
Foam-Heavy,root,Foam-Heavy/frame_0085.jpg,Foam-Heavy/augmented/contrast/root/frame_0085__contrast.jpg,contrast,"{""factor"": 0.8894}"
Foam-Heavy,root,Foam-Heavy/frame_0085.jpg,Foam-Heavy/augmented/saturation/root/frame_0085__saturation.jpg,saturation,"{""factor"": 0.9634}"
Foam-Heavy,root,Foam-Heavy/frame_0085.jpg,Foam-Heavy/augmented/zoom_translate/root/frame_0085__zoom_translate.jpg,zoom_translate,"{""shift_x_fraction"": 0.0264, ""shift_y_fraction"": 0.0094, ""zoom"": 1.0317}"
Foam-Heavy,root,Foam-Heavy/frame_0086.jpg,Foam-Heavy/augmented/small_rotation/root/frame_0086__small_rotation.jpg,small_rotation,"{""angle_degrees"": 1.1709}"
Foam-Heavy,root,Foam-Heavy/frame_0086.jpg,Foam-Heavy/augmented/horizontal_flip/root/frame_0086__horizontal_flip.jpg,horizontal_flip,{}
Foam-Heavy,root,Foam-Heavy/frame_0086.jpg,Foam-Heavy/augmented/brightness/root/frame_0086__brightness.jpg,brightness,"{""factor"": 0.8655}"
Foam-Heavy,root,Foam-Heavy/frame_0086.jpg,Foam-Heavy/augmented/contrast/root/frame_0086__contrast.jpg,contrast,"{""factor"": 0.9195}"
Foam-Heavy,root,Foam-Heavy/frame_0086.jpg,Foam-Heavy/augmented/saturation/root/frame_0086__saturation.jpg,saturation,"{""factor"": 1.0372}"
Foam-Heavy,root,Foam-Heavy/frame_0086.jpg,Foam-Heavy/augmented/zoom_translate/root/frame_0086__zoom_translate.jpg,zoom_translate,"{""shift_x_fraction"": -0.0, ""shift_y_fraction"": -0.0071, ""zoom"": 1.0387}"
Foam-Heavy,root,Foam-Heavy/frame_0087.jpg,Foam-Heavy/augmented/small_rotation/root/frame_0087__small_rotation.jpg,small_rotation,"{""angle_degrees"": -7.099}"
Foam-Heavy,root,Foam-Heavy/frame_0087.jpg,Foam-Heavy/augmented/horizontal_flip/root/frame_0087__horizontal_flip.jpg,horizontal_flip,{}
Foam-Heavy,root,Foam-Heavy/frame_0087.jpg,Foam-Heavy/augmented/brightness/root/frame_0087__brightness.jpg,brightness,"{""factor"": 0.9053}"
Foam-Heavy,root,Foam-Heavy/frame_0087.jpg,Foam-Heavy/augmented/contrast/root/frame_0087__contrast.jpg,contrast,"{""factor"": 1.1119}"
Foam-Heavy,root,Foam-Heavy/frame_0087.jpg,Foam-Heavy/augmented/saturation/root/frame_0087__saturation.jpg,saturation,"{""factor"": 0.9206}"
Foam-Heavy,root,Foam-Heavy/frame_0087.jpg,Foam-Heavy/augmented/zoom_translate/root/frame_0087__zoom_translate.jpg,zoom_translate,"{""shift_x_fraction"": -0.0124, ""shift_y_fraction"": 0.0076, ""zoom"": 1.0517}"
Foam-Heavy,root,Foam-Heavy/frame_0088.jpg,Foam-Heavy/augmented/small_rotation/root/frame_0088__small_rotation.jpg,small_rotation,"{""angle_degrees"": 2.6283}"
Foam-Heavy,root,Foam-Heavy/frame_0088.jpg,Foam-Heavy/augmented/horizontal_flip/root/frame_0088__horizontal_flip.jpg,horizontal_flip,{}
Foam-Heavy,root,Foam-Heavy/frame_0088.jpg,Foam-Heavy/augmented/brightness/root/frame_0088__brightness.jpg,brightness,"{""factor"": 0.9353}"
Foam-Heavy,root,Foam-Heavy/frame_0088.jpg,Foam-Heavy/augmented/contrast/root/frame_0088__contrast.jpg,contrast,"{""factor"": 1.0997}"
Foam-Heavy,root,Foam-Heavy/frame_0088.jpg,Foam-Heavy/augmented/saturation/root/frame_0088__saturation.jpg,saturation,"{""factor"": 1.0577}"
Foam-Heavy,root,Foam-Heavy/frame_0088.jpg,Foam-Heavy/augmented/zoom_translate/root/frame_0088__zoom_translate.jpg,zoom_translate,"{""shift_x_fraction"": 0.0157, ""shift_y_fraction"": -0.0221, ""zoom"": 1.05}"
Foam-Heavy,root,Foam-Heavy/frame_0089.jpg,Foam-Heavy/augmented/small_rotation/root/frame_0089__small_rotation.jpg,small_rotation,"{""angle_degrees"": 5.108}"
Foam-Heavy,root,Foam-Heavy/frame_0089.jpg,Foam-Heavy/augmented/horizontal_flip/root/frame_0089__horizontal_flip.jpg,horizontal_flip,{}
Foam-Heavy,root,Foam-Heavy/frame_0089.jpg,Foam-Heavy/augmented/brightness/root/frame_0089__brightness.jpg,brightness,"{""factor"": 1.0147}"
Foam-Heavy,root,Foam-Heavy/frame_0089.jpg,Foam-Heavy/augmented/contrast/root/frame_0089__contrast.jpg,contrast,"{""factor"": 1.1119}"
Foam-Heavy,root,Foam-Heavy/frame_0089.jpg,Foam-Heavy/augmented/saturation/root/frame_0089__saturation.jpg,saturation,"{""factor"": 1.0206}"
Foam-Heavy,root,Foam-Heavy/frame_0089.jpg,Foam-Heavy/augmented/zoom_translate/root/frame_0089__zoom_translate.jpg,zoom_translate,"{""shift_x_fraction"": -0.0294, ""shift_y_fraction"": -0.0199, ""zoom"": 1.0048}"
Foam-Heavy,root,Foam-Heavy/frame_0090.jpg,Foam-Heavy/augmented/small_rotation/root/frame_0090__small_rotation.jpg,small_rotation,"{""angle_degrees"": -7.7837}"
Foam-Heavy,root,Foam-Heavy/frame_0090.jpg,Foam-Heavy/augmented/horizontal_flip/root/frame_0090__horizontal_flip.jpg,horizontal_flip,{}
Foam-Heavy,root,Foam-Heavy/frame_0090.jpg,Foam-Heavy/augmented/brightness/root/frame_0090__brightness.jpg,brightness,"{""factor"": 1.0349}"
Foam-Heavy,root,Foam-Heavy/frame_0090.jpg,Foam-Heavy/augmented/contrast/root/frame_0090__contrast.jpg,contrast,"{""factor"": 0.9955}"
Foam-Heavy,root,Foam-Heavy/frame_0090.jpg,Foam-Heavy/augmented/saturation/root/frame_0090__saturation.jpg,saturation,"{""factor"": 0.903}"
Foam-Heavy,root,Foam-Heavy/frame_0090.jpg,Foam-Heavy/augmented/zoom_translate/root/frame_0090__zoom_translate.jpg,zoom_translate,"{""shift_x_fraction"": -0.0334, ""shift_y_fraction"": -0.0337, ""zoom"": 1.0088}"
Foam-Heavy,root,Foam-Heavy/frame_0091.jpg,Foam-Heavy/augmented/small_rotation/root/frame_0091__small_rotation.jpg,small_rotation,"{""angle_degrees"": -6.5902}"
Foam-Heavy,root,Foam-Heavy/frame_0091.jpg,Foam-Heavy/augmented/horizontal_flip/root/frame_0091__horizontal_flip.jpg,horizontal_flip,{}
Foam-Heavy,root,Foam-Heavy/frame_0091.jpg,Foam-Heavy/augmented/brightness/root/frame_0091__brightness.jpg,brightness,"{""factor"": 0.8866}"
Foam-Heavy,root,Foam-Heavy/frame_0091.jpg,Foam-Heavy/augmented/contrast/root/frame_0091__contrast.jpg,contrast,"{""factor"": 1.1405}"
Foam-Heavy,root,Foam-Heavy/frame_0091.jpg,Foam-Heavy/augmented/saturation/root/frame_0091__saturation.jpg,saturation,"{""factor"": 1.0723}"
Foam-Heavy,root,Foam-Heavy/frame_0091.jpg,Foam-Heavy/augmented/zoom_translate/root/frame_0091__zoom_translate.jpg,zoom_translate,"{""shift_x_fraction"": -0.0099, ""shift_y_fraction"": -0.0201, ""zoom"": 1.0765}"
Foam-Heavy,root,Foam-Heavy/frame_0092.jpg,Foam-Heavy/augmented/small_rotation/root/frame_0092__small_rotation.jpg,small_rotation,"{""angle_degrees"": -0.6411}"
Foam-Heavy,root,Foam-Heavy/frame_0092.jpg,Foam-Heavy/augmented/horizontal_flip/root/frame_0092__horizontal_flip.jpg,horizontal_flip,{}
Foam-Heavy,root,Foam-Heavy/frame_0092.jpg,Foam-Heavy/augmented/brightness/root/frame_0092__brightness.jpg,brightness,"{""factor"": 1.0558}"
Foam-Heavy,root,Foam-Heavy/frame_0092.jpg,Foam-Heavy/augmented/contrast/root/frame_0092__contrast.jpg,contrast,"{""factor"": 0.8844}"
Foam-Heavy,root,Foam-Heavy/frame_0092.jpg,Foam-Heavy/augmented/saturation/root/frame_0092__saturation.jpg,saturation,"{""factor"": 1.0495}"
Foam-Heavy,root,Foam-Heavy/frame_0092.jpg,Foam-Heavy/augmented/zoom_translate/root/frame_0092__zoom_translate.jpg,zoom_translate,"{""shift_x_fraction"": 0.0163, ""shift_y_fraction"": -0.0176, ""zoom"": 1.0589}"
Foam-Heavy,root,Foam-Heavy/frame_0093.jpg,Foam-Heavy/augmented/small_rotation/root/frame_0093__small_rotation.jpg,small_rotation,"{""angle_degrees"": 4.9196}"
Foam-Heavy,root,Foam-Heavy/frame_0093.jpg,Foam-Heavy/augmented/horizontal_flip/root/frame_0093__horizontal_flip.jpg,horizontal_flip,{}
Foam-Heavy,root,Foam-Heavy/frame_0093.jpg,Foam-Heavy/augmented/brightness/root/frame_0093__brightness.jpg,brightness,"{""factor"": 0.995}"
Foam-Heavy,root,Foam-Heavy/frame_0093.jpg,Foam-Heavy/augmented/contrast/root/frame_0093__contrast.jpg,contrast,"{""factor"": 0.9335}"
Foam-Heavy,root,Foam-Heavy/frame_0093.jpg,Foam-Heavy/augmented/saturation/root/frame_0093__saturation.jpg,saturation,"{""factor"": 1.0812}"
Foam-Heavy,root,Foam-Heavy/frame_0093.jpg,Foam-Heavy/augmented/zoom_translate/root/frame_0093__zoom_translate.jpg,zoom_translate,"{""shift_x_fraction"": -0.0236, ""shift_y_fraction"": 0.0276, ""zoom"": 1.0027}"
Foam-Heavy,root,Foam-Heavy/frame_0094.jpg,Foam-Heavy/augmented/small_rotation/root/frame_0094__small_rotation.jpg,small_rotation,"{""angle_degrees"": -2.7719}"
Foam-Heavy,root,Foam-Heavy/frame_0094.jpg,Foam-Heavy/augmented/horizontal_flip/root/frame_0094__horizontal_flip.jpg,horizontal_flip,{}
Foam-Heavy,root,Foam-Heavy/frame_0094.jpg,Foam-Heavy/augmented/brightness/root/frame_0094__brightness.jpg,brightness,"{""factor"": 1.0558}"
Foam-Heavy,root,Foam-Heavy/frame_0094.jpg,Foam-Heavy/augmented/contrast/root/frame_0094__contrast.jpg,contrast,"{""factor"": 0.9748}"
Foam-Heavy,root,Foam-Heavy/frame_0094.jpg,Foam-Heavy/augmented/saturation/root/frame_0094__saturation.jpg,saturation,"{""factor"": 1.019}"
Foam-Heavy,root,Foam-Heavy/frame_0094.jpg,Foam-Heavy/augmented/zoom_translate/root/frame_0094__zoom_translate.jpg,zoom_translate,"{""shift_x_fraction"": 0.0034, ""shift_y_fraction"": -0.0234, ""zoom"": 1.0631}"
Foam-Heavy,root,Foam-Heavy/frame_0095.jpg,Foam-Heavy/augmented/small_rotation/root/frame_0095__small_rotation.jpg,small_rotation,"{""angle_degrees"": 1.2129}"
Foam-Heavy,root,Foam-Heavy/frame_0095.jpg,Foam-Heavy/augmented/horizontal_flip/root/frame_0095__horizontal_flip.jpg,horizontal_flip,{}
Foam-Heavy,root,Foam-Heavy/frame_0095.jpg,Foam-Heavy/augmented/brightness/root/frame_0095__brightness.jpg,brightness,"{""factor"": 1.112}"
Foam-Heavy,root,Foam-Heavy/frame_0095.jpg,Foam-Heavy/augmented/contrast/root/frame_0095__contrast.jpg,contrast,"{""factor"": 0.9702}"
Foam-Heavy,root,Foam-Heavy/frame_0095.jpg,Foam-Heavy/augmented/saturation/root/frame_0095__saturation.jpg,saturation,"{""factor"": 1.0642}"
Foam-Heavy,root,Foam-Heavy/frame_0095.jpg,Foam-Heavy/augmented/zoom_translate/root/frame_0095__zoom_translate.jpg,zoom_translate,"{""shift_x_fraction"": -0.0167, ""shift_y_fraction"": 0.0248, ""zoom"": 1.0782}"
Foam-Heavy,root,Foam-Heavy/frame_0096.jpg,Foam-Heavy/augmented/small_rotation/root/frame_0096__small_rotation.jpg,small_rotation,"{""angle_degrees"": 0.6929}"
Foam-Heavy,root,Foam-Heavy/frame_0096.jpg,Foam-Heavy/augmented/horizontal_flip/root/frame_0096__horizontal_flip.jpg,horizontal_flip,{}
Foam-Heavy,root,Foam-Heavy/frame_0096.jpg,Foam-Heavy/augmented/brightness/root/frame_0096__brightness.jpg,brightness,"{""factor"": 0.9348}"
Foam-Heavy,root,Foam-Heavy/frame_0096.jpg,Foam-Heavy/augmented/contrast/root/frame_0096__contrast.jpg,contrast,"{""factor"": 0.9203}"
Foam-Heavy,root,Foam-Heavy/frame_0096.jpg,Foam-Heavy/augmented/saturation/root/frame_0096__saturation.jpg,saturation,"{""factor"": 1.0257}"
Foam-Heavy,root,Foam-Heavy/frame_0096.jpg,Foam-Heavy/augmented/zoom_translate/root/frame_0096__zoom_translate.jpg,zoom_translate,"{""shift_x_fraction"": -0.0105, ""shift_y_fraction"": -0.0072, ""zoom"": 1.0234}"
Foam-Heavy,root,Foam-Heavy/frame_0097.jpg,Foam-Heavy/augmented/small_rotation/root/frame_0097__small_rotation.jpg,small_rotation,"{""angle_degrees"": -6.5542}"
Foam-Heavy,root,Foam-Heavy/frame_0097.jpg,Foam-Heavy/augmented/horizontal_flip/root/frame_0097__horizontal_flip.jpg,horizontal_flip,{}
Foam-Heavy,root,Foam-Heavy/frame_0097.jpg,Foam-Heavy/augmented/brightness/root/frame_0097__brightness.jpg,brightness,"{""factor"": 0.9395}"
Foam-Heavy,root,Foam-Heavy/frame_0097.jpg,Foam-Heavy/augmented/contrast/root/frame_0097__contrast.jpg,contrast,"{""factor"": 1.0938}"
Foam-Heavy,root,Foam-Heavy/frame_0097.jpg,Foam-Heavy/augmented/saturation/root/frame_0097__saturation.jpg,saturation,"{""factor"": 0.9967}"
Foam-Heavy,root,Foam-Heavy/frame_0097.jpg,Foam-Heavy/augmented/zoom_translate/root/frame_0097__zoom_translate.jpg,zoom_translate,"{""shift_x_fraction"": 0.0046, ""shift_y_fraction"": -0.0136, ""zoom"": 1.0457}"
Foam-Heavy,root,Foam-Heavy/frame_0098.jpg,Foam-Heavy/augmented/small_rotation/root/frame_0098__small_rotation.jpg,small_rotation,"{""angle_degrees"": -2.0663}"
Foam-Heavy,root,Foam-Heavy/frame_0098.jpg,Foam-Heavy/augmented/horizontal_flip/root/frame_0098__horizontal_flip.jpg,horizontal_flip,{}
Foam-Heavy,root,Foam-Heavy/frame_0098.jpg,Foam-Heavy/augmented/brightness/root/frame_0098__brightness.jpg,brightness,"{""factor"": 0.9075}"
Foam-Heavy,root,Foam-Heavy/frame_0098.jpg,Foam-Heavy/augmented/contrast/root/frame_0098__contrast.jpg,contrast,"{""factor"": 0.9512}"
Foam-Heavy,root,Foam-Heavy/frame_0098.jpg,Foam-Heavy/augmented/saturation/root/frame_0098__saturation.jpg,saturation,"{""factor"": 1.0924}"
Foam-Heavy,root,Foam-Heavy/frame_0098.jpg,Foam-Heavy/augmented/zoom_translate/root/frame_0098__zoom_translate.jpg,zoom_translate,"{""shift_x_fraction"": -0.0145, ""shift_y_fraction"": -0.0204, ""zoom"": 1.0324}"
Foam-Heavy,root,Foam-Heavy/frame_0099.jpg,Foam-Heavy/augmented/small_rotation/root/frame_0099__small_rotation.jpg,small_rotation,"{""angle_degrees"": 2.8548}"
Foam-Heavy,root,Foam-Heavy/frame_0099.jpg,Foam-Heavy/augmented/horizontal_flip/root/frame_0099__horizontal_flip.jpg,horizontal_flip,{}
Foam-Heavy,root,Foam-Heavy/frame_0099.jpg,Foam-Heavy/augmented/brightness/root/frame_0099__brightness.jpg,brightness,"{""factor"": 1.0338}"
Foam-Heavy,root,Foam-Heavy/frame_0099.jpg,Foam-Heavy/augmented/contrast/root/frame_0099__contrast.jpg,contrast,"{""factor"": 1.0913}"
Foam-Heavy,root,Foam-Heavy/frame_0099.jpg,Foam-Heavy/augmented/saturation/root/frame_0099__saturation.jpg,saturation,"{""factor"": 0.9553}"
Foam-Heavy,root,Foam-Heavy/frame_0099.jpg,Foam-Heavy/augmented/zoom_translate/root/frame_0099__zoom_translate.jpg,zoom_translate,"{""shift_x_fraction"": -0.0106, ""shift_y_fraction"": 0.0285, ""zoom"": 1.0383}"
Foam-Heavy,root,Foam-Heavy/frame_0100.jpg,Foam-Heavy/augmented/small_rotation/root/frame_0100__small_rotation.jpg,small_rotation,"{""angle_degrees"": -2.8314}"
Foam-Heavy,root,Foam-Heavy/frame_0100.jpg,Foam-Heavy/augmented/horizontal_flip/root/frame_0100__horizontal_flip.jpg,horizontal_flip,{}
Foam-Heavy,root,Foam-Heavy/frame_0100.jpg,Foam-Heavy/augmented/brightness/root/frame_0100__brightness.jpg,brightness,"{""factor"": 1.0637}"
Foam-Heavy,root,Foam-Heavy/frame_0100.jpg,Foam-Heavy/augmented/contrast/root/frame_0100__contrast.jpg,contrast,"{""factor"": 1.0454}"
Foam-Heavy,root,Foam-Heavy/frame_0100.jpg,Foam-Heavy/augmented/saturation/root/frame_0100__saturation.jpg,saturation,"{""factor"": 0.91}"
Foam-Heavy,root,Foam-Heavy/frame_0100.jpg,Foam-Heavy/augmented/zoom_translate/root/frame_0100__zoom_translate.jpg,zoom_translate,"{""shift_x_fraction"": 0.0211, ""shift_y_fraction"": -0.0075, ""zoom"": 1.0718}"
Foam-Heavy,root,Foam-Heavy/frame_0101.jpg,Foam-Heavy/augmented/small_rotation/root/frame_0101__small_rotation.jpg,small_rotation,"{""angle_degrees"": -5.6252}"
Foam-Heavy,root,Foam-Heavy/frame_0101.jpg,Foam-Heavy/augmented/horizontal_flip/root/frame_0101__horizontal_flip.jpg,horizontal_flip,{}
Foam-Heavy,root,Foam-Heavy/frame_0101.jpg,Foam-Heavy/augmented/brightness/root/frame_0101__brightness.jpg,brightness,"{""factor"": 1.0822}"
Foam-Heavy,root,Foam-Heavy/frame_0101.jpg,Foam-Heavy/augmented/contrast/root/frame_0101__contrast.jpg,contrast,"{""factor"": 0.8563}"
Foam-Heavy,root,Foam-Heavy/frame_0101.jpg,Foam-Heavy/augmented/saturation/root/frame_0101__saturation.jpg,saturation,"{""factor"": 0.961}"
Foam-Heavy,root,Foam-Heavy/frame_0101.jpg,Foam-Heavy/augmented/zoom_translate/root/frame_0101__zoom_translate.jpg,zoom_translate,"{""shift_x_fraction"": 0.0122, ""shift_y_fraction"": 0.0304, ""zoom"": 1.0445}"
Foam-Heavy,root,Foam-Heavy/frame_0102.jpg,Foam-Heavy/augmented/small_rotation/root/frame_0102__small_rotation.jpg,small_rotation,"{""angle_degrees"": -7.4686}"
Foam-Heavy,root,Foam-Heavy/frame_0102.jpg,Foam-Heavy/augmented/horizontal_flip/root/frame_0102__horizontal_flip.jpg,horizontal_flip,{}
Foam-Heavy,root,Foam-Heavy/frame_0102.jpg,Foam-Heavy/augmented/brightness/root/frame_0102__brightness.jpg,brightness,"{""factor"": 0.9042}"
Foam-Heavy,root,Foam-Heavy/frame_0102.jpg,Foam-Heavy/augmented/contrast/root/frame_0102__contrast.jpg,contrast,"{""factor"": 1.079}"
Foam-Heavy,root,Foam-Heavy/frame_0102.jpg,Foam-Heavy/augmented/saturation/root/frame_0102__saturation.jpg,saturation,"{""factor"": 1.0787}"
Foam-Heavy,root,Foam-Heavy/frame_0102.jpg,Foam-Heavy/augmented/zoom_translate/root/frame_0102__zoom_translate.jpg,zoom_translate,"{""shift_x_fraction"": -0.0343, ""shift_y_fraction"": -0.025, ""zoom"": 1.0007}"
Foam-Heavy,root,Foam-Heavy/frame_0103.jpg,Foam-Heavy/augmented/small_rotation/root/frame_0103__small_rotation.jpg,small_rotation,"{""angle_degrees"": -0.3013}"
Foam-Heavy,root,Foam-Heavy/frame_0103.jpg,Foam-Heavy/augmented/horizontal_flip/root/frame_0103__horizontal_flip.jpg,horizontal_flip,{}
Foam-Heavy,root,Foam-Heavy/frame_0103.jpg,Foam-Heavy/augmented/brightness/root/frame_0103__brightness.jpg,brightness,"{""factor"": 0.8833}"
Foam-Heavy,root,Foam-Heavy/frame_0103.jpg,Foam-Heavy/augmented/contrast/root/frame_0103__contrast.jpg,contrast,"{""factor"": 0.9816}"
Foam-Heavy,root,Foam-Heavy/frame_0103.jpg,Foam-Heavy/augmented/saturation/root/frame_0103__saturation.jpg,saturation,"{""factor"": 0.9882}"
Foam-Heavy,root,Foam-Heavy/frame_0103.jpg,Foam-Heavy/augmented/zoom_translate/root/frame_0103__zoom_translate.jpg,zoom_translate,"{""shift_x_fraction"": -0.0079, ""shift_y_fraction"": 0.0294, ""zoom"": 1.0492}"
Foam-Heavy,root,Foam-Heavy/frame_0104.jpg,Foam-Heavy/augmented/small_rotation/root/frame_0104__small_rotation.jpg,small_rotation,"{""angle_degrees"": -7.2927}"
Foam-Heavy,root,Foam-Heavy/frame_0104.jpg,Foam-Heavy/augmented/horizontal_flip/root/frame_0104__horizontal_flip.jpg,horizontal_flip,{}
Foam-Heavy,root,Foam-Heavy/frame_0104.jpg,Foam-Heavy/augmented/brightness/root/frame_0104__brightness.jpg,brightness,"{""factor"": 0.9773}"
Foam-Heavy,root,Foam-Heavy/frame_0104.jpg,Foam-Heavy/augmented/contrast/root/frame_0104__contrast.jpg,contrast,"{""factor"": 0.9948}"
Foam-Heavy,root,Foam-Heavy/frame_0104.jpg,Foam-Heavy/augmented/saturation/root/frame_0104__saturation.jpg,saturation,"{""factor"": 0.9372}"
Foam-Heavy,root,Foam-Heavy/frame_0104.jpg,Foam-Heavy/augmented/zoom_translate/root/frame_0104__zoom_translate.jpg,zoom_translate,"{""shift_x_fraction"": -0.0285, ""shift_y_fraction"": 0.012, ""zoom"": 1.0796}"
Foam-Heavy,root,Foam-Heavy/frame_0105.jpg,Foam-Heavy/augmented/small_rotation/root/frame_0105__small_rotation.jpg,small_rotation,"{""angle_degrees"": 4.5895}"
Foam-Heavy,root,Foam-Heavy/frame_0105.jpg,Foam-Heavy/augmented/horizontal_flip/root/frame_0105__horizontal_flip.jpg,horizontal_flip,{}
Foam-Heavy,root,Foam-Heavy/frame_0105.jpg,Foam-Heavy/augmented/brightness/root/frame_0105__brightness.jpg,brightness,"{""factor"": 0.9881}"
Foam-Heavy,root,Foam-Heavy/frame_0105.jpg,Foam-Heavy/augmented/contrast/root/frame_0105__contrast.jpg,contrast,"{""factor"": 1.0561}"
Foam-Heavy,root,Foam-Heavy/frame_0105.jpg,Foam-Heavy/augmented/saturation/root/frame_0105__saturation.jpg,saturation,"{""factor"": 0.9617}"
Foam-Heavy,root,Foam-Heavy/frame_0105.jpg,Foam-Heavy/augmented/zoom_translate/root/frame_0105__zoom_translate.jpg,zoom_translate,"{""shift_x_fraction"": -0.0004, ""shift_y_fraction"": 0.0017, ""zoom"": 1.0375}"
Foam-Heavy,root,Foam-Heavy/frame_0106.jpg,Foam-Heavy/augmented/small_rotation/root/frame_0106__small_rotation.jpg,small_rotation,"{""angle_degrees"": 1.8508}"
Foam-Heavy,root,Foam-Heavy/frame_0106.jpg,Foam-Heavy/augmented/horizontal_flip/root/frame_0106__horizontal_flip.jpg,horizontal_flip,{}
Foam-Heavy,root,Foam-Heavy/frame_0106.jpg,Foam-Heavy/augmented/brightness/root/frame_0106__brightness.jpg,brightness,"{""factor"": 1.0331}"
Foam-Heavy,root,Foam-Heavy/frame_0106.jpg,Foam-Heavy/augmented/contrast/root/frame_0106__contrast.jpg,contrast,"{""factor"": 1.1114}"
Foam-Heavy,root,Foam-Heavy/frame_0106.jpg,Foam-Heavy/augmented/saturation/root/frame_0106__saturation.jpg,saturation,"{""factor"": 0.9016}"
Foam-Heavy,root,Foam-Heavy/frame_0106.jpg,Foam-Heavy/augmented/zoom_translate/root/frame_0106__zoom_translate.jpg,zoom_translate,"{""shift_x_fraction"": 0.0024, ""shift_y_fraction"": -0.0307, ""zoom"": 1.0797}"
Foam-Heavy,root,Foam-Heavy/frame_0107.jpg,Foam-Heavy/augmented/small_rotation/root/frame_0107__small_rotation.jpg,small_rotation,"{""angle_degrees"": 2.4617}"
Foam-Heavy,root,Foam-Heavy/frame_0107.jpg,Foam-Heavy/augmented/horizontal_flip/root/frame_0107__horizontal_flip.jpg,horizontal_flip,{}
Foam-Heavy,root,Foam-Heavy/frame_0107.jpg,Foam-Heavy/augmented/brightness/root/frame_0107__brightness.jpg,brightness,"{""factor"": 0.9153}"
Foam-Heavy,root,Foam-Heavy/frame_0107.jpg,Foam-Heavy/augmented/contrast/root/frame_0107__contrast.jpg,contrast,"{""factor"": 0.9207}"
Foam-Heavy,root,Foam-Heavy/frame_0107.jpg,Foam-Heavy/augmented/saturation/root/frame_0107__saturation.jpg,saturation,"{""factor"": 1.0521}"
Foam-Heavy,root,Foam-Heavy/frame_0107.jpg,Foam-Heavy/augmented/zoom_translate/root/frame_0107__zoom_translate.jpg,zoom_translate,"{""shift_x_fraction"": 0.011, ""shift_y_fraction"": 0.0209, ""zoom"": 1.0615}"
Foam-Heavy,root,Foam-Heavy/frame_0108.jpg,Foam-Heavy/augmented/small_rotation/root/frame_0108__small_rotation.jpg,small_rotation,"{""angle_degrees"": 1.178}"
Foam-Heavy,root,Foam-Heavy/frame_0108.jpg,Foam-Heavy/augmented/horizontal_flip/root/frame_0108__horizontal_flip.jpg,horizontal_flip,{}
Foam-Heavy,root,Foam-Heavy/frame_0108.jpg,Foam-Heavy/augmented/brightness/root/frame_0108__brightness.jpg,brightness,"{""factor"": 0.9446}"
Foam-Heavy,root,Foam-Heavy/frame_0108.jpg,Foam-Heavy/augmented/contrast/root/frame_0108__contrast.jpg,contrast,"{""factor"": 1.0883}"
Foam-Heavy,root,Foam-Heavy/frame_0108.jpg,Foam-Heavy/augmented/saturation/root/frame_0108__saturation.jpg,saturation,"{""factor"": 1.0502}"
Foam-Heavy,root,Foam-Heavy/frame_0108.jpg,Foam-Heavy/augmented/zoom_translate/root/frame_0108__zoom_translate.jpg,zoom_translate,"{""shift_x_fraction"": -0.0176, ""shift_y_fraction"": 0.0344, ""zoom"": 1.0054}"
Foam-Heavy,root,Foam-Heavy/frame_0109.jpg,Foam-Heavy/augmented/small_rotation/root/frame_0109__small_rotation.jpg,small_rotation,"{""angle_degrees"": -3.8012}"
Foam-Heavy,root,Foam-Heavy/frame_0109.jpg,Foam-Heavy/augmented/horizontal_flip/root/frame_0109__horizontal_flip.jpg,horizontal_flip,{}
Foam-Heavy,root,Foam-Heavy/frame_0109.jpg,Foam-Heavy/augmented/brightness/root/frame_0109__brightness.jpg,brightness,"{""factor"": 0.9943}"
Foam-Heavy,root,Foam-Heavy/frame_0109.jpg,Foam-Heavy/augmented/contrast/root/frame_0109__contrast.jpg,contrast,"{""factor"": 0.8852}"
Foam-Heavy,root,Foam-Heavy/frame_0109.jpg,Foam-Heavy/augmented/saturation/root/frame_0109__saturation.jpg,saturation,"{""factor"": 0.9849}"
Foam-Heavy,root,Foam-Heavy/frame_0109.jpg,Foam-Heavy/augmented/zoom_translate/root/frame_0109__zoom_translate.jpg,zoom_translate,"{""shift_x_fraction"": -0.0199, ""shift_y_fraction"": -0.0187, ""zoom"": 1.0057}"
Foam-Heavy,root,Foam-Heavy/frame_0110.jpg,Foam-Heavy/augmented/small_rotation/root/frame_0110__small_rotation.jpg,small_rotation,"{""angle_degrees"": 5.7699}"
Foam-Heavy,root,Foam-Heavy/frame_0110.jpg,Foam-Heavy/augmented/horizontal_flip/root/frame_0110__horizontal_flip.jpg,horizontal_flip,{}
Foam-Heavy,root,Foam-Heavy/frame_0110.jpg,Foam-Heavy/augmented/brightness/root/frame_0110__brightness.jpg,brightness,"{""factor"": 0.9213}"
Foam-Heavy,root,Foam-Heavy/frame_0110.jpg,Foam-Heavy/augmented/contrast/root/frame_0110__contrast.jpg,contrast,"{""factor"": 1.0088}"
Foam-Heavy,root,Foam-Heavy/frame_0110.jpg,Foam-Heavy/augmented/saturation/root/frame_0110__saturation.jpg,saturation,"{""factor"": 1.0474}"
Foam-Heavy,root,Foam-Heavy/frame_0110.jpg,Foam-Heavy/augmented/zoom_translate/root/frame_0110__zoom_translate.jpg,zoom_translate,"{""shift_x_fraction"": 0.0158, ""shift_y_fraction"": 0.0034, ""zoom"": 1.0211}"
Foam-Heavy,root,Foam-Heavy/frame_0111.jpg,Foam-Heavy/augmented/small_rotation/root/frame_0111__small_rotation.jpg,small_rotation,"{""angle_degrees"": 3.1955}"
Foam-Heavy,root,Foam-Heavy/frame_0111.jpg,Foam-Heavy/augmented/horizontal_flip/root/frame_0111__horizontal_flip.jpg,horizontal_flip,{}
Foam-Heavy,root,Foam-Heavy/frame_0111.jpg,Foam-Heavy/augmented/brightness/root/frame_0111__brightness.jpg,brightness,"{""factor"": 1.0636}"
Foam-Heavy,root,Foam-Heavy/frame_0111.jpg,Foam-Heavy/augmented/contrast/root/frame_0111__contrast.jpg,contrast,"{""factor"": 1.1389}"
Foam-Heavy,root,Foam-Heavy/frame_0111.jpg,Foam-Heavy/augmented/saturation/root/frame_0111__saturation.jpg,saturation,"{""factor"": 0.9297}"
Foam-Heavy,root,Foam-Heavy/frame_0111.jpg,Foam-Heavy/augmented/zoom_translate/root/frame_0111__zoom_translate.jpg,zoom_translate,"{""shift_x_fraction"": 0.0136, ""shift_y_fraction"": -0.0098, ""zoom"": 1.0674}"
Foam-Heavy,root,Foam-Heavy/frame_0112.jpg,Foam-Heavy/augmented/small_rotation/root/frame_0112__small_rotation.jpg,small_rotation,"{""angle_degrees"": 0.1903}"
Foam-Heavy,root,Foam-Heavy/frame_0112.jpg,Foam-Heavy/augmented/horizontal_flip/root/frame_0112__horizontal_flip.jpg,horizontal_flip,{}
Foam-Heavy,root,Foam-Heavy/frame_0112.jpg,Foam-Heavy/augmented/brightness/root/frame_0112__brightness.jpg,brightness,"{""factor"": 0.9772}"
Foam-Heavy,root,Foam-Heavy/frame_0112.jpg,Foam-Heavy/augmented/contrast/root/frame_0112__contrast.jpg,contrast,"{""factor"": 1.1139}"
Foam-Heavy,root,Foam-Heavy/frame_0112.jpg,Foam-Heavy/augmented/saturation/root/frame_0112__saturation.jpg,saturation,"{""factor"": 0.9386}"
Foam-Heavy,root,Foam-Heavy/frame_0112.jpg,Foam-Heavy/augmented/zoom_translate/root/frame_0112__zoom_translate.jpg,zoom_translate,"{""shift_x_fraction"": 0.0267, ""shift_y_fraction"": -0.0057, ""zoom"": 1.0424}"
Foam-Heavy,root,Foam-Heavy/frame_0113.jpg,Foam-Heavy/augmented/small_rotation/root/frame_0113__small_rotation.jpg,small_rotation,"{""angle_degrees"": 2.5983}"
Foam-Heavy,root,Foam-Heavy/frame_0113.jpg,Foam-Heavy/augmented/horizontal_flip/root/frame_0113__horizontal_flip.jpg,horizontal_flip,{}
Foam-Heavy,root,Foam-Heavy/frame_0113.jpg,Foam-Heavy/augmented/brightness/root/frame_0113__brightness.jpg,brightness,"{""factor"": 0.9476}"
Foam-Heavy,root,Foam-Heavy/frame_0113.jpg,Foam-Heavy/augmented/contrast/root/frame_0113__contrast.jpg,contrast,"{""factor"": 0.8662}"
Foam-Heavy,root,Foam-Heavy/frame_0113.jpg,Foam-Heavy/augmented/saturation/root/frame_0113__saturation.jpg,saturation,"{""factor"": 1.0971}"
Foam-Heavy,root,Foam-Heavy/frame_0113.jpg,Foam-Heavy/augmented/zoom_translate/root/frame_0113__zoom_translate.jpg,zoom_translate,"{""shift_x_fraction"": -0.0205, ""shift_y_fraction"": -0.0005, ""zoom"": 1.0103}"
Foam-Heavy,root,Foam-Heavy/frame_0114.jpg,Foam-Heavy/augmented/small_rotation/root/frame_0114__small_rotation.jpg,small_rotation,"{""angle_degrees"": 3.2696}"
Foam-Heavy,root,Foam-Heavy/frame_0114.jpg,Foam-Heavy/augmented/horizontal_flip/root/frame_0114__horizontal_flip.jpg,horizontal_flip,{}
Foam-Heavy,root,Foam-Heavy/frame_0114.jpg,Foam-Heavy/augmented/brightness/root/frame_0114__brightness.jpg,brightness,"{""factor"": 0.915}"
Foam-Heavy,root,Foam-Heavy/frame_0114.jpg,Foam-Heavy/augmented/contrast/root/frame_0114__contrast.jpg,contrast,"{""factor"": 1.1233}"
Foam-Heavy,root,Foam-Heavy/frame_0114.jpg,Foam-Heavy/augmented/saturation/root/frame_0114__saturation.jpg,saturation,"{""factor"": 1.0239}"
Foam-Heavy,root,Foam-Heavy/frame_0114.jpg,Foam-Heavy/augmented/zoom_translate/root/frame_0114__zoom_translate.jpg,zoom_translate,"{""shift_x_fraction"": 0.0328, ""shift_y_fraction"": 0.0331, ""zoom"": 1.0086}"
Foam-Heavy,root,Foam-Heavy/frame_0115.jpg,Foam-Heavy/augmented/small_rotation/root/frame_0115__small_rotation.jpg,small_rotation,"{""angle_degrees"": -3.6716}"
Foam-Heavy,root,Foam-Heavy/frame_0115.jpg,Foam-Heavy/augmented/horizontal_flip/root/frame_0115__horizontal_flip.jpg,horizontal_flip,{}
Foam-Heavy,root,Foam-Heavy/frame_0115.jpg,Foam-Heavy/augmented/brightness/root/frame_0115__brightness.jpg,brightness,"{""factor"": 0.8635}"
Foam-Heavy,root,Foam-Heavy/frame_0115.jpg,Foam-Heavy/augmented/contrast/root/frame_0115__contrast.jpg,contrast,"{""factor"": 0.9236}"
Foam-Heavy,root,Foam-Heavy/frame_0115.jpg,Foam-Heavy/augmented/saturation/root/frame_0115__saturation.jpg,saturation,"{""factor"": 0.9199}"
Foam-Heavy,root,Foam-Heavy/frame_0115.jpg,Foam-Heavy/augmented/zoom_translate/root/frame_0115__zoom_translate.jpg,zoom_translate,"{""shift_x_fraction"": 0.0144, ""shift_y_fraction"": -0.0128, ""zoom"": 1.02}"
Foam-Heavy,root,Foam-Heavy/frame_0116.jpg,Foam-Heavy/augmented/small_rotation/root/frame_0116__small_rotation.jpg,small_rotation,"{""angle_degrees"": -0.9715}"
Foam-Heavy,root,Foam-Heavy/frame_0116.jpg,Foam-Heavy/augmented/horizontal_flip/root/frame_0116__horizontal_flip.jpg,horizontal_flip,{}
Foam-Heavy,root,Foam-Heavy/frame_0116.jpg,Foam-Heavy/augmented/brightness/root/frame_0116__brightness.jpg,brightness,"{""factor"": 1.0211}"
Foam-Heavy,root,Foam-Heavy/frame_0116.jpg,Foam-Heavy/augmented/contrast/root/frame_0116__contrast.jpg,contrast,"{""factor"": 0.9578}"
Foam-Heavy,root,Foam-Heavy/frame_0116.jpg,Foam-Heavy/augmented/saturation/root/frame_0116__saturation.jpg,saturation,"{""factor"": 0.9676}"
Foam-Heavy,root,Foam-Heavy/frame_0116.jpg,Foam-Heavy/augmented/zoom_translate/root/frame_0116__zoom_translate.jpg,zoom_translate,"{""shift_x_fraction"": 0.029, ""shift_y_fraction"": 0.004, ""zoom"": 1.058}"
Foam-Heavy,root,Foam-Heavy/frame_0117.jpg,Foam-Heavy/augmented/small_rotation/root/frame_0117__small_rotation.jpg,small_rotation,"{""angle_degrees"": 4.2837}"
Foam-Heavy,root,Foam-Heavy/frame_0117.jpg,Foam-Heavy/augmented/horizontal_flip/root/frame_0117__horizontal_flip.jpg,horizontal_flip,{}
Foam-Heavy,root,Foam-Heavy/frame_0117.jpg,Foam-Heavy/augmented/brightness/root/frame_0117__brightness.jpg,brightness,"{""factor"": 1.0287}"
Foam-Heavy,root,Foam-Heavy/frame_0117.jpg,Foam-Heavy/augmented/contrast/root/frame_0117__contrast.jpg,contrast,"{""factor"": 0.8739}"
Foam-Heavy,root,Foam-Heavy/frame_0117.jpg,Foam-Heavy/augmented/saturation/root/frame_0117__saturation.jpg,saturation,"{""factor"": 0.9744}"
Foam-Heavy,root,Foam-Heavy/frame_0117.jpg,Foam-Heavy/augmented/zoom_translate/root/frame_0117__zoom_translate.jpg,zoom_translate,"{""shift_x_fraction"": 0.0248, ""shift_y_fraction"": 0.006, ""zoom"": 1.0316}"
Foam-Heavy,root,Foam-Heavy/frame_0118.jpg,Foam-Heavy/augmented/small_rotation/root/frame_0118__small_rotation.jpg,small_rotation,"{""angle_degrees"": 0.1264}"
Foam-Heavy,root,Foam-Heavy/frame_0118.jpg,Foam-Heavy/augmented/horizontal_flip/root/frame_0118__horizontal_flip.jpg,horizontal_flip,{}
Foam-Heavy,root,Foam-Heavy/frame_0118.jpg,Foam-Heavy/augmented/brightness/root/frame_0118__brightness.jpg,brightness,"{""factor"": 0.9183}"
Foam-Heavy,root,Foam-Heavy/frame_0118.jpg,Foam-Heavy/augmented/contrast/root/frame_0118__contrast.jpg,contrast,"{""factor"": 0.8938}"
Foam-Heavy,root,Foam-Heavy/frame_0118.jpg,Foam-Heavy/augmented/saturation/root/frame_0118__saturation.jpg,saturation,"{""factor"": 1.011}"
Foam-Heavy,root,Foam-Heavy/frame_0118.jpg,Foam-Heavy/augmented/zoom_translate/root/frame_0118__zoom_translate.jpg,zoom_translate,"{""shift_x_fraction"": -0.0314, ""shift_y_fraction"": -0.0313, ""zoom"": 1.0119}"
Foam-Heavy,root,Foam-Heavy/frame_0119.jpg,Foam-Heavy/augmented/small_rotation/root/frame_0119__small_rotation.jpg,small_rotation,"{""angle_degrees"": 7.4707}"
Foam-Heavy,root,Foam-Heavy/frame_0119.jpg,Foam-Heavy/augmented/horizontal_flip/root/frame_0119__horizontal_flip.jpg,horizontal_flip,{}
Foam-Heavy,root,Foam-Heavy/frame_0119.jpg,Foam-Heavy/augmented/brightness/root/frame_0119__brightness.jpg,brightness,"{""factor"": 1.1022}"
Foam-Heavy,root,Foam-Heavy/frame_0119.jpg,Foam-Heavy/augmented/contrast/root/frame_0119__contrast.jpg,contrast,"{""factor"": 1.1358}"
Foam-Heavy,root,Foam-Heavy/frame_0119.jpg,Foam-Heavy/augmented/saturation/root/frame_0119__saturation.jpg,saturation,"{""factor"": 1.0408}"
Foam-Heavy,root,Foam-Heavy/frame_0119.jpg,Foam-Heavy/augmented/zoom_translate/root/frame_0119__zoom_translate.jpg,zoom_translate,"{""shift_x_fraction"": 0.0123, ""shift_y_fraction"": 0.0076, ""zoom"": 1.0787}"
Foam-Heavy,root,Foam-Heavy/frame_0120.jpg,Foam-Heavy/augmented/small_rotation/root/frame_0120__small_rotation.jpg,small_rotation,"{""angle_degrees"": 0.4296}"
Foam-Heavy,root,Foam-Heavy/frame_0120.jpg,Foam-Heavy/augmented/horizontal_flip/root/frame_0120__horizontal_flip.jpg,horizontal_flip,{}
Foam-Heavy,root,Foam-Heavy/frame_0120.jpg,Foam-Heavy/augmented/brightness/root/frame_0120__brightness.jpg,brightness,"{""factor"": 1.0247}"
Foam-Heavy,root,Foam-Heavy/frame_0120.jpg,Foam-Heavy/augmented/contrast/root/frame_0120__contrast.jpg,contrast,"{""factor"": 0.8919}"
Foam-Heavy,root,Foam-Heavy/frame_0120.jpg,Foam-Heavy/augmented/saturation/root/frame_0120__saturation.jpg,saturation,"{""factor"": 0.9089}"
Foam-Heavy,root,Foam-Heavy/frame_0120.jpg,Foam-Heavy/augmented/zoom_translate/root/frame_0120__zoom_translate.jpg,zoom_translate,"{""shift_x_fraction"": 0.0163, ""shift_y_fraction"": 0.0274, ""zoom"": 1.0522}"
Foam-Heavy,root,Foam-Heavy/frame_0121.jpg,Foam-Heavy/augmented/small_rotation/root/frame_0121__small_rotation.jpg,small_rotation,"{""angle_degrees"": -7.9545}"
Foam-Heavy,root,Foam-Heavy/frame_0121.jpg,Foam-Heavy/augmented/horizontal_flip/root/frame_0121__horizontal_flip.jpg,horizontal_flip,{}
Foam-Heavy,root,Foam-Heavy/frame_0121.jpg,Foam-Heavy/augmented/brightness/root/frame_0121__brightness.jpg,brightness,"{""factor"": 0.8907}"
Foam-Heavy,root,Foam-Heavy/frame_0121.jpg,Foam-Heavy/augmented/contrast/root/frame_0121__contrast.jpg,contrast,"{""factor"": 1.0771}"
Foam-Heavy,root,Foam-Heavy/frame_0121.jpg,Foam-Heavy/augmented/saturation/root/frame_0121__saturation.jpg,saturation,"{""factor"": 1.0859}"
Foam-Heavy,root,Foam-Heavy/frame_0121.jpg,Foam-Heavy/augmented/zoom_translate/root/frame_0121__zoom_translate.jpg,zoom_translate,"{""shift_x_fraction"": 0.0328, ""shift_y_fraction"": -0.027, ""zoom"": 1.055}"
Foam-Heavy,root,Foam-Heavy/frame_0122.jpg,Foam-Heavy/augmented/small_rotation/root/frame_0122__small_rotation.jpg,small_rotation,"{""angle_degrees"": -0.16}"
Foam-Heavy,root,Foam-Heavy/frame_0122.jpg,Foam-Heavy/augmented/horizontal_flip/root/frame_0122__horizontal_flip.jpg,horizontal_flip,{}
Foam-Heavy,root,Foam-Heavy/frame_0122.jpg,Foam-Heavy/augmented/brightness/root/frame_0122__brightness.jpg,brightness,"{""factor"": 1.1428}"
Foam-Heavy,root,Foam-Heavy/frame_0122.jpg,Foam-Heavy/augmented/contrast/root/frame_0122__contrast.jpg,contrast,"{""factor"": 1.1152}"
Foam-Heavy,root,Foam-Heavy/frame_0122.jpg,Foam-Heavy/augmented/saturation/root/frame_0122__saturation.jpg,saturation,"{""factor"": 0.9476}"
Foam-Heavy,root,Foam-Heavy/frame_0122.jpg,Foam-Heavy/augmented/zoom_translate/root/frame_0122__zoom_translate.jpg,zoom_translate,"{""shift_x_fraction"": -0.0149, ""shift_y_fraction"": -0.0028, ""zoom"": 1.0513}"
Foam-Heavy,root,Foam-Heavy/frame_0123.jpg,Foam-Heavy/augmented/small_rotation/root/frame_0123__small_rotation.jpg,small_rotation,"{""angle_degrees"": -2.9209}"
Foam-Heavy,root,Foam-Heavy/frame_0123.jpg,Foam-Heavy/augmented/horizontal_flip/root/frame_0123__horizontal_flip.jpg,horizontal_flip,{}
Foam-Heavy,root,Foam-Heavy/frame_0123.jpg,Foam-Heavy/augmented/brightness/root/frame_0123__brightness.jpg,brightness,"{""factor"": 1.1054}"
Foam-Heavy,root,Foam-Heavy/frame_0123.jpg,Foam-Heavy/augmented/contrast/root/frame_0123__contrast.jpg,contrast,"{""factor"": 1.1071}"
Foam-Heavy,root,Foam-Heavy/frame_0123.jpg,Foam-Heavy/augmented/saturation/root/frame_0123__saturation.jpg,saturation,"{""factor"": 0.9409}"
Foam-Heavy,root,Foam-Heavy/frame_0123.jpg,Foam-Heavy/augmented/zoom_translate/root/frame_0123__zoom_translate.jpg,zoom_translate,"{""shift_x_fraction"": 0.0172, ""shift_y_fraction"": 0.0027, ""zoom"": 1.0035}"
Foam-Heavy,root,Foam-Heavy/frame_0124.jpg,Foam-Heavy/augmented/small_rotation/root/frame_0124__small_rotation.jpg,small_rotation,"{""angle_degrees"": -6.6681}"
Foam-Heavy,root,Foam-Heavy/frame_0124.jpg,Foam-Heavy/augmented/horizontal_flip/root/frame_0124__horizontal_flip.jpg,horizontal_flip,{}
Foam-Heavy,root,Foam-Heavy/frame_0124.jpg,Foam-Heavy/augmented/brightness/root/frame_0124__brightness.jpg,brightness,"{""factor"": 0.9374}"
Foam-Heavy,root,Foam-Heavy/frame_0124.jpg,Foam-Heavy/augmented/contrast/root/frame_0124__contrast.jpg,contrast,"{""factor"": 0.9188}"
Foam-Heavy,root,Foam-Heavy/frame_0124.jpg,Foam-Heavy/augmented/saturation/root/frame_0124__saturation.jpg,saturation,"{""factor"": 1.0542}"
Foam-Heavy,root,Foam-Heavy/frame_0124.jpg,Foam-Heavy/augmented/zoom_translate/root/frame_0124__zoom_translate.jpg,zoom_translate,"{""shift_x_fraction"": -0.026, ""shift_y_fraction"": -0.006, ""zoom"": 1.028}"
Foam-Heavy,root,Foam-Heavy/frame_0125.jpg,Foam-Heavy/augmented/small_rotation/root/frame_0125__small_rotation.jpg,small_rotation,"{""angle_degrees"": -2.2252}"
Foam-Heavy,root,Foam-Heavy/frame_0125.jpg,Foam-Heavy/augmented/horizontal_flip/root/frame_0125__horizontal_flip.jpg,horizontal_flip,{}
Foam-Heavy,root,Foam-Heavy/frame_0125.jpg,Foam-Heavy/augmented/brightness/root/frame_0125__brightness.jpg,brightness,"{""factor"": 0.8525}"
Foam-Heavy,root,Foam-Heavy/frame_0125.jpg,Foam-Heavy/augmented/contrast/root/frame_0125__contrast.jpg,contrast,"{""factor"": 1.0014}"
Foam-Heavy,root,Foam-Heavy/frame_0125.jpg,Foam-Heavy/augmented/saturation/root/frame_0125__saturation.jpg,saturation,"{""factor"": 0.9278}"
Foam-Heavy,root,Foam-Heavy/frame_0125.jpg,Foam-Heavy/augmented/zoom_translate/root/frame_0125__zoom_translate.jpg,zoom_translate,"{""shift_x_fraction"": 0.0047, ""shift_y_fraction"": -0.0101, ""zoom"": 1.0354}"
Foam-Heavy,root,Foam-Heavy/frame_0126.jpg,Foam-Heavy/augmented/small_rotation/root/frame_0126__small_rotation.jpg,small_rotation,"{""angle_degrees"": -6.6212}"
Foam-Heavy,root,Foam-Heavy/frame_0126.jpg,Foam-Heavy/augmented/horizontal_flip/root/frame_0126__horizontal_flip.jpg,horizontal_flip,{}
Foam-Heavy,root,Foam-Heavy/frame_0126.jpg,Foam-Heavy/augmented/brightness/root/frame_0126__brightness.jpg,brightness,"{""factor"": 1.0033}"
Foam-Heavy,root,Foam-Heavy/frame_0126.jpg,Foam-Heavy/augmented/contrast/root/frame_0126__contrast.jpg,contrast,"{""factor"": 0.9702}"
Foam-Heavy,root,Foam-Heavy/frame_0126.jpg,Foam-Heavy/augmented/saturation/root/frame_0126__saturation.jpg,saturation,"{""factor"": 1.073}"
Foam-Heavy,root,Foam-Heavy/frame_0126.jpg,Foam-Heavy/augmented/zoom_translate/root/frame_0126__zoom_translate.jpg,zoom_translate,"{""shift_x_fraction"": 0.0257, ""shift_y_fraction"": 0.033, ""zoom"": 1.0051}"
Foam-Heavy,root,Foam-Heavy/frame_0127.jpg,Foam-Heavy/augmented/small_rotation/root/frame_0127__small_rotation.jpg,small_rotation,"{""angle_degrees"": -6.7776}"
Foam-Heavy,root,Foam-Heavy/frame_0127.jpg,Foam-Heavy/augmented/horizontal_flip/root/frame_0127__horizontal_flip.jpg,horizontal_flip,{}
Foam-Heavy,root,Foam-Heavy/frame_0127.jpg,Foam-Heavy/augmented/brightness/root/frame_0127__brightness.jpg,brightness,"{""factor"": 1.0329}"
Foam-Heavy,root,Foam-Heavy/frame_0127.jpg,Foam-Heavy/augmented/contrast/root/frame_0127__contrast.jpg,contrast,"{""factor"": 0.94}"
Foam-Heavy,root,Foam-Heavy/frame_0127.jpg,Foam-Heavy/augmented/saturation/root/frame_0127__saturation.jpg,saturation,"{""factor"": 1.0264}"
Foam-Heavy,root,Foam-Heavy/frame_0127.jpg,Foam-Heavy/augmented/zoom_translate/root/frame_0127__zoom_translate.jpg,zoom_translate,"{""shift_x_fraction"": -0.015, ""shift_y_fraction"": -0.0096, ""zoom"": 1.0176}"
Foam-Heavy,root,Foam-Heavy/frame_0128.jpg,Foam-Heavy/augmented/small_rotation/root/frame_0128__small_rotation.jpg,small_rotation,"{""angle_degrees"": 3.6217}"
Foam-Heavy,root,Foam-Heavy/frame_0128.jpg,Foam-Heavy/augmented/horizontal_flip/root/frame_0128__horizontal_flip.jpg,horizontal_flip,{}
Foam-Heavy,root,Foam-Heavy/frame_0128.jpg,Foam-Heavy/augmented/brightness/root/frame_0128__brightness.jpg,brightness,"{""factor"": 0.8702}"
Foam-Heavy,root,Foam-Heavy/frame_0128.jpg,Foam-Heavy/augmented/contrast/root/frame_0128__contrast.jpg,contrast,"{""factor"": 0.9201}"
Foam-Heavy,root,Foam-Heavy/frame_0128.jpg,Foam-Heavy/augmented/saturation/root/frame_0128__saturation.jpg,saturation,"{""factor"": 1.0358}"
Foam-Heavy,root,Foam-Heavy/frame_0128.jpg,Foam-Heavy/augmented/zoom_translate/root/frame_0128__zoom_translate.jpg,zoom_translate,"{""shift_x_fraction"": -0.0066, ""shift_y_fraction"": 0.0196, ""zoom"": 1.0352}"
Foam-Heavy,root,Foam-Heavy/frame_0129.jpg,Foam-Heavy/augmented/small_rotation/root/frame_0129__small_rotation.jpg,small_rotation,"{""angle_degrees"": 3.9618}"
Foam-Heavy,root,Foam-Heavy/frame_0129.jpg,Foam-Heavy/augmented/horizontal_flip/root/frame_0129__horizontal_flip.jpg,horizontal_flip,{}
Foam-Heavy,root,Foam-Heavy/frame_0129.jpg,Foam-Heavy/augmented/brightness/root/frame_0129__brightness.jpg,brightness,"{""factor"": 1.1147}"
Foam-Heavy,root,Foam-Heavy/frame_0129.jpg,Foam-Heavy/augmented/contrast/root/frame_0129__contrast.jpg,contrast,"{""factor"": 0.8717}"
Foam-Heavy,root,Foam-Heavy/frame_0129.jpg,Foam-Heavy/augmented/saturation/root/frame_0129__saturation.jpg,saturation,"{""factor"": 1.0854}"
Foam-Heavy,root,Foam-Heavy/frame_0129.jpg,Foam-Heavy/augmented/zoom_translate/root/frame_0129__zoom_translate.jpg,zoom_translate,"{""shift_x_fraction"": -0.0275, ""shift_y_fraction"": 0.0032, ""zoom"": 1.0439}"
Foam-Heavy,root,Foam-Heavy/frame_0130.jpg,Foam-Heavy/augmented/small_rotation/root/frame_0130__small_rotation.jpg,small_rotation,"{""angle_degrees"": 6.4014}"
Foam-Heavy,root,Foam-Heavy/frame_0130.jpg,Foam-Heavy/augmented/horizontal_flip/root/frame_0130__horizontal_flip.jpg,horizontal_flip,{}
Foam-Heavy,root,Foam-Heavy/frame_0130.jpg,Foam-Heavy/augmented/brightness/root/frame_0130__brightness.jpg,brightness,"{""factor"": 1.0743}"
Foam-Heavy,root,Foam-Heavy/frame_0130.jpg,Foam-Heavy/augmented/contrast/root/frame_0130__contrast.jpg,contrast,"{""factor"": 1.0393}"
Foam-Heavy,root,Foam-Heavy/frame_0130.jpg,Foam-Heavy/augmented/saturation/root/frame_0130__saturation.jpg,saturation,"{""factor"": 1.0192}"
Foam-Heavy,root,Foam-Heavy/frame_0130.jpg,Foam-Heavy/augmented/zoom_translate/root/frame_0130__zoom_translate.jpg,zoom_translate,"{""shift_x_fraction"": -0.014, ""shift_y_fraction"": 0.0129, ""zoom"": 1.0405}"
Foam-Heavy,root,Foam-Heavy/frame_0131.jpg,Foam-Heavy/augmented/small_rotation/root/frame_0131__small_rotation.jpg,small_rotation,"{""angle_degrees"": 6.5248}"
Foam-Heavy,root,Foam-Heavy/frame_0131.jpg,Foam-Heavy/augmented/horizontal_flip/root/frame_0131__horizontal_flip.jpg,horizontal_flip,{}
Foam-Heavy,root,Foam-Heavy/frame_0131.jpg,Foam-Heavy/augmented/brightness/root/frame_0131__brightness.jpg,brightness,"{""factor"": 0.8847}"
Foam-Heavy,root,Foam-Heavy/frame_0131.jpg,Foam-Heavy/augmented/contrast/root/frame_0131__contrast.jpg,contrast,"{""factor"": 1.1308}"
Foam-Heavy,root,Foam-Heavy/frame_0131.jpg,Foam-Heavy/augmented/saturation/root/frame_0131__saturation.jpg,saturation,"{""factor"": 1.0828}"
Foam-Heavy,root,Foam-Heavy/frame_0131.jpg,Foam-Heavy/augmented/zoom_translate/root/frame_0131__zoom_translate.jpg,zoom_translate,"{""shift_x_fraction"": 0.0044, ""shift_y_fraction"": -0.0043, ""zoom"": 1.0604}"
Foam-Heavy,root,Foam-Heavy/frame_0132.jpg,Foam-Heavy/augmented/small_rotation/root/frame_0132__small_rotation.jpg,small_rotation,"{""angle_degrees"": -5.4671}"
Foam-Heavy,root,Foam-Heavy/frame_0132.jpg,Foam-Heavy/augmented/horizontal_flip/root/frame_0132__horizontal_flip.jpg,horizontal_flip,{}
Foam-Heavy,root,Foam-Heavy/frame_0132.jpg,Foam-Heavy/augmented/brightness/root/frame_0132__brightness.jpg,brightness,"{""factor"": 1.1135}"
Foam-Heavy,root,Foam-Heavy/frame_0132.jpg,Foam-Heavy/augmented/contrast/root/frame_0132__contrast.jpg,contrast,"{""factor"": 1.003}"
Foam-Heavy,root,Foam-Heavy/frame_0132.jpg,Foam-Heavy/augmented/saturation/root/frame_0132__saturation.jpg,saturation,"{""factor"": 0.9664}"
Foam-Heavy,root,Foam-Heavy/frame_0132.jpg,Foam-Heavy/augmented/zoom_translate/root/frame_0132__zoom_translate.jpg,zoom_translate,"{""shift_x_fraction"": -0.0192, ""shift_y_fraction"": -0.0129, ""zoom"": 1.0024}"
Foam-Mild,root,Foam-Mild/IMG_5479.png,Foam-Mild/augmented/small_rotation/root/IMG_5479__small_rotation.jpg,small_rotation,"{""angle_degrees"": 6.394}"
Foam-Mild,root,Foam-Mild/IMG_5479.png,Foam-Mild/augmented/horizontal_flip/root/IMG_5479__horizontal_flip.jpg,horizontal_flip,{}
Foam-Mild,root,Foam-Mild/IMG_5479.png,Foam-Mild/augmented/brightness/root/IMG_5479__brightness.jpg,brightness,"{""factor"": 1.0849}"
Foam-Mild,root,Foam-Mild/IMG_5479.png,Foam-Mild/augmented/contrast/root/IMG_5479__contrast.jpg,contrast,"{""factor"": 0.8506}"
Foam-Mild,root,Foam-Mild/IMG_5479.png,Foam-Mild/augmented/saturation/root/IMG_5479__saturation.jpg,saturation,"{""factor"": 1.0334}"
Foam-Mild,root,Foam-Mild/IMG_5479.png,Foam-Mild/augmented/zoom_translate/root/IMG_5479__zoom_translate.jpg,zoom_translate,"{""shift_x_fraction"": 0.027, ""shift_y_fraction"": 0.0015, ""zoom"": 1.0794}"
Foam-Mild,root,Foam-Mild/IMG_5480.png,Foam-Mild/augmented/small_rotation/root/IMG_5480__small_rotation.jpg,small_rotation,"{""angle_degrees"": 6.0164}"
Foam-Mild,root,Foam-Mild/IMG_5480.png,Foam-Mild/augmented/horizontal_flip/root/IMG_5480__horizontal_flip.jpg,horizontal_flip,{}
Foam-Mild,root,Foam-Mild/IMG_5480.png,Foam-Mild/augmented/brightness/root/IMG_5480__brightness.jpg,brightness,"{""factor"": 1.1305}"
Foam-Mild,root,Foam-Mild/IMG_5480.png,Foam-Mild/augmented/contrast/root/IMG_5480__contrast.jpg,contrast,"{""factor"": 1.0817}"
Foam-Mild,root,Foam-Mild/IMG_5480.png,Foam-Mild/augmented/saturation/root/IMG_5480__saturation.jpg,saturation,"{""factor"": 0.9728}"
Foam-Mild,root,Foam-Mild/IMG_5480.png,Foam-Mild/augmented/zoom_translate/root/IMG_5480__zoom_translate.jpg,zoom_translate,"{""shift_x_fraction"": 0.0257, ""shift_y_fraction"": -0.0089, ""zoom"": 1.0718}"
Foam-Mild,root,Foam-Mild/IMG_5481.png,Foam-Mild/augmented/small_rotation/root/IMG_5481__small_rotation.jpg,small_rotation,"{""angle_degrees"": -0.3033}"
Foam-Mild,root,Foam-Mild/IMG_5481.png,Foam-Mild/augmented/horizontal_flip/root/IMG_5481__horizontal_flip.jpg,horizontal_flip,{}
Foam-Mild,root,Foam-Mild/IMG_5481.png,Foam-Mild/augmented/brightness/root/IMG_5481__brightness.jpg,brightness,"{""factor"": 0.9925}"
Foam-Mild,root,Foam-Mild/IMG_5481.png,Foam-Mild/augmented/contrast/root/IMG_5481__contrast.jpg,contrast,"{""factor"": 1.1175}"
Foam-Mild,root,Foam-Mild/IMG_5481.png,Foam-Mild/augmented/saturation/root/IMG_5481__saturation.jpg,saturation,"{""factor"": 0.9863}"
Foam-Mild,root,Foam-Mild/IMG_5481.png,Foam-Mild/augmented/zoom_translate/root/IMG_5481__zoom_translate.jpg,zoom_translate,"{""shift_x_fraction"": -0.0287, ""shift_y_fraction"": 0.0116, ""zoom"": 1.0194}"
Foam-Mild,root,Foam-Mild/IMG_5482.png,Foam-Mild/augmented/small_rotation/root/IMG_5482__small_rotation.jpg,small_rotation,"{""angle_degrees"": 0.7381}"
Foam-Mild,root,Foam-Mild/IMG_5482.png,Foam-Mild/augmented/horizontal_flip/root/IMG_5482__horizontal_flip.jpg,horizontal_flip,{}
Foam-Mild,root,Foam-Mild/IMG_5482.png,Foam-Mild/augmented/brightness/root/IMG_5482__brightness.jpg,brightness,"{""factor"": 0.9494}"
Foam-Mild,root,Foam-Mild/IMG_5482.png,Foam-Mild/augmented/contrast/root/IMG_5482__contrast.jpg,contrast,"{""factor"": 1.0148}"
Foam-Mild,root,Foam-Mild/IMG_5482.png,Foam-Mild/augmented/saturation/root/IMG_5482__saturation.jpg,saturation,"{""factor"": 1.0872}"
Foam-Mild,root,Foam-Mild/IMG_5482.png,Foam-Mild/augmented/zoom_translate/root/IMG_5482__zoom_translate.jpg,zoom_translate,"{""shift_x_fraction"": -0.0019, ""shift_y_fraction"": -0.033, ""zoom"": 1.0245}"
Foam-Mild,root,Foam-Mild/IMG_5483.png,Foam-Mild/augmented/small_rotation/root/IMG_5483__small_rotation.jpg,small_rotation,"{""angle_degrees"": 5.4423}"
Foam-Mild,root,Foam-Mild/IMG_5483.png,Foam-Mild/augmented/horizontal_flip/root/IMG_5483__horizontal_flip.jpg,horizontal_flip,{}
Foam-Mild,root,Foam-Mild/IMG_5483.png,Foam-Mild/augmented/brightness/root/IMG_5483__brightness.jpg,brightness,"{""factor"": 0.9527}"
Foam-Mild,root,Foam-Mild/IMG_5483.png,Foam-Mild/augmented/contrast/root/IMG_5483__contrast.jpg,contrast,"{""factor"": 0.9878}"
Foam-Mild,root,Foam-Mild/IMG_5483.png,Foam-Mild/augmented/saturation/root/IMG_5483__saturation.jpg,saturation,"{""factor"": 0.9692}"
Foam-Mild,root,Foam-Mild/IMG_5483.png,Foam-Mild/augmented/zoom_translate/root/IMG_5483__zoom_translate.jpg,zoom_translate,"{""shift_x_fraction"": -0.0084, ""shift_y_fraction"": -0.03, ""zoom"": 1.0799}"
Foam-Mild,root,Foam-Mild/IMG_5484.png,Foam-Mild/augmented/small_rotation/root/IMG_5484__small_rotation.jpg,small_rotation,"{""angle_degrees"": 2.4796}"
Foam-Mild,root,Foam-Mild/IMG_5484.png,Foam-Mild/augmented/horizontal_flip/root/IMG_5484__horizontal_flip.jpg,horizontal_flip,{}
Foam-Mild,root,Foam-Mild/IMG_5484.png,Foam-Mild/augmented/brightness/root/IMG_5484__brightness.jpg,brightness,"{""factor"": 1.0869}"
Foam-Mild,root,Foam-Mild/IMG_5484.png,Foam-Mild/augmented/contrast/root/IMG_5484__contrast.jpg,contrast,"{""factor"": 0.9043}"
Foam-Mild,root,Foam-Mild/IMG_5484.png,Foam-Mild/augmented/saturation/root/IMG_5484__saturation.jpg,saturation,"{""factor"": 0.9837}"
Foam-Mild,root,Foam-Mild/IMG_5484.png,Foam-Mild/augmented/zoom_translate/root/IMG_5484__zoom_translate.jpg,zoom_translate,"{""shift_x_fraction"": -0.0049, ""shift_y_fraction"": -0.0221, ""zoom"": 1.0141}"
Foam-Mild,root,Foam-Mild/IMG_5485.png,Foam-Mild/augmented/small_rotation/root/IMG_5485__small_rotation.jpg,small_rotation,"{""angle_degrees"": 5.7924}"
Foam-Mild,root,Foam-Mild/IMG_5485.png,Foam-Mild/augmented/horizontal_flip/root/IMG_5485__horizontal_flip.jpg,horizontal_flip,{}
Foam-Mild,root,Foam-Mild/IMG_5485.png,Foam-Mild/augmented/brightness/root/IMG_5485__brightness.jpg,brightness,"{""factor"": 0.9939}"
Foam-Mild,root,Foam-Mild/IMG_5485.png,Foam-Mild/augmented/contrast/root/IMG_5485__contrast.jpg,contrast,"{""factor"": 0.9272}"
Foam-Mild,root,Foam-Mild/IMG_5485.png,Foam-Mild/augmented/saturation/root/IMG_5485__saturation.jpg,saturation,"{""factor"": 0.9115}"
Foam-Mild,root,Foam-Mild/IMG_5485.png,Foam-Mild/augmented/zoom_translate/root/IMG_5485__zoom_translate.jpg,zoom_translate,"{""shift_x_fraction"": 0.0144, ""shift_y_fraction"": 0.0255, ""zoom"": 1.0041}"
Foam-Mild,root,Foam-Mild/IMG_5486.png,Foam-Mild/augmented/small_rotation/root/IMG_5486__small_rotation.jpg,small_rotation,"{""angle_degrees"": 4.347}"
Foam-Mild,root,Foam-Mild/IMG_5486.png,Foam-Mild/augmented/horizontal_flip/root/IMG_5486__horizontal_flip.jpg,horizontal_flip,{}
Foam-Mild,root,Foam-Mild/IMG_5486.png,Foam-Mild/augmented/brightness/root/IMG_5486__brightness.jpg,brightness,"{""factor"": 0.9261}"
Foam-Mild,root,Foam-Mild/IMG_5486.png,Foam-Mild/augmented/contrast/root/IMG_5486__contrast.jpg,contrast,"{""factor"": 1.132}"
Foam-Mild,root,Foam-Mild/IMG_5486.png,Foam-Mild/augmented/saturation/root/IMG_5486__saturation.jpg,saturation,"{""factor"": 0.978}"
Foam-Mild,root,Foam-Mild/IMG_5486.png,Foam-Mild/augmented/zoom_translate/root/IMG_5486__zoom_translate.jpg,zoom_translate,"{""shift_x_fraction"": 0.021, ""shift_y_fraction"": 0.0212, ""zoom"": 1.0475}"
Foam-Mild,root,Foam-Mild/WIN_20260707_13_13_46_Pro.jpg,Foam-Mild/augmented/small_rotation/root/WIN_20260707_13_13_46_Pro__small_rotation.jpg,small_rotation,"{""angle_degrees"": 5.9989}"
Foam-Mild,root,Foam-Mild/WIN_20260707_13_13_46_Pro.jpg,Foam-Mild/augmented/horizontal_flip/root/WIN_20260707_13_13_46_Pro__horizontal_flip.jpg,horizontal_flip,{}
Foam-Mild,root,Foam-Mild/WIN_20260707_13_13_46_Pro.jpg,Foam-Mild/augmented/brightness/root/WIN_20260707_13_13_46_Pro__brightness.jpg,brightness,"{""factor"": 1.0826}"
Foam-Mild,root,Foam-Mild/WIN_20260707_13_13_46_Pro.jpg,Foam-Mild/augmented/contrast/root/WIN_20260707_13_13_46_Pro__contrast.jpg,contrast,"{""factor"": 0.9604}"
Foam-Mild,root,Foam-Mild/WIN_20260707_13_13_46_Pro.jpg,Foam-Mild/augmented/saturation/root/WIN_20260707_13_13_46_Pro__saturation.jpg,saturation,"{""factor"": 1.0853}"
Foam-Mild,root,Foam-Mild/WIN_20260707_13_13_46_Pro.jpg,Foam-Mild/augmented/zoom_translate/root/WIN_20260707_13_13_46_Pro__zoom_translate.jpg,zoom_translate,"{""shift_x_fraction"": -0.0018, ""shift_y_fraction"": 0.026, ""zoom"": 1.036}"
Foam-Mild,root,Foam-Mild/WIN_20260707_13_13_49_Pro.jpg,Foam-Mild/augmented/small_rotation/root/WIN_20260707_13_13_49_Pro__small_rotation.jpg,small_rotation,"{""angle_degrees"": -7.0146}"
Foam-Mild,root,Foam-Mild/WIN_20260707_13_13_49_Pro.jpg,Foam-Mild/augmented/horizontal_flip/root/WIN_20260707_13_13_49_Pro__horizontal_flip.jpg,horizontal_flip,{}
Foam-Mild,root,Foam-Mild/WIN_20260707_13_13_49_Pro.jpg,Foam-Mild/augmented/brightness/root/WIN_20260707_13_13_49_Pro__brightness.jpg,brightness,"{""factor"": 1.1016}"
Foam-Mild,root,Foam-Mild/WIN_20260707_13_13_49_Pro.jpg,Foam-Mild/augmented/contrast/root/WIN_20260707_13_13_49_Pro__contrast.jpg,contrast,"{""factor"": 1.0061}"
Foam-Mild,root,Foam-Mild/WIN_20260707_13_13_49_Pro.jpg,Foam-Mild/augmented/saturation/root/WIN_20260707_13_13_49_Pro__saturation.jpg,saturation,"{""factor"": 0.9155}"
Foam-Mild,root,Foam-Mild/WIN_20260707_13_13_49_Pro.jpg,Foam-Mild/augmented/zoom_translate/root/WIN_20260707_13_13_49_Pro__zoom_translate.jpg,zoom_translate,"{""shift_x_fraction"": 0.0254, ""shift_y_fraction"": -0.0224, ""zoom"": 1.0728}"
Foam-Mild,root,Foam-Mild/WIN_20260707_13_13_54_Pro.jpg,Foam-Mild/augmented/small_rotation/root/WIN_20260707_13_13_54_Pro__small_rotation.jpg,small_rotation,"{""angle_degrees"": -7.436}"
Foam-Mild,root,Foam-Mild/WIN_20260707_13_13_54_Pro.jpg,Foam-Mild/augmented/horizontal_flip/root/WIN_20260707_13_13_54_Pro__horizontal_flip.jpg,horizontal_flip,{}
Foam-Mild,root,Foam-Mild/WIN_20260707_13_13_54_Pro.jpg,Foam-Mild/augmented/brightness/root/WIN_20260707_13_13_54_Pro__brightness.jpg,brightness,"{""factor"": 0.8853}"
Foam-Mild,root,Foam-Mild/WIN_20260707_13_13_54_Pro.jpg,Foam-Mild/augmented/contrast/root/WIN_20260707_13_13_54_Pro__contrast.jpg,contrast,"{""factor"": 0.9776}"
Foam-Mild,root,Foam-Mild/WIN_20260707_13_13_54_Pro.jpg,Foam-Mild/augmented/saturation/root/WIN_20260707_13_13_54_Pro__saturation.jpg,saturation,"{""factor"": 1.0075}"
Foam-Mild,root,Foam-Mild/WIN_20260707_13_13_54_Pro.jpg,Foam-Mild/augmented/zoom_translate/root/WIN_20260707_13_13_54_Pro__zoom_translate.jpg,zoom_translate,"{""shift_x_fraction"": 0.0124, ""shift_y_fraction"": -0.0279, ""zoom"": 1.0237}"
Foam-Mild,root,Foam-Mild/WIN_20260707_13_14_01_Pro.jpg,Foam-Mild/augmented/small_rotation/root/WIN_20260707_13_14_01_Pro__small_rotation.jpg,small_rotation,"{""angle_degrees"": -6.0987}"
Foam-Mild,root,Foam-Mild/WIN_20260707_13_14_01_Pro.jpg,Foam-Mild/augmented/horizontal_flip/root/WIN_20260707_13_14_01_Pro__horizontal_flip.jpg,horizontal_flip,{}
Foam-Mild,root,Foam-Mild/WIN_20260707_13_14_01_Pro.jpg,Foam-Mild/augmented/brightness/root/WIN_20260707_13_14_01_Pro__brightness.jpg,brightness,"{""factor"": 0.9574}"
Foam-Mild,root,Foam-Mild/WIN_20260707_13_14_01_Pro.jpg,Foam-Mild/augmented/contrast/root/WIN_20260707_13_14_01_Pro__contrast.jpg,contrast,"{""factor"": 0.9674}"
Foam-Mild,root,Foam-Mild/WIN_20260707_13_14_01_Pro.jpg,Foam-Mild/augmented/saturation/root/WIN_20260707_13_14_01_Pro__saturation.jpg,saturation,"{""factor"": 0.9754}"
Foam-Mild,root,Foam-Mild/WIN_20260707_13_14_01_Pro.jpg,Foam-Mild/augmented/zoom_translate/root/WIN_20260707_13_14_01_Pro__zoom_translate.jpg,zoom_translate,"{""shift_x_fraction"": 0.0138, ""shift_y_fraction"": -0.0151, ""zoom"": 1.0301}"
Foam-Mild,root,Foam-Mild/WIN_20260707_13_14_12_Pro.jpg,Foam-Mild/augmented/small_rotation/root/WIN_20260707_13_14_12_Pro__small_rotation.jpg,small_rotation,"{""angle_degrees"": 2.9792}"
Foam-Mild,root,Foam-Mild/WIN_20260707_13_14_12_Pro.jpg,Foam-Mild/augmented/horizontal_flip/root/WIN_20260707_13_14_12_Pro__horizontal_flip.jpg,horizontal_flip,{}
Foam-Mild,root,Foam-Mild/WIN_20260707_13_14_12_Pro.jpg,Foam-Mild/augmented/brightness/root/WIN_20260707_13_14_12_Pro__brightness.jpg,brightness,"{""factor"": 0.9262}"
Foam-Mild,root,Foam-Mild/WIN_20260707_13_14_12_Pro.jpg,Foam-Mild/augmented/contrast/root/WIN_20260707_13_14_12_Pro__contrast.jpg,contrast,"{""factor"": 1.0333}"
Foam-Mild,root,Foam-Mild/WIN_20260707_13_14_12_Pro.jpg,Foam-Mild/augmented/saturation/root/WIN_20260707_13_14_12_Pro__saturation.jpg,saturation,"{""factor"": 1.0751}"
Foam-Mild,root,Foam-Mild/WIN_20260707_13_14_12_Pro.jpg,Foam-Mild/augmented/zoom_translate/root/WIN_20260707_13_14_12_Pro__zoom_translate.jpg,zoom_translate,"{""shift_x_fraction"": 0.0349, ""shift_y_fraction"": 0.0147, ""zoom"": 1.0699}"
Foam-Mild,root,Foam-Mild/WIN_20260707_13_14_13_Pro.jpg,Foam-Mild/augmented/small_rotation/root/WIN_20260707_13_14_13_Pro__small_rotation.jpg,small_rotation,"{""angle_degrees"": -2.3015}"
Foam-Mild,root,Foam-Mild/WIN_20260707_13_14_13_Pro.jpg,Foam-Mild/augmented/horizontal_flip/root/WIN_20260707_13_14_13_Pro__horizontal_flip.jpg,horizontal_flip,{}
Foam-Mild,root,Foam-Mild/WIN_20260707_13_14_13_Pro.jpg,Foam-Mild/augmented/brightness/root/WIN_20260707_13_14_13_Pro__brightness.jpg,brightness,"{""factor"": 1.1181}"
Foam-Mild,root,Foam-Mild/WIN_20260707_13_14_13_Pro.jpg,Foam-Mild/augmented/contrast/root/WIN_20260707_13_14_13_Pro__contrast.jpg,contrast,"{""factor"": 1.0487}"
Foam-Mild,root,Foam-Mild/WIN_20260707_13_14_13_Pro.jpg,Foam-Mild/augmented/saturation/root/WIN_20260707_13_14_13_Pro__saturation.jpg,saturation,"{""factor"": 0.9663}"
Foam-Mild,root,Foam-Mild/WIN_20260707_13_14_13_Pro.jpg,Foam-Mild/augmented/zoom_translate/root/WIN_20260707_13_14_13_Pro__zoom_translate.jpg,zoom_translate,"{""shift_x_fraction"": -0.0326, ""shift_y_fraction"": -0.0161, ""zoom"": 1.0483}"
Foam-Mild,root,Foam-Mild/WIN_20260707_13_14_16_Pro.jpg,Foam-Mild/augmented/small_rotation/root/WIN_20260707_13_14_16_Pro__small_rotation.jpg,small_rotation,"{""angle_degrees"": 3.1958}"
Foam-Mild,root,Foam-Mild/WIN_20260707_13_14_16_Pro.jpg,Foam-Mild/augmented/horizontal_flip/root/WIN_20260707_13_14_16_Pro__horizontal_flip.jpg,horizontal_flip,{}
Foam-Mild,root,Foam-Mild/WIN_20260707_13_14_16_Pro.jpg,Foam-Mild/augmented/brightness/root/WIN_20260707_13_14_16_Pro__brightness.jpg,brightness,"{""factor"": 0.9959}"
Foam-Mild,root,Foam-Mild/WIN_20260707_13_14_16_Pro.jpg,Foam-Mild/augmented/contrast/root/WIN_20260707_13_14_16_Pro__contrast.jpg,contrast,"{""factor"": 1.0839}"
Foam-Mild,root,Foam-Mild/WIN_20260707_13_14_16_Pro.jpg,Foam-Mild/augmented/saturation/root/WIN_20260707_13_14_16_Pro__saturation.jpg,saturation,"{""factor"": 0.9502}"
Foam-Mild,root,Foam-Mild/WIN_20260707_13_14_16_Pro.jpg,Foam-Mild/augmented/zoom_translate/root/WIN_20260707_13_14_16_Pro__zoom_translate.jpg,zoom_translate,"{""shift_x_fraction"": -0.0198, ""shift_y_fraction"": 0.0238, ""zoom"": 1.0745}"
Foam-Mild,root,Foam-Mild/WIN_20260707_13_14_18_Pro.jpg,Foam-Mild/augmented/small_rotation/root/WIN_20260707_13_14_18_Pro__small_rotation.jpg,small_rotation,"{""angle_degrees"": 0.084}"
Foam-Mild,root,Foam-Mild/WIN_20260707_13_14_18_Pro.jpg,Foam-Mild/augmented/horizontal_flip/root/WIN_20260707_13_14_18_Pro__horizontal_flip.jpg,horizontal_flip,{}
Foam-Mild,root,Foam-Mild/WIN_20260707_13_14_18_Pro.jpg,Foam-Mild/augmented/brightness/root/WIN_20260707_13_14_18_Pro__brightness.jpg,brightness,"{""factor"": 1.0152}"
Foam-Mild,root,Foam-Mild/WIN_20260707_13_14_18_Pro.jpg,Foam-Mild/augmented/contrast/root/WIN_20260707_13_14_18_Pro__contrast.jpg,contrast,"{""factor"": 0.8919}"
Foam-Mild,root,Foam-Mild/WIN_20260707_13_14_18_Pro.jpg,Foam-Mild/augmented/saturation/root/WIN_20260707_13_14_18_Pro__saturation.jpg,saturation,"{""factor"": 0.9706}"
Foam-Mild,root,Foam-Mild/WIN_20260707_13_14_18_Pro.jpg,Foam-Mild/augmented/zoom_translate/root/WIN_20260707_13_14_18_Pro__zoom_translate.jpg,zoom_translate,"{""shift_x_fraction"": -0.0331, ""shift_y_fraction"": -0.0204, ""zoom"": 1.0331}"
Foam-Mild,root,Foam-Mild/WIN_20260707_13_14_32_Pro.jpg,Foam-Mild/augmented/small_rotation/root/WIN_20260707_13_14_32_Pro__small_rotation.jpg,small_rotation,"{""angle_degrees"": -7.5189}"
Foam-Mild,root,Foam-Mild/WIN_20260707_13_14_32_Pro.jpg,Foam-Mild/augmented/horizontal_flip/root/WIN_20260707_13_14_32_Pro__horizontal_flip.jpg,horizontal_flip,{}
Foam-Mild,root,Foam-Mild/WIN_20260707_13_14_32_Pro.jpg,Foam-Mild/augmented/brightness/root/WIN_20260707_13_14_32_Pro__brightness.jpg,brightness,"{""factor"": 0.9019}"
Foam-Mild,root,Foam-Mild/WIN_20260707_13_14_32_Pro.jpg,Foam-Mild/augmented/contrast/root/WIN_20260707_13_14_32_Pro__contrast.jpg,contrast,"{""factor"": 1.0681}"
Foam-Mild,root,Foam-Mild/WIN_20260707_13_14_32_Pro.jpg,Foam-Mild/augmented/saturation/root/WIN_20260707_13_14_32_Pro__saturation.jpg,saturation,"{""factor"": 1.0846}"
Foam-Mild,root,Foam-Mild/WIN_20260707_13_14_32_Pro.jpg,Foam-Mild/augmented/zoom_translate/root/WIN_20260707_13_14_32_Pro__zoom_translate.jpg,zoom_translate,"{""shift_x_fraction"": 0.0095, ""shift_y_fraction"": 0.0327, ""zoom"": 1.0198}"
Foam-Mild,root,Foam-Mild/WIN_20260707_13_14_40_Pro.jpg,Foam-Mild/augmented/small_rotation/root/WIN_20260707_13_14_40_Pro__small_rotation.jpg,small_rotation,"{""angle_degrees"": -5.4857}"
Foam-Mild,root,Foam-Mild/WIN_20260707_13_14_40_Pro.jpg,Foam-Mild/augmented/horizontal_flip/root/WIN_20260707_13_14_40_Pro__horizontal_flip.jpg,horizontal_flip,{}
Foam-Mild,root,Foam-Mild/WIN_20260707_13_14_40_Pro.jpg,Foam-Mild/augmented/brightness/root/WIN_20260707_13_14_40_Pro__brightness.jpg,brightness,"{""factor"": 0.9859}"
Foam-Mild,root,Foam-Mild/WIN_20260707_13_14_40_Pro.jpg,Foam-Mild/augmented/contrast/root/WIN_20260707_13_14_40_Pro__contrast.jpg,contrast,"{""factor"": 0.9951}"
Foam-Mild,root,Foam-Mild/WIN_20260707_13_14_40_Pro.jpg,Foam-Mild/augmented/saturation/root/WIN_20260707_13_14_40_Pro__saturation.jpg,saturation,"{""factor"": 0.9922}"
Foam-Mild,root,Foam-Mild/WIN_20260707_13_14_40_Pro.jpg,Foam-Mild/augmented/zoom_translate/root/WIN_20260707_13_14_40_Pro__zoom_translate.jpg,zoom_translate,"{""shift_x_fraction"": 0.0277, ""shift_y_fraction"": -0.019, ""zoom"": 1.0532}"
Foam-Mild,root,Foam-Mild/WIN_20260707_13_15_00_Pro.jpg,Foam-Mild/augmented/small_rotation/root/WIN_20260707_13_15_00_Pro__small_rotation.jpg,small_rotation,"{""angle_degrees"": 0.1545}"
Foam-Mild,root,Foam-Mild/WIN_20260707_13_15_00_Pro.jpg,Foam-Mild/augmented/horizontal_flip/root/WIN_20260707_13_15_00_Pro__horizontal_flip.jpg,horizontal_flip,{}
Foam-Mild,root,Foam-Mild/WIN_20260707_13_15_00_Pro.jpg,Foam-Mild/augmented/brightness/root/WIN_20260707_13_15_00_Pro__brightness.jpg,brightness,"{""factor"": 1.1311}"
Foam-Mild,root,Foam-Mild/WIN_20260707_13_15_00_Pro.jpg,Foam-Mild/augmented/contrast/root/WIN_20260707_13_15_00_Pro__contrast.jpg,contrast,"{""factor"": 1.146}"
Foam-Mild,root,Foam-Mild/WIN_20260707_13_15_00_Pro.jpg,Foam-Mild/augmented/saturation/root/WIN_20260707_13_15_00_Pro__saturation.jpg,saturation,"{""factor"": 1.0347}"
Foam-Mild,root,Foam-Mild/WIN_20260707_13_15_00_Pro.jpg,Foam-Mild/augmented/zoom_translate/root/WIN_20260707_13_15_00_Pro__zoom_translate.jpg,zoom_translate,"{""shift_x_fraction"": -0.0165, ""shift_y_fraction"": -0.01, ""zoom"": 1.0737}"
Foam-Mild,root,Foam-Mild/WIN_20260707_13_15_05_Pro.jpg,Foam-Mild/augmented/small_rotation/root/WIN_20260707_13_15_05_Pro__small_rotation.jpg,small_rotation,"{""angle_degrees"": 3.1548}"
Foam-Mild,root,Foam-Mild/WIN_20260707_13_15_05_Pro.jpg,Foam-Mild/augmented/horizontal_flip/root/WIN_20260707_13_15_05_Pro__horizontal_flip.jpg,horizontal_flip,{}
Foam-Mild,root,Foam-Mild/WIN_20260707_13_15_05_Pro.jpg,Foam-Mild/augmented/brightness/root/WIN_20260707_13_15_05_Pro__brightness.jpg,brightness,"{""factor"": 1.0935}"
Foam-Mild,root,Foam-Mild/WIN_20260707_13_15_05_Pro.jpg,Foam-Mild/augmented/contrast/root/WIN_20260707_13_15_05_Pro__contrast.jpg,contrast,"{""factor"": 1.1103}"
Foam-Mild,root,Foam-Mild/WIN_20260707_13_15_05_Pro.jpg,Foam-Mild/augmented/saturation/root/WIN_20260707_13_15_05_Pro__saturation.jpg,saturation,"{""factor"": 0.9527}"
Foam-Mild,root,Foam-Mild/WIN_20260707_13_15_05_Pro.jpg,Foam-Mild/augmented/zoom_translate/root/WIN_20260707_13_15_05_Pro__zoom_translate.jpg,zoom_translate,"{""shift_x_fraction"": -0.0326, ""shift_y_fraction"": 0.0275, ""zoom"": 1.0347}"
Foam-Mild,root,Foam-Mild/WIN_20260707_13_16_03_Pro.jpg,Foam-Mild/augmented/small_rotation/root/WIN_20260707_13_16_03_Pro__small_rotation.jpg,small_rotation,"{""angle_degrees"": -1.4818}"
Foam-Mild,root,Foam-Mild/WIN_20260707_13_16_03_Pro.jpg,Foam-Mild/augmented/horizontal_flip/root/WIN_20260707_13_16_03_Pro__horizontal_flip.jpg,horizontal_flip,{}
Foam-Mild,root,Foam-Mild/WIN_20260707_13_16_03_Pro.jpg,Foam-Mild/augmented/brightness/root/WIN_20260707_13_16_03_Pro__brightness.jpg,brightness,"{""factor"": 1.1101}"
Foam-Mild,root,Foam-Mild/WIN_20260707_13_16_03_Pro.jpg,Foam-Mild/augmented/contrast/root/WIN_20260707_13_16_03_Pro__contrast.jpg,contrast,"{""factor"": 1.0214}"
Foam-Mild,root,Foam-Mild/WIN_20260707_13_16_03_Pro.jpg,Foam-Mild/augmented/saturation/root/WIN_20260707_13_16_03_Pro__saturation.jpg,saturation,"{""factor"": 0.9299}"
Foam-Mild,root,Foam-Mild/WIN_20260707_13_16_03_Pro.jpg,Foam-Mild/augmented/zoom_translate/root/WIN_20260707_13_16_03_Pro__zoom_translate.jpg,zoom_translate,"{""shift_x_fraction"": -0.0243, ""shift_y_fraction"": 0.0282, ""zoom"": 1.0726}"
Foam-Mild,root,Foam-Mild/WIN_20260707_13_16_04_Pro.jpg,Foam-Mild/augmented/small_rotation/root/WIN_20260707_13_16_04_Pro__small_rotation.jpg,small_rotation,"{""angle_degrees"": 2.7871}"
Foam-Mild,root,Foam-Mild/WIN_20260707_13_16_04_Pro.jpg,Foam-Mild/augmented/horizontal_flip/root/WIN_20260707_13_16_04_Pro__horizontal_flip.jpg,horizontal_flip,{}
Foam-Mild,root,Foam-Mild/WIN_20260707_13_16_04_Pro.jpg,Foam-Mild/augmented/brightness/root/WIN_20260707_13_16_04_Pro__brightness.jpg,brightness,"{""factor"": 1.0122}"
Foam-Mild,root,Foam-Mild/WIN_20260707_13_16_04_Pro.jpg,Foam-Mild/augmented/contrast/root/WIN_20260707_13_16_04_Pro__contrast.jpg,contrast,"{""factor"": 0.9122}"
Foam-Mild,root,Foam-Mild/WIN_20260707_13_16_04_Pro.jpg,Foam-Mild/augmented/saturation/root/WIN_20260707_13_16_04_Pro__saturation.jpg,saturation,"{""factor"": 1.0457}"
Foam-Mild,root,Foam-Mild/WIN_20260707_13_16_04_Pro.jpg,Foam-Mild/augmented/zoom_translate/root/WIN_20260707_13_16_04_Pro__zoom_translate.jpg,zoom_translate,"{""shift_x_fraction"": 0.0274, ""shift_y_fraction"": 0.0225, ""zoom"": 1.0244}"
Foam-Mild,root,Foam-Mild/WIN_20260707_13_16_33_Pro.jpg,Foam-Mild/augmented/small_rotation/root/WIN_20260707_13_16_33_Pro__small_rotation.jpg,small_rotation,"{""angle_degrees"": 0.5108}"
Foam-Mild,root,Foam-Mild/WIN_20260707_13_16_33_Pro.jpg,Foam-Mild/augmented/horizontal_flip/root/WIN_20260707_13_16_33_Pro__horizontal_flip.jpg,horizontal_flip,{}
Foam-Mild,root,Foam-Mild/WIN_20260707_13_16_33_Pro.jpg,Foam-Mild/augmented/brightness/root/WIN_20260707_13_16_33_Pro__brightness.jpg,brightness,"{""factor"": 1.0168}"
Foam-Mild,root,Foam-Mild/WIN_20260707_13_16_33_Pro.jpg,Foam-Mild/augmented/contrast/root/WIN_20260707_13_16_33_Pro__contrast.jpg,contrast,"{""factor"": 1.0132}"
Foam-Mild,root,Foam-Mild/WIN_20260707_13_16_33_Pro.jpg,Foam-Mild/augmented/saturation/root/WIN_20260707_13_16_33_Pro__saturation.jpg,saturation,"{""factor"": 1.0849}"
Foam-Mild,root,Foam-Mild/WIN_20260707_13_16_33_Pro.jpg,Foam-Mild/augmented/zoom_translate/root/WIN_20260707_13_16_33_Pro__zoom_translate.jpg,zoom_translate,"{""shift_x_fraction"": -0.0337, ""shift_y_fraction"": -0.024, ""zoom"": 1.001}"
Foam-Mild,root,Foam-Mild/WIN_20260707_13_16_34_Pro.jpg,Foam-Mild/augmented/small_rotation/root/WIN_20260707_13_16_34_Pro__small_rotation.jpg,small_rotation,"{""angle_degrees"": 2.8982}"
Foam-Mild,root,Foam-Mild/WIN_20260707_13_16_34_Pro.jpg,Foam-Mild/augmented/horizontal_flip/root/WIN_20260707_13_16_34_Pro__horizontal_flip.jpg,horizontal_flip,{}
Foam-Mild,root,Foam-Mild/WIN_20260707_13_16_34_Pro.jpg,Foam-Mild/augmented/brightness/root/WIN_20260707_13_16_34_Pro__brightness.jpg,brightness,"{""factor"": 0.8515}"
Foam-Mild,root,Foam-Mild/WIN_20260707_13_16_34_Pro.jpg,Foam-Mild/augmented/contrast/root/WIN_20260707_13_16_34_Pro__contrast.jpg,contrast,"{""factor"": 0.9259}"
Foam-Mild,root,Foam-Mild/WIN_20260707_13_16_34_Pro.jpg,Foam-Mild/augmented/saturation/root/WIN_20260707_13_16_34_Pro__saturation.jpg,saturation,"{""factor"": 0.9819}"
Foam-Mild,root,Foam-Mild/WIN_20260707_13_16_34_Pro.jpg,Foam-Mild/augmented/zoom_translate/root/WIN_20260707_13_16_34_Pro__zoom_translate.jpg,zoom_translate,"{""shift_x_fraction"": 0.0009, ""shift_y_fraction"": -0.0047, ""zoom"": 1.0362}"
Foam-Mild,root,Foam-Mild/WIN_20260707_13_16_46_Pro.jpg,Foam-Mild/augmented/small_rotation/root/WIN_20260707_13_16_46_Pro__small_rotation.jpg,small_rotation,"{""angle_degrees"": -3.5367}"
Foam-Mild,root,Foam-Mild/WIN_20260707_13_16_46_Pro.jpg,Foam-Mild/augmented/horizontal_flip/root/WIN_20260707_13_16_46_Pro__horizontal_flip.jpg,horizontal_flip,{}
Foam-Mild,root,Foam-Mild/WIN_20260707_13_16_46_Pro.jpg,Foam-Mild/augmented/brightness/root/WIN_20260707_13_16_46_Pro__brightness.jpg,brightness,"{""factor"": 1.1149}"
Foam-Mild,root,Foam-Mild/WIN_20260707_13_16_46_Pro.jpg,Foam-Mild/augmented/contrast/root/WIN_20260707_13_16_46_Pro__contrast.jpg,contrast,"{""factor"": 0.9259}"
Foam-Mild,root,Foam-Mild/WIN_20260707_13_16_46_Pro.jpg,Foam-Mild/augmented/saturation/root/WIN_20260707_13_16_46_Pro__saturation.jpg,saturation,"{""factor"": 1.0938}"
Foam-Mild,root,Foam-Mild/WIN_20260707_13_16_46_Pro.jpg,Foam-Mild/augmented/zoom_translate/root/WIN_20260707_13_16_46_Pro__zoom_translate.jpg,zoom_translate,"{""shift_x_fraction"": -0.0067, ""shift_y_fraction"": 0.0089, ""zoom"": 1.0447}"
Foam-Mild,root,Foam-Mild/WIN_20260707_13_17_44_Pro.jpg,Foam-Mild/augmented/small_rotation/root/WIN_20260707_13_17_44_Pro__small_rotation.jpg,small_rotation,"{""angle_degrees"": 4.8498}"
Foam-Mild,root,Foam-Mild/WIN_20260707_13_17_44_Pro.jpg,Foam-Mild/augmented/horizontal_flip/root/WIN_20260707_13_17_44_Pro__horizontal_flip.jpg,horizontal_flip,{}
Foam-Mild,root,Foam-Mild/WIN_20260707_13_17_44_Pro.jpg,Foam-Mild/augmented/brightness/root/WIN_20260707_13_17_44_Pro__brightness.jpg,brightness,"{""factor"": 1.1456}"
Foam-Mild,root,Foam-Mild/WIN_20260707_13_17_44_Pro.jpg,Foam-Mild/augmented/contrast/root/WIN_20260707_13_17_44_Pro__contrast.jpg,contrast,"{""factor"": 1.0157}"
Foam-Mild,root,Foam-Mild/WIN_20260707_13_17_44_Pro.jpg,Foam-Mild/augmented/saturation/root/WIN_20260707_13_17_44_Pro__saturation.jpg,saturation,"{""factor"": 0.9154}"
Foam-Mild,root,Foam-Mild/WIN_20260707_13_17_44_Pro.jpg,Foam-Mild/augmented/zoom_translate/root/WIN_20260707_13_17_44_Pro__zoom_translate.jpg,zoom_translate,"{""shift_x_fraction"": 0.0254, ""shift_y_fraction"": 0.0193, ""zoom"": 1.0348}"
Foam-Mild,root,Foam-Mild/WIN_20260707_13_17_45_Pro.jpg,Foam-Mild/augmented/small_rotation/root/WIN_20260707_13_17_45_Pro__small_rotation.jpg,small_rotation,"{""angle_degrees"": -7.5649}"
Foam-Mild,root,Foam-Mild/WIN_20260707_13_17_45_Pro.jpg,Foam-Mild/augmented/horizontal_flip/root/WIN_20260707_13_17_45_Pro__horizontal_flip.jpg,horizontal_flip,{}
Foam-Mild,root,Foam-Mild/WIN_20260707_13_17_45_Pro.jpg,Foam-Mild/augmented/brightness/root/WIN_20260707_13_17_45_Pro__brightness.jpg,brightness,"{""factor"": 1.0503}"
Foam-Mild,root,Foam-Mild/WIN_20260707_13_17_45_Pro.jpg,Foam-Mild/augmented/contrast/root/WIN_20260707_13_17_45_Pro__contrast.jpg,contrast,"{""factor"": 1.0375}"
Foam-Mild,root,Foam-Mild/WIN_20260707_13_17_45_Pro.jpg,Foam-Mild/augmented/saturation/root/WIN_20260707_13_17_45_Pro__saturation.jpg,saturation,"{""factor"": 1.0619}"
Foam-Mild,root,Foam-Mild/WIN_20260707_13_17_45_Pro.jpg,Foam-Mild/augmented/zoom_translate/root/WIN_20260707_13_17_45_Pro__zoom_translate.jpg,zoom_translate,"{""shift_x_fraction"": -0.0134, ""shift_y_fraction"": -0.0191, ""zoom"": 1.0012}"
Foam-Mild,root,Foam-Mild/WIN_20260707_13_18_08_Pro (2).jpg,Foam-Mild/augmented/small_rotation/root/WIN_20260707_13_18_08_Pro (2)__small_rotation.jpg,small_rotation,"{""angle_degrees"": 1.6041}"
Foam-Mild,root,Foam-Mild/WIN_20260707_13_18_08_Pro (2).jpg,Foam-Mild/augmented/horizontal_flip/root/WIN_20260707_13_18_08_Pro (2)__horizontal_flip.jpg,horizontal_flip,{}
Foam-Mild,root,Foam-Mild/WIN_20260707_13_18_08_Pro (2).jpg,Foam-Mild/augmented/brightness/root/WIN_20260707_13_18_08_Pro (2)__brightness.jpg,brightness,"{""factor"": 1.0175}"
Foam-Mild,root,Foam-Mild/WIN_20260707_13_18_08_Pro (2).jpg,Foam-Mild/augmented/contrast/root/WIN_20260707_13_18_08_Pro (2)__contrast.jpg,contrast,"{""factor"": 0.9377}"
Foam-Mild,root,Foam-Mild/WIN_20260707_13_18_08_Pro (2).jpg,Foam-Mild/augmented/saturation/root/WIN_20260707_13_18_08_Pro (2)__saturation.jpg,saturation,"{""factor"": 1.0004}"
Foam-Mild,root,Foam-Mild/WIN_20260707_13_18_08_Pro (2).jpg,Foam-Mild/augmented/zoom_translate/root/WIN_20260707_13_18_08_Pro (2)__zoom_translate.jpg,zoom_translate,"{""shift_x_fraction"": 0.0277, ""shift_y_fraction"": -0.0294, ""zoom"": 1.0468}"
Foam-Mild,root,Foam-Mild/WIN_20260707_13_18_08_Pro.jpg,Foam-Mild/augmented/small_rotation/root/WIN_20260707_13_18_08_Pro__small_rotation.jpg,small_rotation,"{""angle_degrees"": -0.1103}"
Foam-Mild,root,Foam-Mild/WIN_20260707_13_18_08_Pro.jpg,Foam-Mild/augmented/horizontal_flip/root/WIN_20260707_13_18_08_Pro__horizontal_flip.jpg,horizontal_flip,{}
Foam-Mild,root,Foam-Mild/WIN_20260707_13_18_08_Pro.jpg,Foam-Mild/augmented/brightness/root/WIN_20260707_13_18_08_Pro__brightness.jpg,brightness,"{""factor"": 1.134}"
Foam-Mild,root,Foam-Mild/WIN_20260707_13_18_08_Pro.jpg,Foam-Mild/augmented/contrast/root/WIN_20260707_13_18_08_Pro__contrast.jpg,contrast,"{""factor"": 1.0133}"
Foam-Mild,root,Foam-Mild/WIN_20260707_13_18_08_Pro.jpg,Foam-Mild/augmented/saturation/root/WIN_20260707_13_18_08_Pro__saturation.jpg,saturation,"{""factor"": 1.0685}"
Foam-Mild,root,Foam-Mild/WIN_20260707_13_18_08_Pro.jpg,Foam-Mild/augmented/zoom_translate/root/WIN_20260707_13_18_08_Pro__zoom_translate.jpg,zoom_translate,"{""shift_x_fraction"": 0.0307, ""shift_y_fraction"": -0.0031, ""zoom"": 1.0257}"
Foam-Mild,root,Foam-Mild/WIN_20260707_13_18_09_Pro.jpg,Foam-Mild/augmented/small_rotation/root/WIN_20260707_13_18_09_Pro__small_rotation.jpg,small_rotation,"{""angle_degrees"": 5.168}"
Foam-Mild,root,Foam-Mild/WIN_20260707_13_18_09_Pro.jpg,Foam-Mild/augmented/horizontal_flip/root/WIN_20260707_13_18_09_Pro__horizontal_flip.jpg,horizontal_flip,{}
Foam-Mild,root,Foam-Mild/WIN_20260707_13_18_09_Pro.jpg,Foam-Mild/augmented/brightness/root/WIN_20260707_13_18_09_Pro__brightness.jpg,brightness,"{""factor"": 1.144}"
Foam-Mild,root,Foam-Mild/WIN_20260707_13_18_09_Pro.jpg,Foam-Mild/augmented/contrast/root/WIN_20260707_13_18_09_Pro__contrast.jpg,contrast,"{""factor"": 0.8846}"
Foam-Mild,root,Foam-Mild/WIN_20260707_13_18_09_Pro.jpg,Foam-Mild/augmented/saturation/root/WIN_20260707_13_18_09_Pro__saturation.jpg,saturation,"{""factor"": 0.9013}"
Foam-Mild,root,Foam-Mild/WIN_20260707_13_18_09_Pro.jpg,Foam-Mild/augmented/zoom_translate/root/WIN_20260707_13_18_09_Pro__zoom_translate.jpg,zoom_translate,"{""shift_x_fraction"": -0.0109, ""shift_y_fraction"": 0.0011, ""zoom"": 1.0021}"
Foam-Mild,root,Foam-Mild/WIN_20260707_13_19_00_Pro.jpg,Foam-Mild/augmented/small_rotation/root/WIN_20260707_13_19_00_Pro__small_rotation.jpg,small_rotation,"{""angle_degrees"": -5.4987}"
Foam-Mild,root,Foam-Mild/WIN_20260707_13_19_00_Pro.jpg,Foam-Mild/augmented/horizontal_flip/root/WIN_20260707_13_19_00_Pro__horizontal_flip.jpg,horizontal_flip,{}
Foam-Mild,root,Foam-Mild/WIN_20260707_13_19_00_Pro.jpg,Foam-Mild/augmented/brightness/root/WIN_20260707_13_19_00_Pro__brightness.jpg,brightness,"{""factor"": 1.0962}"
Foam-Mild,root,Foam-Mild/WIN_20260707_13_19_00_Pro.jpg,Foam-Mild/augmented/contrast/root/WIN_20260707_13_19_00_Pro__contrast.jpg,contrast,"{""factor"": 1.1403}"
Foam-Mild,root,Foam-Mild/WIN_20260707_13_19_00_Pro.jpg,Foam-Mild/augmented/saturation/root/WIN_20260707_13_19_00_Pro__saturation.jpg,saturation,"{""factor"": 1.0395}"
Foam-Mild,root,Foam-Mild/WIN_20260707_13_19_00_Pro.jpg,Foam-Mild/augmented/zoom_translate/root/WIN_20260707_13_19_00_Pro__zoom_translate.jpg,zoom_translate,"{""shift_x_fraction"": -0.0182, ""shift_y_fraction"": 0.0287, ""zoom"": 1.0391}"
Foam-Mild,root,Foam-Mild/WIN_20260707_13_19_01_Pro.jpg,Foam-Mild/augmented/small_rotation/root/WIN_20260707_13_19_01_Pro__small_rotation.jpg,small_rotation,"{""angle_degrees"": -5.6107}"
Foam-Mild,root,Foam-Mild/WIN_20260707_13_19_01_Pro.jpg,Foam-Mild/augmented/horizontal_flip/root/WIN_20260707_13_19_01_Pro__horizontal_flip.jpg,horizontal_flip,{}
Foam-Mild,root,Foam-Mild/WIN_20260707_13_19_01_Pro.jpg,Foam-Mild/augmented/brightness/root/WIN_20260707_13_19_01_Pro__brightness.jpg,brightness,"{""factor"": 0.882}"
Foam-Mild,root,Foam-Mild/WIN_20260707_13_19_01_Pro.jpg,Foam-Mild/augmented/contrast/root/WIN_20260707_13_19_01_Pro__contrast.jpg,contrast,"{""factor"": 0.949}"
Foam-Mild,root,Foam-Mild/WIN_20260707_13_19_01_Pro.jpg,Foam-Mild/augmented/saturation/root/WIN_20260707_13_19_01_Pro__saturation.jpg,saturation,"{""factor"": 1.0202}"
Foam-Mild,root,Foam-Mild/WIN_20260707_13_19_01_Pro.jpg,Foam-Mild/augmented/zoom_translate/root/WIN_20260707_13_19_01_Pro__zoom_translate.jpg,zoom_translate,"{""shift_x_fraction"": -0.0009, ""shift_y_fraction"": -0.0097, ""zoom"": 1.044}"
Foam-Mild,root,Foam-Mild/WIN_20260707_13_19_41_Pro.jpg,Foam-Mild/augmented/small_rotation/root/WIN_20260707_13_19_41_Pro__small_rotation.jpg,small_rotation,"{""angle_degrees"": -6.4283}"
Foam-Mild,root,Foam-Mild/WIN_20260707_13_19_41_Pro.jpg,Foam-Mild/augmented/horizontal_flip/root/WIN_20260707_13_19_41_Pro__horizontal_flip.jpg,horizontal_flip,{}
Foam-Mild,root,Foam-Mild/WIN_20260707_13_19_41_Pro.jpg,Foam-Mild/augmented/brightness/root/WIN_20260707_13_19_41_Pro__brightness.jpg,brightness,"{""factor"": 1.1271}"
Foam-Mild,root,Foam-Mild/WIN_20260707_13_19_41_Pro.jpg,Foam-Mild/augmented/contrast/root/WIN_20260707_13_19_41_Pro__contrast.jpg,contrast,"{""factor"": 0.907}"
Foam-Mild,root,Foam-Mild/WIN_20260707_13_19_41_Pro.jpg,Foam-Mild/augmented/saturation/root/WIN_20260707_13_19_41_Pro__saturation.jpg,saturation,"{""factor"": 1.0509}"
Foam-Mild,root,Foam-Mild/WIN_20260707_13_19_41_Pro.jpg,Foam-Mild/augmented/zoom_translate/root/WIN_20260707_13_19_41_Pro__zoom_translate.jpg,zoom_translate,"{""shift_x_fraction"": 0.0133, ""shift_y_fraction"": -0.0036, ""zoom"": 1.024}"
Foam-Mild,root,Foam-Mild/WIN_20260707_13_19_42_Pro.jpg,Foam-Mild/augmented/small_rotation/root/WIN_20260707_13_19_42_Pro__small_rotation.jpg,small_rotation,"{""angle_degrees"": 6.2178}"
Foam-Mild,root,Foam-Mild/WIN_20260707_13_19_42_Pro.jpg,Foam-Mild/augmented/horizontal_flip/root/WIN_20260707_13_19_42_Pro__horizontal_flip.jpg,horizontal_flip,{}
Foam-Mild,root,Foam-Mild/WIN_20260707_13_19_42_Pro.jpg,Foam-Mild/augmented/brightness/root/WIN_20260707_13_19_42_Pro__brightness.jpg,brightness,"{""factor"": 1.084}"
Foam-Mild,root,Foam-Mild/WIN_20260707_13_19_42_Pro.jpg,Foam-Mild/augmented/contrast/root/WIN_20260707_13_19_42_Pro__contrast.jpg,contrast,"{""factor"": 0.969}"
Foam-Mild,root,Foam-Mild/WIN_20260707_13_19_42_Pro.jpg,Foam-Mild/augmented/saturation/root/WIN_20260707_13_19_42_Pro__saturation.jpg,saturation,"{""factor"": 1.0238}"
Foam-Mild,root,Foam-Mild/WIN_20260707_13_19_42_Pro.jpg,Foam-Mild/augmented/zoom_translate/root/WIN_20260707_13_19_42_Pro__zoom_translate.jpg,zoom_translate,"{""shift_x_fraction"": -0.0055, ""shift_y_fraction"": 0.0046, ""zoom"": 1.0666}"
Foam-Mild,root,Foam-Mild/WIN_20260707_13_19_43_Pro.jpg,Foam-Mild/augmented/small_rotation/root/WIN_20260707_13_19_43_Pro__small_rotation.jpg,small_rotation,"{""angle_degrees"": -2.3706}"
Foam-Mild,root,Foam-Mild/WIN_20260707_13_19_43_Pro.jpg,Foam-Mild/augmented/horizontal_flip/root/WIN_20260707_13_19_43_Pro__horizontal_flip.jpg,horizontal_flip,{}
Foam-Mild,root,Foam-Mild/WIN_20260707_13_19_43_Pro.jpg,Foam-Mild/augmented/brightness/root/WIN_20260707_13_19_43_Pro__brightness.jpg,brightness,"{""factor"": 0.9252}"
Foam-Mild,root,Foam-Mild/WIN_20260707_13_19_43_Pro.jpg,Foam-Mild/augmented/contrast/root/WIN_20260707_13_19_43_Pro__contrast.jpg,contrast,"{""factor"": 1.0551}"
Foam-Mild,root,Foam-Mild/WIN_20260707_13_19_43_Pro.jpg,Foam-Mild/augmented/saturation/root/WIN_20260707_13_19_43_Pro__saturation.jpg,saturation,"{""factor"": 0.9439}"
Foam-Mild,root,Foam-Mild/WIN_20260707_13_19_43_Pro.jpg,Foam-Mild/augmented/zoom_translate/root/WIN_20260707_13_19_43_Pro__zoom_translate.jpg,zoom_translate,"{""shift_x_fraction"": 0.0159, ""shift_y_fraction"": -0.004, ""zoom"": 1.0548}"
Foam-Mild,root,Foam-Mild/WIN_20260707_13_21_14_Pro.jpg,Foam-Mild/augmented/small_rotation/root/WIN_20260707_13_21_14_Pro__small_rotation.jpg,small_rotation,"{""angle_degrees"": -0.7903}"
Foam-Mild,root,Foam-Mild/WIN_20260707_13_21_14_Pro.jpg,Foam-Mild/augmented/horizontal_flip/root/WIN_20260707_13_21_14_Pro__horizontal_flip.jpg,horizontal_flip,{}
Foam-Mild,root,Foam-Mild/WIN_20260707_13_21_14_Pro.jpg,Foam-Mild/augmented/brightness/root/WIN_20260707_13_21_14_Pro__brightness.jpg,brightness,"{""factor"": 1.1256}"
Foam-Mild,root,Foam-Mild/WIN_20260707_13_21_14_Pro.jpg,Foam-Mild/augmented/contrast/root/WIN_20260707_13_21_14_Pro__contrast.jpg,contrast,"{""factor"": 1.1386}"
Foam-Mild,root,Foam-Mild/WIN_20260707_13_21_14_Pro.jpg,Foam-Mild/augmented/saturation/root/WIN_20260707_13_21_14_Pro__saturation.jpg,saturation,"{""factor"": 1.0159}"
Foam-Mild,root,Foam-Mild/WIN_20260707_13_21_14_Pro.jpg,Foam-Mild/augmented/zoom_translate/root/WIN_20260707_13_21_14_Pro__zoom_translate.jpg,zoom_translate,"{""shift_x_fraction"": 0.0222, ""shift_y_fraction"": 0.0157, ""zoom"": 1.0794}"
Foam-Mild,root,Foam-Mild/WIN_20260707_13_21_35_Pro.jpg,Foam-Mild/augmented/small_rotation/root/WIN_20260707_13_21_35_Pro__small_rotation.jpg,small_rotation,"{""angle_degrees"": -0.8993}"
Foam-Mild,root,Foam-Mild/WIN_20260707_13_21_35_Pro.jpg,Foam-Mild/augmented/horizontal_flip/root/WIN_20260707_13_21_35_Pro__horizontal_flip.jpg,horizontal_flip,{}
Foam-Mild,root,Foam-Mild/WIN_20260707_13_21_35_Pro.jpg,Foam-Mild/augmented/brightness/root/WIN_20260707_13_21_35_Pro__brightness.jpg,brightness,"{""factor"": 1.0415}"
Foam-Mild,root,Foam-Mild/WIN_20260707_13_21_35_Pro.jpg,Foam-Mild/augmented/contrast/root/WIN_20260707_13_21_35_Pro__contrast.jpg,contrast,"{""factor"": 1.0586}"
Foam-Mild,root,Foam-Mild/WIN_20260707_13_21_35_Pro.jpg,Foam-Mild/augmented/saturation/root/WIN_20260707_13_21_35_Pro__saturation.jpg,saturation,"{""factor"": 0.9924}"
Foam-Mild,root,Foam-Mild/WIN_20260707_13_21_35_Pro.jpg,Foam-Mild/augmented/zoom_translate/root/WIN_20260707_13_21_35_Pro__zoom_translate.jpg,zoom_translate,"{""shift_x_fraction"": 0.0139, ""shift_y_fraction"": 0.0332, ""zoom"": 1.0022}"
Foam-Mild,root,Foam-Mild/WIN_20260707_13_35_30_Pro.jpg,Foam-Mild/augmented/small_rotation/root/WIN_20260707_13_35_30_Pro__small_rotation.jpg,small_rotation,"{""angle_degrees"": 0.1303}"
Foam-Mild,root,Foam-Mild/WIN_20260707_13_35_30_Pro.jpg,Foam-Mild/augmented/horizontal_flip/root/WIN_20260707_13_35_30_Pro__horizontal_flip.jpg,horizontal_flip,{}
Foam-Mild,root,Foam-Mild/WIN_20260707_13_35_30_Pro.jpg,Foam-Mild/augmented/brightness/root/WIN_20260707_13_35_30_Pro__brightness.jpg,brightness,"{""factor"": 1.0204}"
Foam-Mild,root,Foam-Mild/WIN_20260707_13_35_30_Pro.jpg,Foam-Mild/augmented/contrast/root/WIN_20260707_13_35_30_Pro__contrast.jpg,contrast,"{""factor"": 1.1287}"
Foam-Mild,root,Foam-Mild/WIN_20260707_13_35_30_Pro.jpg,Foam-Mild/augmented/saturation/root/WIN_20260707_13_35_30_Pro__saturation.jpg,saturation,"{""factor"": 1.0672}"
Foam-Mild,root,Foam-Mild/WIN_20260707_13_35_30_Pro.jpg,Foam-Mild/augmented/zoom_translate/root/WIN_20260707_13_35_30_Pro__zoom_translate.jpg,zoom_translate,"{""shift_x_fraction"": 0.0318, ""shift_y_fraction"": -0.0283, ""zoom"": 1.0305}"
Foam-Mild,root,Foam-Mild/WIN_20260707_13_35_32_Pro.jpg,Foam-Mild/augmented/small_rotation/root/WIN_20260707_13_35_32_Pro__small_rotation.jpg,small_rotation,"{""angle_degrees"": 2.9586}"
Foam-Mild,root,Foam-Mild/WIN_20260707_13_35_32_Pro.jpg,Foam-Mild/augmented/horizontal_flip/root/WIN_20260707_13_35_32_Pro__horizontal_flip.jpg,horizontal_flip,{}
Foam-Mild,root,Foam-Mild/WIN_20260707_13_35_32_Pro.jpg,Foam-Mild/augmented/brightness/root/WIN_20260707_13_35_32_Pro__brightness.jpg,brightness,"{""factor"": 0.9797}"
Foam-Mild,root,Foam-Mild/WIN_20260707_13_35_32_Pro.jpg,Foam-Mild/augmented/contrast/root/WIN_20260707_13_35_32_Pro__contrast.jpg,contrast,"{""factor"": 1.1497}"
Foam-Mild,root,Foam-Mild/WIN_20260707_13_35_32_Pro.jpg,Foam-Mild/augmented/saturation/root/WIN_20260707_13_35_32_Pro__saturation.jpg,saturation,"{""factor"": 1.0853}"
Foam-Mild,root,Foam-Mild/WIN_20260707_13_35_32_Pro.jpg,Foam-Mild/augmented/zoom_translate/root/WIN_20260707_13_35_32_Pro__zoom_translate.jpg,zoom_translate,"{""shift_x_fraction"": 0.0216, ""shift_y_fraction"": -0.023, ""zoom"": 1.0365}"
Foam-Mild,root,Foam-Mild/WIN_20260707_13_35_34_Pro.jpg,Foam-Mild/augmented/small_rotation/root/WIN_20260707_13_35_34_Pro__small_rotation.jpg,small_rotation,"{""angle_degrees"": -3.851}"
Foam-Mild,root,Foam-Mild/WIN_20260707_13_35_34_Pro.jpg,Foam-Mild/augmented/horizontal_flip/root/WIN_20260707_13_35_34_Pro__horizontal_flip.jpg,horizontal_flip,{}
Foam-Mild,root,Foam-Mild/WIN_20260707_13_35_34_Pro.jpg,Foam-Mild/augmented/brightness/root/WIN_20260707_13_35_34_Pro__brightness.jpg,brightness,"{""factor"": 1.0124}"
Foam-Mild,root,Foam-Mild/WIN_20260707_13_35_34_Pro.jpg,Foam-Mild/augmented/contrast/root/WIN_20260707_13_35_34_Pro__contrast.jpg,contrast,"{""factor"": 1.0013}"
Foam-Mild,root,Foam-Mild/WIN_20260707_13_35_34_Pro.jpg,Foam-Mild/augmented/saturation/root/WIN_20260707_13_35_34_Pro__saturation.jpg,saturation,"{""factor"": 1.0276}"
Foam-Mild,root,Foam-Mild/WIN_20260707_13_35_34_Pro.jpg,Foam-Mild/augmented/zoom_translate/root/WIN_20260707_13_35_34_Pro__zoom_translate.jpg,zoom_translate,"{""shift_x_fraction"": -0.0335, ""shift_y_fraction"": -0.0252, ""zoom"": 1.0562}"
Foam-Mild,root,Foam-Mild/WIN_20260707_13_35_36_Pro.jpg,Foam-Mild/augmented/small_rotation/root/WIN_20260707_13_35_36_Pro__small_rotation.jpg,small_rotation,"{""angle_degrees"": 2.3174}"
Foam-Mild,root,Foam-Mild/WIN_20260707_13_35_36_Pro.jpg,Foam-Mild/augmented/horizontal_flip/root/WIN_20260707_13_35_36_Pro__horizontal_flip.jpg,horizontal_flip,{}
Foam-Mild,root,Foam-Mild/WIN_20260707_13_35_36_Pro.jpg,Foam-Mild/augmented/brightness/root/WIN_20260707_13_35_36_Pro__brightness.jpg,brightness,"{""factor"": 0.9327}"
Foam-Mild,root,Foam-Mild/WIN_20260707_13_35_36_Pro.jpg,Foam-Mild/augmented/contrast/root/WIN_20260707_13_35_36_Pro__contrast.jpg,contrast,"{""factor"": 1.0048}"
Foam-Mild,root,Foam-Mild/WIN_20260707_13_35_36_Pro.jpg,Foam-Mild/augmented/saturation/root/WIN_20260707_13_35_36_Pro__saturation.jpg,saturation,"{""factor"": 1.0794}"
Foam-Mild,root,Foam-Mild/WIN_20260707_13_35_36_Pro.jpg,Foam-Mild/augmented/zoom_translate/root/WIN_20260707_13_35_36_Pro__zoom_translate.jpg,zoom_translate,"{""shift_x_fraction"": 0.0161, ""shift_y_fraction"": -0.0192, ""zoom"": 1.0008}"
Foam-Mild,root,Foam-Mild/WIN_20260707_13_35_38_Pro.jpg,Foam-Mild/augmented/small_rotation/root/WIN_20260707_13_35_38_Pro__small_rotation.jpg,small_rotation,"{""angle_degrees"": -4.6391}"
Foam-Mild,root,Foam-Mild/WIN_20260707_13_35_38_Pro.jpg,Foam-Mild/augmented/horizontal_flip/root/WIN_20260707_13_35_38_Pro__horizontal_flip.jpg,horizontal_flip,{}
Foam-Mild,root,Foam-Mild/WIN_20260707_13_35_38_Pro.jpg,Foam-Mild/augmented/brightness/root/WIN_20260707_13_35_38_Pro__brightness.jpg,brightness,"{""factor"": 0.9578}"
Foam-Mild,root,Foam-Mild/WIN_20260707_13_35_38_Pro.jpg,Foam-Mild/augmented/contrast/root/WIN_20260707_13_35_38_Pro__contrast.jpg,contrast,"{""factor"": 0.9869}"
Foam-Mild,root,Foam-Mild/WIN_20260707_13_35_38_Pro.jpg,Foam-Mild/augmented/saturation/root/WIN_20260707_13_35_38_Pro__saturation.jpg,saturation,"{""factor"": 1.03}"
Foam-Mild,root,Foam-Mild/WIN_20260707_13_35_38_Pro.jpg,Foam-Mild/augmented/zoom_translate/root/WIN_20260707_13_35_38_Pro__zoom_translate.jpg,zoom_translate,"{""shift_x_fraction"": -0.0031, ""shift_y_fraction"": 0.0119, ""zoom"": 1.0041}"
Foam-Mild,root,Foam-Mild/WIN_20260707_13_35_40_Pro.jpg,Foam-Mild/augmented/small_rotation/root/WIN_20260707_13_35_40_Pro__small_rotation.jpg,small_rotation,"{""angle_degrees"": 1.0879}"
Foam-Mild,root,Foam-Mild/WIN_20260707_13_35_40_Pro.jpg,Foam-Mild/augmented/horizontal_flip/root/WIN_20260707_13_35_40_Pro__horizontal_flip.jpg,horizontal_flip,{}
Foam-Mild,root,Foam-Mild/WIN_20260707_13_35_40_Pro.jpg,Foam-Mild/augmented/brightness/root/WIN_20260707_13_35_40_Pro__brightness.jpg,brightness,"{""factor"": 0.9127}"
Foam-Mild,root,Foam-Mild/WIN_20260707_13_35_40_Pro.jpg,Foam-Mild/augmented/contrast/root/WIN_20260707_13_35_40_Pro__contrast.jpg,contrast,"{""factor"": 1.1251}"
Foam-Mild,root,Foam-Mild/WIN_20260707_13_35_40_Pro.jpg,Foam-Mild/augmented/saturation/root/WIN_20260707_13_35_40_Pro__saturation.jpg,saturation,"{""factor"": 0.9283}"
Foam-Mild,root,Foam-Mild/WIN_20260707_13_35_40_Pro.jpg,Foam-Mild/augmented/zoom_translate/root/WIN_20260707_13_35_40_Pro__zoom_translate.jpg,zoom_translate,"{""shift_x_fraction"": -0.0287, ""shift_y_fraction"": 0.0265, ""zoom"": 1.0279}"
Foam-Mild,root,Foam-Mild/WIN_20260707_13_35_41_Pro.jpg,Foam-Mild/augmented/small_rotation/root/WIN_20260707_13_35_41_Pro__small_rotation.jpg,small_rotation,"{""angle_degrees"": 3.2241}"
Foam-Mild,root,Foam-Mild/WIN_20260707_13_35_41_Pro.jpg,Foam-Mild/augmented/horizontal_flip/root/WIN_20260707_13_35_41_Pro__horizontal_flip.jpg,horizontal_flip,{}
Foam-Mild,root,Foam-Mild/WIN_20260707_13_35_41_Pro.jpg,Foam-Mild/augmented/brightness/root/WIN_20260707_13_35_41_Pro__brightness.jpg,brightness,"{""factor"": 0.9129}"
Foam-Mild,root,Foam-Mild/WIN_20260707_13_35_41_Pro.jpg,Foam-Mild/augmented/contrast/root/WIN_20260707_13_35_41_Pro__contrast.jpg,contrast,"{""factor"": 1.0317}"
Foam-Mild,root,Foam-Mild/WIN_20260707_13_35_41_Pro.jpg,Foam-Mild/augmented/saturation/root/WIN_20260707_13_35_41_Pro__saturation.jpg,saturation,"{""factor"": 0.9984}"
Foam-Mild,root,Foam-Mild/WIN_20260707_13_35_41_Pro.jpg,Foam-Mild/augmented/zoom_translate/root/WIN_20260707_13_35_41_Pro__zoom_translate.jpg,zoom_translate,"{""shift_x_fraction"": 0.009, ""shift_y_fraction"": -0.002, ""zoom"": 1.0329}"
Foam-Mild,root,Foam-Mild/WIN_20260707_13_35_42_Pro.jpg,Foam-Mild/augmented/small_rotation/root/WIN_20260707_13_35_42_Pro__small_rotation.jpg,small_rotation,"{""angle_degrees"": -2.6344}"
Foam-Mild,root,Foam-Mild/WIN_20260707_13_35_42_Pro.jpg,Foam-Mild/augmented/horizontal_flip/root/WIN_20260707_13_35_42_Pro__horizontal_flip.jpg,horizontal_flip,{}
Foam-Mild,root,Foam-Mild/WIN_20260707_13_35_42_Pro.jpg,Foam-Mild/augmented/brightness/root/WIN_20260707_13_35_42_Pro__brightness.jpg,brightness,"{""factor"": 1.012}"
Foam-Mild,root,Foam-Mild/WIN_20260707_13_35_42_Pro.jpg,Foam-Mild/augmented/contrast/root/WIN_20260707_13_35_42_Pro__contrast.jpg,contrast,"{""factor"": 1.0083}"
Foam-Mild,root,Foam-Mild/WIN_20260707_13_35_42_Pro.jpg,Foam-Mild/augmented/saturation/root/WIN_20260707_13_35_42_Pro__saturation.jpg,saturation,"{""factor"": 1.0438}"
Foam-Mild,root,Foam-Mild/WIN_20260707_13_35_42_Pro.jpg,Foam-Mild/augmented/zoom_translate/root/WIN_20260707_13_35_42_Pro__zoom_translate.jpg,zoom_translate,"{""shift_x_fraction"": 0.016, ""shift_y_fraction"": -0.0066, ""zoom"": 1.0336}"
Foam-Mild,root,Foam-Mild/WIN_20260707_13_35_44_Pro.jpg,Foam-Mild/augmented/small_rotation/root/WIN_20260707_13_35_44_Pro__small_rotation.jpg,small_rotation,"{""angle_degrees"": -7.789}"
Foam-Mild,root,Foam-Mild/WIN_20260707_13_35_44_Pro.jpg,Foam-Mild/augmented/horizontal_flip/root/WIN_20260707_13_35_44_Pro__horizontal_flip.jpg,horizontal_flip,{}
Foam-Mild,root,Foam-Mild/WIN_20260707_13_35_44_Pro.jpg,Foam-Mild/augmented/brightness/root/WIN_20260707_13_35_44_Pro__brightness.jpg,brightness,"{""factor"": 0.944}"
Foam-Mild,root,Foam-Mild/WIN_20260707_13_35_44_Pro.jpg,Foam-Mild/augmented/contrast/root/WIN_20260707_13_35_44_Pro__contrast.jpg,contrast,"{""factor"": 0.9015}"
Foam-Mild,root,Foam-Mild/WIN_20260707_13_35_44_Pro.jpg,Foam-Mild/augmented/saturation/root/WIN_20260707_13_35_44_Pro__saturation.jpg,saturation,"{""factor"": 0.9223}"
Foam-Mild,root,Foam-Mild/WIN_20260707_13_35_44_Pro.jpg,Foam-Mild/augmented/zoom_translate/root/WIN_20260707_13_35_44_Pro__zoom_translate.jpg,zoom_translate,"{""shift_x_fraction"": -0.0079, ""shift_y_fraction"": -0.004, ""zoom"": 1.0372}"
Foam-Mild,root,Foam-Mild/WIN_20260707_13_35_45_Pro.jpg,Foam-Mild/augmented/small_rotation/root/WIN_20260707_13_35_45_Pro__small_rotation.jpg,small_rotation,"{""angle_degrees"": -3.0829}"
Foam-Mild,root,Foam-Mild/WIN_20260707_13_35_45_Pro.jpg,Foam-Mild/augmented/horizontal_flip/root/WIN_20260707_13_35_45_Pro__horizontal_flip.jpg,horizontal_flip,{}
Foam-Mild,root,Foam-Mild/WIN_20260707_13_35_45_Pro.jpg,Foam-Mild/augmented/brightness/root/WIN_20260707_13_35_45_Pro__brightness.jpg,brightness,"{""factor"": 0.9701}"
Foam-Mild,root,Foam-Mild/WIN_20260707_13_35_45_Pro.jpg,Foam-Mild/augmented/contrast/root/WIN_20260707_13_35_45_Pro__contrast.jpg,contrast,"{""factor"": 0.9851}"
Foam-Mild,root,Foam-Mild/WIN_20260707_13_35_45_Pro.jpg,Foam-Mild/augmented/saturation/root/WIN_20260707_13_35_45_Pro__saturation.jpg,saturation,"{""factor"": 1.0743}"
Foam-Mild,root,Foam-Mild/WIN_20260707_13_35_45_Pro.jpg,Foam-Mild/augmented/zoom_translate/root/WIN_20260707_13_35_45_Pro__zoom_translate.jpg,zoom_translate,"{""shift_x_fraction"": 0.0049, ""shift_y_fraction"": -0.0048, ""zoom"": 1.0217}"
Foam-Mild,root,Foam-Mild/WIN_20260707_13_35_46_Pro.jpg,Foam-Mild/augmented/small_rotation/root/WIN_20260707_13_35_46_Pro__small_rotation.jpg,small_rotation,"{""angle_degrees"": -3.0997}"
Foam-Mild,root,Foam-Mild/WIN_20260707_13_35_46_Pro.jpg,Foam-Mild/augmented/horizontal_flip/root/WIN_20260707_13_35_46_Pro__horizontal_flip.jpg,horizontal_flip,{}
Foam-Mild,root,Foam-Mild/WIN_20260707_13_35_46_Pro.jpg,Foam-Mild/augmented/brightness/root/WIN_20260707_13_35_46_Pro__brightness.jpg,brightness,"{""factor"": 0.8759}"
Foam-Mild,root,Foam-Mild/WIN_20260707_13_35_46_Pro.jpg,Foam-Mild/augmented/contrast/root/WIN_20260707_13_35_46_Pro__contrast.jpg,contrast,"{""factor"": 1.0006}"
Foam-Mild,root,Foam-Mild/WIN_20260707_13_35_46_Pro.jpg,Foam-Mild/augmented/saturation/root/WIN_20260707_13_35_46_Pro__saturation.jpg,saturation,"{""factor"": 1.0005}"
Foam-Mild,root,Foam-Mild/WIN_20260707_13_35_46_Pro.jpg,Foam-Mild/augmented/zoom_translate/root/WIN_20260707_13_35_46_Pro__zoom_translate.jpg,zoom_translate,"{""shift_x_fraction"": 0.0019, ""shift_y_fraction"": -0.0131, ""zoom"": 1.0398}"
Foam-Mild,root,Foam-Mild/WIN_20260707_13_35_48_Pro.jpg,Foam-Mild/augmented/small_rotation/root/WIN_20260707_13_35_48_Pro__small_rotation.jpg,small_rotation,"{""angle_degrees"": -0.6046}"
Foam-Mild,root,Foam-Mild/WIN_20260707_13_35_48_Pro.jpg,Foam-Mild/augmented/horizontal_flip/root/WIN_20260707_13_35_48_Pro__horizontal_flip.jpg,horizontal_flip,{}
Foam-Mild,root,Foam-Mild/WIN_20260707_13_35_48_Pro.jpg,Foam-Mild/augmented/brightness/root/WIN_20260707_13_35_48_Pro__brightness.jpg,brightness,"{""factor"": 0.9642}"
Foam-Mild,root,Foam-Mild/WIN_20260707_13_35_48_Pro.jpg,Foam-Mild/augmented/contrast/root/WIN_20260707_13_35_48_Pro__contrast.jpg,contrast,"{""factor"": 1.0462}"
Foam-Mild,root,Foam-Mild/WIN_20260707_13_35_48_Pro.jpg,Foam-Mild/augmented/saturation/root/WIN_20260707_13_35_48_Pro__saturation.jpg,saturation,"{""factor"": 0.9137}"
Foam-Mild,root,Foam-Mild/WIN_20260707_13_35_48_Pro.jpg,Foam-Mild/augmented/zoom_translate/root/WIN_20260707_13_35_48_Pro__zoom_translate.jpg,zoom_translate,"{""shift_x_fraction"": 0.0141, ""shift_y_fraction"": -0.0206, ""zoom"": 1.0525}"
Foam-Mild,root,Foam-Mild/frame_0000.jpg,Foam-Mild/augmented/small_rotation/root/frame_0000__small_rotation.jpg,small_rotation,"{""angle_degrees"": -2.9985}"
Foam-Mild,root,Foam-Mild/frame_0000.jpg,Foam-Mild/augmented/horizontal_flip/root/frame_0000__horizontal_flip.jpg,horizontal_flip,{}
Foam-Mild,root,Foam-Mild/frame_0000.jpg,Foam-Mild/augmented/brightness/root/frame_0000__brightness.jpg,brightness,"{""factor"": 0.8643}"
Foam-Mild,root,Foam-Mild/frame_0000.jpg,Foam-Mild/augmented/contrast/root/frame_0000__contrast.jpg,contrast,"{""factor"": 0.9895}"
Foam-Mild,root,Foam-Mild/frame_0000.jpg,Foam-Mild/augmented/saturation/root/frame_0000__saturation.jpg,saturation,"{""factor"": 1.0367}"
Foam-Mild,root,Foam-Mild/frame_0000.jpg,Foam-Mild/augmented/zoom_translate/root/frame_0000__zoom_translate.jpg,zoom_translate,"{""shift_x_fraction"": 0.0343, ""shift_y_fraction"": 0.024, ""zoom"": 1.0567}"
Foam-Mild,root,Foam-Mild/frame_0001.jpg,Foam-Mild/augmented/small_rotation/root/frame_0001__small_rotation.jpg,small_rotation,"{""angle_degrees"": -7.1822}"
Foam-Mild,root,Foam-Mild/frame_0001.jpg,Foam-Mild/augmented/horizontal_flip/root/frame_0001__horizontal_flip.jpg,horizontal_flip,{}
Foam-Mild,root,Foam-Mild/frame_0001.jpg,Foam-Mild/augmented/brightness/root/frame_0001__brightness.jpg,brightness,"{""factor"": 1.0589}"
Foam-Mild,root,Foam-Mild/frame_0001.jpg,Foam-Mild/augmented/contrast/root/frame_0001__contrast.jpg,contrast,"{""factor"": 0.9144}"
Foam-Mild,root,Foam-Mild/frame_0001.jpg,Foam-Mild/augmented/saturation/root/frame_0001__saturation.jpg,saturation,"{""factor"": 1.0583}"
Foam-Mild,root,Foam-Mild/frame_0001.jpg,Foam-Mild/augmented/zoom_translate/root/frame_0001__zoom_translate.jpg,zoom_translate,"{""shift_x_fraction"": -0.0067, ""shift_y_fraction"": 0.006, ""zoom"": 1.0593}"
Foam-Mild,root,Foam-Mild/frame_0002.jpg,Foam-Mild/augmented/small_rotation/root/frame_0002__small_rotation.jpg,small_rotation,"{""angle_degrees"": -1.2212}"
Foam-Mild,root,Foam-Mild/frame_0002.jpg,Foam-Mild/augmented/horizontal_flip/root/frame_0002__horizontal_flip.jpg,horizontal_flip,{}
Foam-Mild,root,Foam-Mild/frame_0002.jpg,Foam-Mild/augmented/brightness/root/frame_0002__brightness.jpg,brightness,"{""factor"": 1.1407}"
Foam-Mild,root,Foam-Mild/frame_0002.jpg,Foam-Mild/augmented/contrast/root/frame_0002__contrast.jpg,contrast,"{""factor"": 0.9133}"
Foam-Mild,root,Foam-Mild/frame_0002.jpg,Foam-Mild/augmented/saturation/root/frame_0002__saturation.jpg,saturation,"{""factor"": 1.0276}"
Foam-Mild,root,Foam-Mild/frame_0002.jpg,Foam-Mild/augmented/zoom_translate/root/frame_0002__zoom_translate.jpg,zoom_translate,"{""shift_x_fraction"": -0.0244, ""shift_y_fraction"": -0.0168, ""zoom"": 1.0641}"
Foam-Mild,root,Foam-Mild/frame_0003.jpg,Foam-Mild/augmented/small_rotation/root/frame_0003__small_rotation.jpg,small_rotation,"{""angle_degrees"": 5.5347}"
Foam-Mild,root,Foam-Mild/frame_0003.jpg,Foam-Mild/augmented/horizontal_flip/root/frame_0003__horizontal_flip.jpg,horizontal_flip,{}
Foam-Mild,root,Foam-Mild/frame_0003.jpg,Foam-Mild/augmented/brightness/root/frame_0003__brightness.jpg,brightness,"{""factor"": 0.9828}"
Foam-Mild,root,Foam-Mild/frame_0003.jpg,Foam-Mild/augmented/contrast/root/frame_0003__contrast.jpg,contrast,"{""factor"": 1.1236}"
Foam-Mild,root,Foam-Mild/frame_0003.jpg,Foam-Mild/augmented/saturation/root/frame_0003__saturation.jpg,saturation,"{""factor"": 0.956}"
Foam-Mild,root,Foam-Mild/frame_0003.jpg,Foam-Mild/augmented/zoom_translate/root/frame_0003__zoom_translate.jpg,zoom_translate,"{""shift_x_fraction"": 0.0091, ""shift_y_fraction"": -0.0132, ""zoom"": 1.0795}"
Foam-Mild,root,Foam-Mild/frame_0004.jpg,Foam-Mild/augmented/small_rotation/root/frame_0004__small_rotation.jpg,small_rotation,"{""angle_degrees"": -0.6982}"
Foam-Mild,root,Foam-Mild/frame_0004.jpg,Foam-Mild/augmented/horizontal_flip/root/frame_0004__horizontal_flip.jpg,horizontal_flip,{}
Foam-Mild,root,Foam-Mild/frame_0004.jpg,Foam-Mild/augmented/brightness/root/frame_0004__brightness.jpg,brightness,"{""factor"": 0.8746}"
Foam-Mild,root,Foam-Mild/frame_0004.jpg,Foam-Mild/augmented/contrast/root/frame_0004__contrast.jpg,contrast,"{""factor"": 1.0052}"
Foam-Mild,root,Foam-Mild/frame_0004.jpg,Foam-Mild/augmented/saturation/root/frame_0004__saturation.jpg,saturation,"{""factor"": 0.9845}"
Foam-Mild,root,Foam-Mild/frame_0004.jpg,Foam-Mild/augmented/zoom_translate/root/frame_0004__zoom_translate.jpg,zoom_translate,"{""shift_x_fraction"": 0.0246, ""shift_y_fraction"": -0.0188, ""zoom"": 1.0669}"
Foam-Mild,root,Foam-Mild/frame_0005.jpg,Foam-Mild/augmented/small_rotation/root/frame_0005__small_rotation.jpg,small_rotation,"{""angle_degrees"": -3.4063}"
Foam-Mild,root,Foam-Mild/frame_0005.jpg,Foam-Mild/augmented/horizontal_flip/root/frame_0005__horizontal_flip.jpg,horizontal_flip,{}
Foam-Mild,root,Foam-Mild/frame_0005.jpg,Foam-Mild/augmented/brightness/root/frame_0005__brightness.jpg,brightness,"{""factor"": 1.0869}"
Foam-Mild,root,Foam-Mild/frame_0005.jpg,Foam-Mild/augmented/contrast/root/frame_0005__contrast.jpg,contrast,"{""factor"": 0.934}"
Foam-Mild,root,Foam-Mild/frame_0005.jpg,Foam-Mild/augmented/saturation/root/frame_0005__saturation.jpg,saturation,"{""factor"": 1.0567}"
Foam-Mild,root,Foam-Mild/frame_0005.jpg,Foam-Mild/augmented/zoom_translate/root/frame_0005__zoom_translate.jpg,zoom_translate,"{""shift_x_fraction"": -0.013, ""shift_y_fraction"": -0.0268, ""zoom"": 1.0457}"
Foam-Mild,root,Foam-Mild/frame_0006.jpg,Foam-Mild/augmented/small_rotation/root/frame_0006__small_rotation.jpg,small_rotation,"{""angle_degrees"": 5.0208}"
Foam-Mild,root,Foam-Mild/frame_0006.jpg,Foam-Mild/augmented/horizontal_flip/root/frame_0006__horizontal_flip.jpg,horizontal_flip,{}
Foam-Mild,root,Foam-Mild/frame_0006.jpg,Foam-Mild/augmented/brightness/root/frame_0006__brightness.jpg,brightness,"{""factor"": 1.0154}"
Foam-Mild,root,Foam-Mild/frame_0006.jpg,Foam-Mild/augmented/contrast/root/frame_0006__contrast.jpg,contrast,"{""factor"": 0.9653}"
Foam-Mild,root,Foam-Mild/frame_0006.jpg,Foam-Mild/augmented/saturation/root/frame_0006__saturation.jpg,saturation,"{""factor"": 0.9814}"
Foam-Mild,root,Foam-Mild/frame_0006.jpg,Foam-Mild/augmented/zoom_translate/root/frame_0006__zoom_translate.jpg,zoom_translate,"{""shift_x_fraction"": -0.0048, ""shift_y_fraction"": 0.0002, ""zoom"": 1.0327}"
Foam-Mild,root,Foam-Mild/frame_0007.jpg,Foam-Mild/augmented/small_rotation/root/frame_0007__small_rotation.jpg,small_rotation,"{""angle_degrees"": 6.046}"
Foam-Mild,root,Foam-Mild/frame_0007.jpg,Foam-Mild/augmented/horizontal_flip/root/frame_0007__horizontal_flip.jpg,horizontal_flip,{}
Foam-Mild,root,Foam-Mild/frame_0007.jpg,Foam-Mild/augmented/brightness/root/frame_0007__brightness.jpg,brightness,"{""factor"": 1.1396}"
Foam-Mild,root,Foam-Mild/frame_0007.jpg,Foam-Mild/augmented/contrast/root/frame_0007__contrast.jpg,contrast,"{""factor"": 0.9533}"
Foam-Mild,root,Foam-Mild/frame_0007.jpg,Foam-Mild/augmented/saturation/root/frame_0007__saturation.jpg,saturation,"{""factor"": 1.082}"
Foam-Mild,root,Foam-Mild/frame_0007.jpg,Foam-Mild/augmented/zoom_translate/root/frame_0007__zoom_translate.jpg,zoom_translate,"{""shift_x_fraction"": 0.0085, ""shift_y_fraction"": -0.0305, ""zoom"": 1.0258}"
Foam-Mild,root,Foam-Mild/frame_0008.jpg,Foam-Mild/augmented/small_rotation/root/frame_0008__small_rotation.jpg,small_rotation,"{""angle_degrees"": 7.1126}"
Foam-Mild,root,Foam-Mild/frame_0008.jpg,Foam-Mild/augmented/horizontal_flip/root/frame_0008__horizontal_flip.jpg,horizontal_flip,{}
Foam-Mild,root,Foam-Mild/frame_0008.jpg,Foam-Mild/augmented/brightness/root/frame_0008__brightness.jpg,brightness,"{""factor"": 1.023}"
Foam-Mild,root,Foam-Mild/frame_0008.jpg,Foam-Mild/augmented/contrast/root/frame_0008__contrast.jpg,contrast,"{""factor"": 1.0012}"
Foam-Mild,root,Foam-Mild/frame_0008.jpg,Foam-Mild/augmented/saturation/root/frame_0008__saturation.jpg,saturation,"{""factor"": 0.9479}"
Foam-Mild,root,Foam-Mild/frame_0008.jpg,Foam-Mild/augmented/zoom_translate/root/frame_0008__zoom_translate.jpg,zoom_translate,"{""shift_x_fraction"": -0.0233, ""shift_y_fraction"": -0.033, ""zoom"": 1.0045}"
Foam-Mild,root,Foam-Mild/frame_0009.jpg,Foam-Mild/augmented/small_rotation/root/frame_0009__small_rotation.jpg,small_rotation,"{""angle_degrees"": -7.5774}"
Foam-Mild,root,Foam-Mild/frame_0009.jpg,Foam-Mild/augmented/horizontal_flip/root/frame_0009__horizontal_flip.jpg,horizontal_flip,{}
Foam-Mild,root,Foam-Mild/frame_0009.jpg,Foam-Mild/augmented/brightness/root/frame_0009__brightness.jpg,brightness,"{""factor"": 0.9643}"
Foam-Mild,root,Foam-Mild/frame_0009.jpg,Foam-Mild/augmented/contrast/root/frame_0009__contrast.jpg,contrast,"{""factor"": 0.9309}"
Foam-Mild,root,Foam-Mild/frame_0009.jpg,Foam-Mild/augmented/saturation/root/frame_0009__saturation.jpg,saturation,"{""factor"": 1.0332}"
Foam-Mild,root,Foam-Mild/frame_0009.jpg,Foam-Mild/augmented/zoom_translate/root/frame_0009__zoom_translate.jpg,zoom_translate,"{""shift_x_fraction"": 0.0103, ""shift_y_fraction"": -0.0215, ""zoom"": 1.0061}"
Foam-Mild,root,Foam-Mild/frame_0010.jpg,Foam-Mild/augmented/small_rotation/root/frame_0010__small_rotation.jpg,small_rotation,"{""angle_degrees"": -5.1485}"
Foam-Mild,root,Foam-Mild/frame_0010.jpg,Foam-Mild/augmented/horizontal_flip/root/frame_0010__horizontal_flip.jpg,horizontal_flip,{}
Foam-Mild,root,Foam-Mild/frame_0010.jpg,Foam-Mild/augmented/brightness/root/frame_0010__brightness.jpg,brightness,"{""factor"": 0.9287}"
Foam-Mild,root,Foam-Mild/frame_0010.jpg,Foam-Mild/augmented/contrast/root/frame_0010__contrast.jpg,contrast,"{""factor"": 1.0817}"
Foam-Mild,root,Foam-Mild/frame_0010.jpg,Foam-Mild/augmented/saturation/root/frame_0010__saturation.jpg,saturation,"{""factor"": 0.9381}"
Foam-Mild,root,Foam-Mild/frame_0010.jpg,Foam-Mild/augmented/zoom_translate/root/frame_0010__zoom_translate.jpg,zoom_translate,"{""shift_x_fraction"": -0.0001, ""shift_y_fraction"": 0.033, ""zoom"": 1.0649}"
Foam-Mild,root,Foam-Mild/frame_0011.jpg,Foam-Mild/augmented/small_rotation/root/frame_0011__small_rotation.jpg,small_rotation,"{""angle_degrees"": -0.311}"
Foam-Mild,root,Foam-Mild/frame_0011.jpg,Foam-Mild/augmented/horizontal_flip/root/frame_0011__horizontal_flip.jpg,horizontal_flip,{}
Foam-Mild,root,Foam-Mild/frame_0011.jpg,Foam-Mild/augmented/brightness/root/frame_0011__brightness.jpg,brightness,"{""factor"": 1.1178}"
Foam-Mild,root,Foam-Mild/frame_0011.jpg,Foam-Mild/augmented/contrast/root/frame_0011__contrast.jpg,contrast,"{""factor"": 1.01}"
Foam-Mild,root,Foam-Mild/frame_0011.jpg,Foam-Mild/augmented/saturation/root/frame_0011__saturation.jpg,saturation,"{""factor"": 0.9202}"
Foam-Mild,root,Foam-Mild/frame_0011.jpg,Foam-Mild/augmented/zoom_translate/root/frame_0011__zoom_translate.jpg,zoom_translate,"{""shift_x_fraction"": -0.0181, ""shift_y_fraction"": 0.0032, ""zoom"": 1.0605}"
Foam-Mild,root,Foam-Mild/frame_0012.jpg,Foam-Mild/augmented/small_rotation/root/frame_0012__small_rotation.jpg,small_rotation,"{""angle_degrees"": 1.1971}"
Foam-Mild,root,Foam-Mild/frame_0012.jpg,Foam-Mild/augmented/horizontal_flip/root/frame_0012__horizontal_flip.jpg,horizontal_flip,{}
Foam-Mild,root,Foam-Mild/frame_0012.jpg,Foam-Mild/augmented/brightness/root/frame_0012__brightness.jpg,brightness,"{""factor"": 0.8654}"
Foam-Mild,root,Foam-Mild/frame_0012.jpg,Foam-Mild/augmented/contrast/root/frame_0012__contrast.jpg,contrast,"{""factor"": 1.0918}"
Foam-Mild,root,Foam-Mild/frame_0012.jpg,Foam-Mild/augmented/saturation/root/frame_0012__saturation.jpg,saturation,"{""factor"": 1.0751}"
Foam-Mild,root,Foam-Mild/frame_0012.jpg,Foam-Mild/augmented/zoom_translate/root/frame_0012__zoom_translate.jpg,zoom_translate,"{""shift_x_fraction"": -0.0129, ""shift_y_fraction"": -0.0073, ""zoom"": 1.06}"
Foam-Mild,root,Foam-Mild/frame_0013.jpg,Foam-Mild/augmented/small_rotation/root/frame_0013__small_rotation.jpg,small_rotation,"{""angle_degrees"": -5.632}"
Foam-Mild,root,Foam-Mild/frame_0013.jpg,Foam-Mild/augmented/horizontal_flip/root/frame_0013__horizontal_flip.jpg,horizontal_flip,{}
Foam-Mild,root,Foam-Mild/frame_0013.jpg,Foam-Mild/augmented/brightness/root/frame_0013__brightness.jpg,brightness,"{""factor"": 1.095}"
Foam-Mild,root,Foam-Mild/frame_0013.jpg,Foam-Mild/augmented/contrast/root/frame_0013__contrast.jpg,contrast,"{""factor"": 0.8546}"
Foam-Mild,root,Foam-Mild/frame_0013.jpg,Foam-Mild/augmented/saturation/root/frame_0013__saturation.jpg,saturation,"{""factor"": 1.0933}"
Foam-Mild,root,Foam-Mild/frame_0013.jpg,Foam-Mild/augmented/zoom_translate/root/frame_0013__zoom_translate.jpg,zoom_translate,"{""shift_x_fraction"": -0.0119, ""shift_y_fraction"": 0.0231, ""zoom"": 1.009}"
Foam-Mild,root,Foam-Mild/frame_0014.jpg,Foam-Mild/augmented/small_rotation/root/frame_0014__small_rotation.jpg,small_rotation,"{""angle_degrees"": -0.4853}"
Foam-Mild,root,Foam-Mild/frame_0014.jpg,Foam-Mild/augmented/horizontal_flip/root/frame_0014__horizontal_flip.jpg,horizontal_flip,{}
Foam-Mild,root,Foam-Mild/frame_0014.jpg,Foam-Mild/augmented/brightness/root/frame_0014__brightness.jpg,brightness,"{""factor"": 0.864}"
Foam-Mild,root,Foam-Mild/frame_0014.jpg,Foam-Mild/augmented/contrast/root/frame_0014__contrast.jpg,contrast,"{""factor"": 1.1074}"
Foam-Mild,root,Foam-Mild/frame_0014.jpg,Foam-Mild/augmented/saturation/root/frame_0014__saturation.jpg,saturation,"{""factor"": 0.9565}"
Foam-Mild,root,Foam-Mild/frame_0014.jpg,Foam-Mild/augmented/zoom_translate/root/frame_0014__zoom_translate.jpg,zoom_translate,"{""shift_x_fraction"": 0.0244, ""shift_y_fraction"": 0.0016, ""zoom"": 1.0682}"
Foam-Mild,root,Foam-Mild/frame_0015.jpg,Foam-Mild/augmented/small_rotation/root/frame_0015__small_rotation.jpg,small_rotation,"{""angle_degrees"": 4.0278}"
Foam-Mild,root,Foam-Mild/frame_0015.jpg,Foam-Mild/augmented/horizontal_flip/root/frame_0015__horizontal_flip.jpg,horizontal_flip,{}
Foam-Mild,root,Foam-Mild/frame_0015.jpg,Foam-Mild/augmented/brightness/root/frame_0015__brightness.jpg,brightness,"{""factor"": 1.0879}"
Foam-Mild,root,Foam-Mild/frame_0015.jpg,Foam-Mild/augmented/contrast/root/frame_0015__contrast.jpg,contrast,"{""factor"": 0.8886}"
Foam-Mild,root,Foam-Mild/frame_0015.jpg,Foam-Mild/augmented/saturation/root/frame_0015__saturation.jpg,saturation,"{""factor"": 0.9247}"
Foam-Mild,root,Foam-Mild/frame_0015.jpg,Foam-Mild/augmented/zoom_translate/root/frame_0015__zoom_translate.jpg,zoom_translate,"{""shift_x_fraction"": -0.0302, ""shift_y_fraction"": -0.0135, ""zoom"": 1.0582}"
Foam-Mild,root,Foam-Mild/frame_0016.jpg,Foam-Mild/augmented/small_rotation/root/frame_0016__small_rotation.jpg,small_rotation,"{""angle_degrees"": 1.3689}"
Foam-Mild,root,Foam-Mild/frame_0016.jpg,Foam-Mild/augmented/horizontal_flip/root/frame_0016__horizontal_flip.jpg,horizontal_flip,{}
Foam-Mild,root,Foam-Mild/frame_0016.jpg,Foam-Mild/augmented/brightness/root/frame_0016__brightness.jpg,brightness,"{""factor"": 1.0566}"
Foam-Mild,root,Foam-Mild/frame_0016.jpg,Foam-Mild/augmented/contrast/root/frame_0016__contrast.jpg,contrast,"{""factor"": 1.0759}"
Foam-Mild,root,Foam-Mild/frame_0016.jpg,Foam-Mild/augmented/saturation/root/frame_0016__saturation.jpg,saturation,"{""factor"": 0.9699}"
Foam-Mild,root,Foam-Mild/frame_0016.jpg,Foam-Mild/augmented/zoom_translate/root/frame_0016__zoom_translate.jpg,zoom_translate,"{""shift_x_fraction"": 0.0084, ""shift_y_fraction"": 0.0079, ""zoom"": 1.0274}"
Foam-Mild,root,Foam-Mild/frame_0017.jpg,Foam-Mild/augmented/small_rotation/root/frame_0017__small_rotation.jpg,small_rotation,"{""angle_degrees"": -7.3335}"
Foam-Mild,root,Foam-Mild/frame_0017.jpg,Foam-Mild/augmented/horizontal_flip/root/frame_0017__horizontal_flip.jpg,horizontal_flip,{}
Foam-Mild,root,Foam-Mild/frame_0017.jpg,Foam-Mild/augmented/brightness/root/frame_0017__brightness.jpg,brightness,"{""factor"": 1.0063}"
Foam-Mild,root,Foam-Mild/frame_0017.jpg,Foam-Mild/augmented/contrast/root/frame_0017__contrast.jpg,contrast,"{""factor"": 1.0746}"
Foam-Mild,root,Foam-Mild/frame_0017.jpg,Foam-Mild/augmented/saturation/root/frame_0017__saturation.jpg,saturation,"{""factor"": 1.0125}"
Foam-Mild,root,Foam-Mild/frame_0017.jpg,Foam-Mild/augmented/zoom_translate/root/frame_0017__zoom_translate.jpg,zoom_translate,"{""shift_x_fraction"": -0.0216, ""shift_y_fraction"": -0.0192, ""zoom"": 1.0341}"
Foam-Mild,root,Foam-Mild/frame_0018.jpg,Foam-Mild/augmented/small_rotation/root/frame_0018__small_rotation.jpg,small_rotation,"{""angle_degrees"": -7.1436}"
Foam-Mild,root,Foam-Mild/frame_0018.jpg,Foam-Mild/augmented/horizontal_flip/root/frame_0018__horizontal_flip.jpg,horizontal_flip,{}
Foam-Mild,root,Foam-Mild/frame_0018.jpg,Foam-Mild/augmented/brightness/root/frame_0018__brightness.jpg,brightness,"{""factor"": 0.9657}"
Foam-Mild,root,Foam-Mild/frame_0018.jpg,Foam-Mild/augmented/contrast/root/frame_0018__contrast.jpg,contrast,"{""factor"": 0.9983}"
Foam-Mild,root,Foam-Mild/frame_0018.jpg,Foam-Mild/augmented/saturation/root/frame_0018__saturation.jpg,saturation,"{""factor"": 1.0005}"
Foam-Mild,root,Foam-Mild/frame_0018.jpg,Foam-Mild/augmented/zoom_translate/root/frame_0018__zoom_translate.jpg,zoom_translate,"{""shift_x_fraction"": 0.0069, ""shift_y_fraction"": -0.0125, ""zoom"": 1.034}"
Foam-Mild,root,Foam-Mild/frame_0019.jpg,Foam-Mild/augmented/small_rotation/root/frame_0019__small_rotation.jpg,small_rotation,"{""angle_degrees"": -4.5631}"
Foam-Mild,root,Foam-Mild/frame_0019.jpg,Foam-Mild/augmented/horizontal_flip/root/frame_0019__horizontal_flip.jpg,horizontal_flip,{}
Foam-Mild,root,Foam-Mild/frame_0019.jpg,Foam-Mild/augmented/brightness/root/frame_0019__brightness.jpg,brightness,"{""factor"": 0.8581}"
Foam-Mild,root,Foam-Mild/frame_0019.jpg,Foam-Mild/augmented/contrast/root/frame_0019__contrast.jpg,contrast,"{""factor"": 0.9275}"
Foam-Mild,root,Foam-Mild/frame_0019.jpg,Foam-Mild/augmented/saturation/root/frame_0019__saturation.jpg,saturation,"{""factor"": 0.9699}"
Foam-Mild,root,Foam-Mild/frame_0019.jpg,Foam-Mild/augmented/zoom_translate/root/frame_0019__zoom_translate.jpg,zoom_translate,"{""shift_x_fraction"": 0.0016, ""shift_y_fraction"": 0.0015, ""zoom"": 1.034}"
Foam-Mild,root,Foam-Mild/frame_0020.jpg,Foam-Mild/augmented/small_rotation/root/frame_0020__small_rotation.jpg,small_rotation,"{""angle_degrees"": -3.9264}"
Foam-Mild,root,Foam-Mild/frame_0020.jpg,Foam-Mild/augmented/horizontal_flip/root/frame_0020__horizontal_flip.jpg,horizontal_flip,{}
Foam-Mild,root,Foam-Mild/frame_0020.jpg,Foam-Mild/augmented/brightness/root/frame_0020__brightness.jpg,brightness,"{""factor"": 1.0693}"
Foam-Mild,root,Foam-Mild/frame_0020.jpg,Foam-Mild/augmented/contrast/root/frame_0020__contrast.jpg,contrast,"{""factor"": 1.0469}"
Foam-Mild,root,Foam-Mild/frame_0020.jpg,Foam-Mild/augmented/saturation/root/frame_0020__saturation.jpg,saturation,"{""factor"": 1.0461}"
Foam-Mild,root,Foam-Mild/frame_0020.jpg,Foam-Mild/augmented/zoom_translate/root/frame_0020__zoom_translate.jpg,zoom_translate,"{""shift_x_fraction"": -0.0024, ""shift_y_fraction"": -0.0342, ""zoom"": 1.0376}"
Foam-Mild,root,Foam-Mild/frame_0021.jpg,Foam-Mild/augmented/small_rotation/root/frame_0021__small_rotation.jpg,small_rotation,"{""angle_degrees"": 0.2237}"
Foam-Mild,root,Foam-Mild/frame_0021.jpg,Foam-Mild/augmented/horizontal_flip/root/frame_0021__horizontal_flip.jpg,horizontal_flip,{}
Foam-Mild,root,Foam-Mild/frame_0021.jpg,Foam-Mild/augmented/brightness/root/frame_0021__brightness.jpg,brightness,"{""factor"": 1.0188}"
Foam-Mild,root,Foam-Mild/frame_0021.jpg,Foam-Mild/augmented/contrast/root/frame_0021__contrast.jpg,contrast,"{""factor"": 1.1103}"
Foam-Mild,root,Foam-Mild/frame_0021.jpg,Foam-Mild/augmented/saturation/root/frame_0021__saturation.jpg,saturation,"{""factor"": 1.0651}"
Foam-Mild,root,Foam-Mild/frame_0021.jpg,Foam-Mild/augmented/zoom_translate/root/frame_0021__zoom_translate.jpg,zoom_translate,"{""shift_x_fraction"": -0.0055, ""shift_y_fraction"": 0.0341, ""zoom"": 1.0599}"
Foam-Mild,root,Foam-Mild/frame_0022.jpg,Foam-Mild/augmented/small_rotation/root/frame_0022__small_rotation.jpg,small_rotation,"{""angle_degrees"": -4.5878}"
Foam-Mild,root,Foam-Mild/frame_0022.jpg,Foam-Mild/augmented/horizontal_flip/root/frame_0022__horizontal_flip.jpg,horizontal_flip,{}
Foam-Mild,root,Foam-Mild/frame_0022.jpg,Foam-Mild/augmented/brightness/root/frame_0022__brightness.jpg,brightness,"{""factor"": 0.9471}"
Foam-Mild,root,Foam-Mild/frame_0022.jpg,Foam-Mild/augmented/contrast/root/frame_0022__contrast.jpg,contrast,"{""factor"": 1.0322}"
Foam-Mild,root,Foam-Mild/frame_0022.jpg,Foam-Mild/augmented/saturation/root/frame_0022__saturation.jpg,saturation,"{""factor"": 0.9808}"
Foam-Mild,root,Foam-Mild/frame_0022.jpg,Foam-Mild/augmented/zoom_translate/root/frame_0022__zoom_translate.jpg,zoom_translate,"{""shift_x_fraction"": -0.0004, ""shift_y_fraction"": -0.0019, ""zoom"": 1.0497}"
Foam-Mild,root,Foam-Mild/frame_0023.jpg,Foam-Mild/augmented/small_rotation/root/frame_0023__small_rotation.jpg,small_rotation,"{""angle_degrees"": 2.0407}"
Foam-Mild,root,Foam-Mild/frame_0023.jpg,Foam-Mild/augmented/horizontal_flip/root/frame_0023__horizontal_flip.jpg,horizontal_flip,{}
Foam-Mild,root,Foam-Mild/frame_0023.jpg,Foam-Mild/augmented/brightness/root/frame_0023__brightness.jpg,brightness,"{""factor"": 1.1122}"
Foam-Mild,root,Foam-Mild/frame_0023.jpg,Foam-Mild/augmented/contrast/root/frame_0023__contrast.jpg,contrast,"{""factor"": 0.892}"
Foam-Mild,root,Foam-Mild/frame_0023.jpg,Foam-Mild/augmented/saturation/root/frame_0023__saturation.jpg,saturation,"{""factor"": 0.9698}"
Foam-Mild,root,Foam-Mild/frame_0023.jpg,Foam-Mild/augmented/zoom_translate/root/frame_0023__zoom_translate.jpg,zoom_translate,"{""shift_x_fraction"": -0.0063, ""shift_y_fraction"": -0.0267, ""zoom"": 1.0727}"
Foam-Mild,root,Foam-Mild/frame_0024.jpg,Foam-Mild/augmented/small_rotation/root/frame_0024__small_rotation.jpg,small_rotation,"{""angle_degrees"": 2.8008}"
Foam-Mild,root,Foam-Mild/frame_0024.jpg,Foam-Mild/augmented/horizontal_flip/root/frame_0024__horizontal_flip.jpg,horizontal_flip,{}
Foam-Mild,root,Foam-Mild/frame_0024.jpg,Foam-Mild/augmented/brightness/root/frame_0024__brightness.jpg,brightness,"{""factor"": 0.9908}"
Foam-Mild,root,Foam-Mild/frame_0024.jpg,Foam-Mild/augmented/contrast/root/frame_0024__contrast.jpg,contrast,"{""factor"": 1.128}"
Foam-Mild,root,Foam-Mild/frame_0024.jpg,Foam-Mild/augmented/saturation/root/frame_0024__saturation.jpg,saturation,"{""factor"": 0.9516}"
Foam-Mild,root,Foam-Mild/frame_0024.jpg,Foam-Mild/augmented/zoom_translate/root/frame_0024__zoom_translate.jpg,zoom_translate,"{""shift_x_fraction"": 0.0155, ""shift_y_fraction"": 0.0054, ""zoom"": 1.0704}"
Foam-Mild,root,Foam-Mild/frame_0025.jpg,Foam-Mild/augmented/small_rotation/root/frame_0025__small_rotation.jpg,small_rotation,"{""angle_degrees"": -0.5671}"
Foam-Mild,root,Foam-Mild/frame_0025.jpg,Foam-Mild/augmented/horizontal_flip/root/frame_0025__horizontal_flip.jpg,horizontal_flip,{}
Foam-Mild,root,Foam-Mild/frame_0025.jpg,Foam-Mild/augmented/brightness/root/frame_0025__brightness.jpg,brightness,"{""factor"": 0.9403}"
Foam-Mild,root,Foam-Mild/frame_0025.jpg,Foam-Mild/augmented/contrast/root/frame_0025__contrast.jpg,contrast,"{""factor"": 1.0716}"
Foam-Mild,root,Foam-Mild/frame_0025.jpg,Foam-Mild/augmented/saturation/root/frame_0025__saturation.jpg,saturation,"{""factor"": 1.0824}"
Foam-Mild,root,Foam-Mild/frame_0025.jpg,Foam-Mild/augmented/zoom_translate/root/frame_0025__zoom_translate.jpg,zoom_translate,"{""shift_x_fraction"": 0.0062, ""shift_y_fraction"": 0.025, ""zoom"": 1.0018}"
Foam-Mild,root,Foam-Mild/frame_0026.jpg,Foam-Mild/augmented/small_rotation/root/frame_0026__small_rotation.jpg,small_rotation,"{""angle_degrees"": 5.6335}"
Foam-Mild,root,Foam-Mild/frame_0026.jpg,Foam-Mild/augmented/horizontal_flip/root/frame_0026__horizontal_flip.jpg,horizontal_flip,{}
Foam-Mild,root,Foam-Mild/frame_0026.jpg,Foam-Mild/augmented/brightness/root/frame_0026__brightness.jpg,brightness,"{""factor"": 1.0614}"
Foam-Mild,root,Foam-Mild/frame_0026.jpg,Foam-Mild/augmented/contrast/root/frame_0026__contrast.jpg,contrast,"{""factor"": 0.9221}"
Foam-Mild,root,Foam-Mild/frame_0026.jpg,Foam-Mild/augmented/saturation/root/frame_0026__saturation.jpg,saturation,"{""factor"": 0.9602}"
Foam-Mild,root,Foam-Mild/frame_0026.jpg,Foam-Mild/augmented/zoom_translate/root/frame_0026__zoom_translate.jpg,zoom_translate,"{""shift_x_fraction"": -0.0021, ""shift_y_fraction"": -0.0183, ""zoom"": 1.0097}"
Foam-Mild,root,Foam-Mild/frame_0027.jpg,Foam-Mild/augmented/small_rotation/root/frame_0027__small_rotation.jpg,small_rotation,"{""angle_degrees"": -4.8007}"
Foam-Mild,root,Foam-Mild/frame_0027.jpg,Foam-Mild/augmented/horizontal_flip/root/frame_0027__horizontal_flip.jpg,horizontal_flip,{}
Foam-Mild,root,Foam-Mild/frame_0027.jpg,Foam-Mild/augmented/brightness/root/frame_0027__brightness.jpg,brightness,"{""factor"": 0.9755}"
Foam-Mild,root,Foam-Mild/frame_0027.jpg,Foam-Mild/augmented/contrast/root/frame_0027__contrast.jpg,contrast,"{""factor"": 0.8785}"
Foam-Mild,root,Foam-Mild/frame_0027.jpg,Foam-Mild/augmented/saturation/root/frame_0027__saturation.jpg,saturation,"{""factor"": 0.9616}"
Foam-Mild,root,Foam-Mild/frame_0027.jpg,Foam-Mild/augmented/zoom_translate/root/frame_0027__zoom_translate.jpg,zoom_translate,"{""shift_x_fraction"": 0.0018, ""shift_y_fraction"": -0.0232, ""zoom"": 1.0511}"
Foam-Mild,root,Foam-Mild/frame_0028.jpg,Foam-Mild/augmented/small_rotation/root/frame_0028__small_rotation.jpg,small_rotation,"{""angle_degrees"": 6.7915}"
Foam-Mild,root,Foam-Mild/frame_0028.jpg,Foam-Mild/augmented/horizontal_flip/root/frame_0028__horizontal_flip.jpg,horizontal_flip,{}
Foam-Mild,root,Foam-Mild/frame_0028.jpg,Foam-Mild/augmented/brightness/root/frame_0028__brightness.jpg,brightness,"{""factor"": 1.1226}"
Foam-Mild,root,Foam-Mild/frame_0028.jpg,Foam-Mild/augmented/contrast/root/frame_0028__contrast.jpg,contrast,"{""factor"": 1.1423}"
Foam-Mild,root,Foam-Mild/frame_0028.jpg,Foam-Mild/augmented/saturation/root/frame_0028__saturation.jpg,saturation,"{""factor"": 0.9646}"
Foam-Mild,root,Foam-Mild/frame_0028.jpg,Foam-Mild/augmented/zoom_translate/root/frame_0028__zoom_translate.jpg,zoom_translate,"{""shift_x_fraction"": -0.0165, ""shift_y_fraction"": -0.0135, ""zoom"": 1.0341}"
Foam-Mild,root,Foam-Mild/frame_0029.jpg,Foam-Mild/augmented/small_rotation/root/frame_0029__small_rotation.jpg,small_rotation,"{""angle_degrees"": -1.9769}"
Foam-Mild,root,Foam-Mild/frame_0029.jpg,Foam-Mild/augmented/horizontal_flip/root/frame_0029__horizontal_flip.jpg,horizontal_flip,{}
Foam-Mild,root,Foam-Mild/frame_0029.jpg,Foam-Mild/augmented/brightness/root/frame_0029__brightness.jpg,brightness,"{""factor"": 1.1483}"
Foam-Mild,root,Foam-Mild/frame_0029.jpg,Foam-Mild/augmented/contrast/root/frame_0029__contrast.jpg,contrast,"{""factor"": 0.8972}"
Foam-Mild,root,Foam-Mild/frame_0029.jpg,Foam-Mild/augmented/saturation/root/frame_0029__saturation.jpg,saturation,"{""factor"": 1.0367}"
Foam-Mild,root,Foam-Mild/frame_0029.jpg,Foam-Mild/augmented/zoom_translate/root/frame_0029__zoom_translate.jpg,zoom_translate,"{""shift_x_fraction"": -0.0074, ""shift_y_fraction"": -0.0212, ""zoom"": 1.0337}"
Foam-Mild,root,Foam-Mild/frame_0030.jpg,Foam-Mild/augmented/small_rotation/root/frame_0030__small_rotation.jpg,small_rotation,"{""angle_degrees"": -7.076}"
Foam-Mild,root,Foam-Mild/frame_0030.jpg,Foam-Mild/augmented/horizontal_flip/root/frame_0030__horizontal_flip.jpg,horizontal_flip,{}
Foam-Mild,root,Foam-Mild/frame_0030.jpg,Foam-Mild/augmented/brightness/root/frame_0030__brightness.jpg,brightness,"{""factor"": 0.8548}"
Foam-Mild,root,Foam-Mild/frame_0030.jpg,Foam-Mild/augmented/contrast/root/frame_0030__contrast.jpg,contrast,"{""factor"": 0.987}"
Foam-Mild,root,Foam-Mild/frame_0030.jpg,Foam-Mild/augmented/saturation/root/frame_0030__saturation.jpg,saturation,"{""factor"": 1.0814}"
Foam-Mild,root,Foam-Mild/frame_0030.jpg,Foam-Mild/augmented/zoom_translate/root/frame_0030__zoom_translate.jpg,zoom_translate,"{""shift_x_fraction"": -0.0194, ""shift_y_fraction"": 0.0067, ""zoom"": 1.0226}"
Foam-Mild,root,Foam-Mild/frame_0031.jpg,Foam-Mild/augmented/small_rotation/root/frame_0031__small_rotation.jpg,small_rotation,"{""angle_degrees"": -6.9417}"
Foam-Mild,root,Foam-Mild/frame_0031.jpg,Foam-Mild/augmented/horizontal_flip/root/frame_0031__horizontal_flip.jpg,horizontal_flip,{}
Foam-Mild,root,Foam-Mild/frame_0031.jpg,Foam-Mild/augmented/brightness/root/frame_0031__brightness.jpg,brightness,"{""factor"": 0.8885}"
Foam-Mild,root,Foam-Mild/frame_0031.jpg,Foam-Mild/augmented/contrast/root/frame_0031__contrast.jpg,contrast,"{""factor"": 0.9245}"
Foam-Mild,root,Foam-Mild/frame_0031.jpg,Foam-Mild/augmented/saturation/root/frame_0031__saturation.jpg,saturation,"{""factor"": 1.0087}"
Foam-Mild,root,Foam-Mild/frame_0031.jpg,Foam-Mild/augmented/zoom_translate/root/frame_0031__zoom_translate.jpg,zoom_translate,"{""shift_x_fraction"": 0.0185, ""shift_y_fraction"": 0.0146, ""zoom"": 1.0119}"
Foam-Mild,root,Foam-Mild/frame_0032.jpg,Foam-Mild/augmented/small_rotation/root/frame_0032__small_rotation.jpg,small_rotation,"{""angle_degrees"": 4.2367}"
Foam-Mild,root,Foam-Mild/frame_0032.jpg,Foam-Mild/augmented/horizontal_flip/root/frame_0032__horizontal_flip.jpg,horizontal_flip,{}
Foam-Mild,root,Foam-Mild/frame_0032.jpg,Foam-Mild/augmented/brightness/root/frame_0032__brightness.jpg,brightness,"{""factor"": 0.9242}"
Foam-Mild,root,Foam-Mild/frame_0032.jpg,Foam-Mild/augmented/contrast/root/frame_0032__contrast.jpg,contrast,"{""factor"": 0.9495}"
Foam-Mild,root,Foam-Mild/frame_0032.jpg,Foam-Mild/augmented/saturation/root/frame_0032__saturation.jpg,saturation,"{""factor"": 0.9246}"
Foam-Mild,root,Foam-Mild/frame_0032.jpg,Foam-Mild/augmented/zoom_translate/root/frame_0032__zoom_translate.jpg,zoom_translate,"{""shift_x_fraction"": -0.033, ""shift_y_fraction"": 0.0273, ""zoom"": 1.0739}"
Foam-Mild,root,Foam-Mild/frame_0033.jpg,Foam-Mild/augmented/small_rotation/root/frame_0033__small_rotation.jpg,small_rotation,"{""angle_degrees"": 3.1143}"
Foam-Mild,root,Foam-Mild/frame_0033.jpg,Foam-Mild/augmented/horizontal_flip/root/frame_0033__horizontal_flip.jpg,horizontal_flip,{}
Foam-Mild,root,Foam-Mild/frame_0033.jpg,Foam-Mild/augmented/brightness/root/frame_0033__brightness.jpg,brightness,"{""factor"": 1.0909}"
Foam-Mild,root,Foam-Mild/frame_0033.jpg,Foam-Mild/augmented/contrast/root/frame_0033__contrast.jpg,contrast,"{""factor"": 1.0113}"
Foam-Mild,root,Foam-Mild/frame_0033.jpg,Foam-Mild/augmented/saturation/root/frame_0033__saturation.jpg,saturation,"{""factor"": 0.9667}"
Foam-Mild,root,Foam-Mild/frame_0033.jpg,Foam-Mild/augmented/zoom_translate/root/frame_0033__zoom_translate.jpg,zoom_translate,"{""shift_x_fraction"": -0.023, ""shift_y_fraction"": 0.0272, ""zoom"": 1.0049}"
Foam-Mild,root,Foam-Mild/frame_0034.jpg,Foam-Mild/augmented/small_rotation/root/frame_0034__small_rotation.jpg,small_rotation,"{""angle_degrees"": 7.6606}"
Foam-Mild,root,Foam-Mild/frame_0034.jpg,Foam-Mild/augmented/horizontal_flip/root/frame_0034__horizontal_flip.jpg,horizontal_flip,{}
Foam-Mild,root,Foam-Mild/frame_0034.jpg,Foam-Mild/augmented/brightness/root/frame_0034__brightness.jpg,brightness,"{""factor"": 1.1419}"
Foam-Mild,root,Foam-Mild/frame_0034.jpg,Foam-Mild/augmented/contrast/root/frame_0034__contrast.jpg,contrast,"{""factor"": 1.1085}"
Foam-Mild,root,Foam-Mild/frame_0034.jpg,Foam-Mild/augmented/saturation/root/frame_0034__saturation.jpg,saturation,"{""factor"": 0.9646}"
Foam-Mild,root,Foam-Mild/frame_0034.jpg,Foam-Mild/augmented/zoom_translate/root/frame_0034__zoom_translate.jpg,zoom_translate,"{""shift_x_fraction"": -0.006, ""shift_y_fraction"": -0.0338, ""zoom"": 1.0641}"
Foam-Mild,root,Foam-Mild/frame_0035.jpg,Foam-Mild/augmented/small_rotation/root/frame_0035__small_rotation.jpg,small_rotation,"{""angle_degrees"": -4.1145}"
Foam-Mild,root,Foam-Mild/frame_0035.jpg,Foam-Mild/augmented/horizontal_flip/root/frame_0035__horizontal_flip.jpg,horizontal_flip,{}
Foam-Mild,root,Foam-Mild/frame_0035.jpg,Foam-Mild/augmented/brightness/root/frame_0035__brightness.jpg,brightness,"{""factor"": 1.0548}"
Foam-Mild,root,Foam-Mild/frame_0035.jpg,Foam-Mild/augmented/contrast/root/frame_0035__contrast.jpg,contrast,"{""factor"": 0.967}"
Foam-Mild,root,Foam-Mild/frame_0035.jpg,Foam-Mild/augmented/saturation/root/frame_0035__saturation.jpg,saturation,"{""factor"": 1.0306}"
Foam-Mild,root,Foam-Mild/frame_0035.jpg,Foam-Mild/augmented/zoom_translate/root/frame_0035__zoom_translate.jpg,zoom_translate,"{""shift_x_fraction"": 0.0155, ""shift_y_fraction"": -0.0087, ""zoom"": 1.077}"
Foam-Mild,root,Foam-Mild/frame_0036.jpg,Foam-Mild/augmented/small_rotation/root/frame_0036__small_rotation.jpg,small_rotation,"{""angle_degrees"": -1.3263}"
Foam-Mild,root,Foam-Mild/frame_0036.jpg,Foam-Mild/augmented/horizontal_flip/root/frame_0036__horizontal_flip.jpg,horizontal_flip,{}
Foam-Mild,root,Foam-Mild/frame_0036.jpg,Foam-Mild/augmented/brightness/root/frame_0036__brightness.jpg,brightness,"{""factor"": 1.0908}"
Foam-Mild,root,Foam-Mild/frame_0036.jpg,Foam-Mild/augmented/contrast/root/frame_0036__contrast.jpg,contrast,"{""factor"": 1.0401}"
Foam-Mild,root,Foam-Mild/frame_0036.jpg,Foam-Mild/augmented/saturation/root/frame_0036__saturation.jpg,saturation,"{""factor"": 1.0706}"
Foam-Mild,root,Foam-Mild/frame_0036.jpg,Foam-Mild/augmented/zoom_translate/root/frame_0036__zoom_translate.jpg,zoom_translate,"{""shift_x_fraction"": 0.0014, ""shift_y_fraction"": -0.0299, ""zoom"": 1.0587}"
Foam-Mild,root,Foam-Mild/frame_0037.jpg,Foam-Mild/augmented/small_rotation/root/frame_0037__small_rotation.jpg,small_rotation,"{""angle_degrees"": -7.4237}"
Foam-Mild,root,Foam-Mild/frame_0037.jpg,Foam-Mild/augmented/horizontal_flip/root/frame_0037__horizontal_flip.jpg,horizontal_flip,{}
Foam-Mild,root,Foam-Mild/frame_0037.jpg,Foam-Mild/augmented/brightness/root/frame_0037__brightness.jpg,brightness,"{""factor"": 0.988}"
Foam-Mild,root,Foam-Mild/frame_0037.jpg,Foam-Mild/augmented/contrast/root/frame_0037__contrast.jpg,contrast,"{""factor"": 0.9221}"
Foam-Mild,root,Foam-Mild/frame_0037.jpg,Foam-Mild/augmented/saturation/root/frame_0037__saturation.jpg,saturation,"{""factor"": 1.0538}"
Foam-Mild,root,Foam-Mild/frame_0037.jpg,Foam-Mild/augmented/zoom_translate/root/frame_0037__zoom_translate.jpg,zoom_translate,"{""shift_x_fraction"": -0.0135, ""shift_y_fraction"": -0.0034, ""zoom"": 1.0371}"
Foam-Mild,root,Foam-Mild/frame_0038.jpg,Foam-Mild/augmented/small_rotation/root/frame_0038__small_rotation.jpg,small_rotation,"{""angle_degrees"": 4.7453}"
Foam-Mild,root,Foam-Mild/frame_0038.jpg,Foam-Mild/augmented/horizontal_flip/root/frame_0038__horizontal_flip.jpg,horizontal_flip,{}
Foam-Mild,root,Foam-Mild/frame_0038.jpg,Foam-Mild/augmented/brightness/root/frame_0038__brightness.jpg,brightness,"{""factor"": 1.1284}"
Foam-Mild,root,Foam-Mild/frame_0038.jpg,Foam-Mild/augmented/contrast/root/frame_0038__contrast.jpg,contrast,"{""factor"": 0.879}"
Foam-Mild,root,Foam-Mild/frame_0038.jpg,Foam-Mild/augmented/saturation/root/frame_0038__saturation.jpg,saturation,"{""factor"": 1.0062}"
Foam-Mild,root,Foam-Mild/frame_0038.jpg,Foam-Mild/augmented/zoom_translate/root/frame_0038__zoom_translate.jpg,zoom_translate,"{""shift_x_fraction"": 0.0074, ""shift_y_fraction"": -0.0068, ""zoom"": 1.0427}"
Foam-Mild,root,Foam-Mild/frame_0039.jpg,Foam-Mild/augmented/small_rotation/root/frame_0039__small_rotation.jpg,small_rotation,"{""angle_degrees"": -3.16}"
Foam-Mild,root,Foam-Mild/frame_0039.jpg,Foam-Mild/augmented/horizontal_flip/root/frame_0039__horizontal_flip.jpg,horizontal_flip,{}
Foam-Mild,root,Foam-Mild/frame_0039.jpg,Foam-Mild/augmented/brightness/root/frame_0039__brightness.jpg,brightness,"{""factor"": 0.927}"
Foam-Mild,root,Foam-Mild/frame_0039.jpg,Foam-Mild/augmented/contrast/root/frame_0039__contrast.jpg,contrast,"{""factor"": 0.8532}"
Foam-Mild,root,Foam-Mild/frame_0039.jpg,Foam-Mild/augmented/saturation/root/frame_0039__saturation.jpg,saturation,"{""factor"": 1.0918}"
Foam-Mild,root,Foam-Mild/frame_0039.jpg,Foam-Mild/augmented/zoom_translate/root/frame_0039__zoom_translate.jpg,zoom_translate,"{""shift_x_fraction"": -0.0003, ""shift_y_fraction"": 0.0268, ""zoom"": 1.0721}"
Foam-Mild,root,Foam-Mild/frame_0040.jpg,Foam-Mild/augmented/small_rotation/root/frame_0040__small_rotation.jpg,small_rotation,"{""angle_degrees"": -7.8259}"
Foam-Mild,root,Foam-Mild/frame_0040.jpg,Foam-Mild/augmented/horizontal_flip/root/frame_0040__horizontal_flip.jpg,horizontal_flip,{}
Foam-Mild,root,Foam-Mild/frame_0040.jpg,Foam-Mild/augmented/brightness/root/frame_0040__brightness.jpg,brightness,"{""factor"": 0.8717}"
Foam-Mild,root,Foam-Mild/frame_0040.jpg,Foam-Mild/augmented/contrast/root/frame_0040__contrast.jpg,contrast,"{""factor"": 0.8984}"
Foam-Mild,root,Foam-Mild/frame_0040.jpg,Foam-Mild/augmented/saturation/root/frame_0040__saturation.jpg,saturation,"{""factor"": 1.0682}"
Foam-Mild,root,Foam-Mild/frame_0040.jpg,Foam-Mild/augmented/zoom_translate/root/frame_0040__zoom_translate.jpg,zoom_translate,"{""shift_x_fraction"": -0.0024, ""shift_y_fraction"": -0.0021, ""zoom"": 1.0537}"
Foam-Mild,root,Foam-Mild/frame_0041.jpg,Foam-Mild/augmented/small_rotation/root/frame_0041__small_rotation.jpg,small_rotation,"{""angle_degrees"": -0.662}"
Foam-Mild,root,Foam-Mild/frame_0041.jpg,Foam-Mild/augmented/horizontal_flip/root/frame_0041__horizontal_flip.jpg,horizontal_flip,{}
Foam-Mild,root,Foam-Mild/frame_0041.jpg,Foam-Mild/augmented/brightness/root/frame_0041__brightness.jpg,brightness,"{""factor"": 1.0333}"
Foam-Mild,root,Foam-Mild/frame_0041.jpg,Foam-Mild/augmented/contrast/root/frame_0041__contrast.jpg,contrast,"{""factor"": 1.135}"
Foam-Mild,root,Foam-Mild/frame_0041.jpg,Foam-Mild/augmented/saturation/root/frame_0041__saturation.jpg,saturation,"{""factor"": 1.0321}"
Foam-Mild,root,Foam-Mild/frame_0041.jpg,Foam-Mild/augmented/zoom_translate/root/frame_0041__zoom_translate.jpg,zoom_translate,"{""shift_x_fraction"": -0.0182, ""shift_y_fraction"": -0.0232, ""zoom"": 1.0589}"
Foam-Mild,root,Foam-Mild/frame_0042.jpg,Foam-Mild/augmented/small_rotation/root/frame_0042__small_rotation.jpg,small_rotation,"{""angle_degrees"": 1.3973}"
Foam-Mild,root,Foam-Mild/frame_0042.jpg,Foam-Mild/augmented/horizontal_flip/root/frame_0042__horizontal_flip.jpg,horizontal_flip,{}
Foam-Mild,root,Foam-Mild/frame_0042.jpg,Foam-Mild/augmented/brightness/root/frame_0042__brightness.jpg,brightness,"{""factor"": 0.8838}"
Foam-Mild,root,Foam-Mild/frame_0042.jpg,Foam-Mild/augmented/contrast/root/frame_0042__contrast.jpg,contrast,"{""factor"": 1.0604}"
Foam-Mild,root,Foam-Mild/frame_0042.jpg,Foam-Mild/augmented/saturation/root/frame_0042__saturation.jpg,saturation,"{""factor"": 1.0514}"
Foam-Mild,root,Foam-Mild/frame_0042.jpg,Foam-Mild/augmented/zoom_translate/root/frame_0042__zoom_translate.jpg,zoom_translate,"{""shift_x_fraction"": -0.0143, ""shift_y_fraction"": -0.0258, ""zoom"": 1.003}"
Foam-Mild,root,Foam-Mild/frame_0043.jpg,Foam-Mild/augmented/small_rotation/root/frame_0043__small_rotation.jpg,small_rotation,"{""angle_degrees"": 4.0635}"
Foam-Mild,root,Foam-Mild/frame_0043.jpg,Foam-Mild/augmented/horizontal_flip/root/frame_0043__horizontal_flip.jpg,horizontal_flip,{}
Foam-Mild,root,Foam-Mild/frame_0043.jpg,Foam-Mild/augmented/brightness/root/frame_0043__brightness.jpg,brightness,"{""factor"": 0.8568}"
Foam-Mild,root,Foam-Mild/frame_0043.jpg,Foam-Mild/augmented/contrast/root/frame_0043__contrast.jpg,contrast,"{""factor"": 0.9237}"
Foam-Mild,root,Foam-Mild/frame_0043.jpg,Foam-Mild/augmented/saturation/root/frame_0043__saturation.jpg,saturation,"{""factor"": 1.0798}"
Foam-Mild,root,Foam-Mild/frame_0043.jpg,Foam-Mild/augmented/zoom_translate/root/frame_0043__zoom_translate.jpg,zoom_translate,"{""shift_x_fraction"": -0.0217, ""shift_y_fraction"": -0.0053, ""zoom"": 1.0391}"
Foam-Mild,root,Foam-Mild/frame_0044.jpg,Foam-Mild/augmented/small_rotation/root/frame_0044__small_rotation.jpg,small_rotation,"{""angle_degrees"": -1.6943}"
Foam-Mild,root,Foam-Mild/frame_0044.jpg,Foam-Mild/augmented/horizontal_flip/root/frame_0044__horizontal_flip.jpg,horizontal_flip,{}
Foam-Mild,root,Foam-Mild/frame_0044.jpg,Foam-Mild/augmented/brightness/root/frame_0044__brightness.jpg,brightness,"{""factor"": 1.1082}"
Foam-Mild,root,Foam-Mild/frame_0044.jpg,Foam-Mild/augmented/contrast/root/frame_0044__contrast.jpg,contrast,"{""factor"": 0.9668}"
Foam-Mild,root,Foam-Mild/frame_0044.jpg,Foam-Mild/augmented/saturation/root/frame_0044__saturation.jpg,saturation,"{""factor"": 1.0975}"
Foam-Mild,root,Foam-Mild/frame_0044.jpg,Foam-Mild/augmented/zoom_translate/root/frame_0044__zoom_translate.jpg,zoom_translate,"{""shift_x_fraction"": 0.0107, ""shift_y_fraction"": 0.0283, ""zoom"": 1.0419}"
Foam-Mild,root,Foam-Mild/frame_0045.jpg,Foam-Mild/augmented/small_rotation/root/frame_0045__small_rotation.jpg,small_rotation,"{""angle_degrees"": -6.5381}"
Foam-Mild,root,Foam-Mild/frame_0045.jpg,Foam-Mild/augmented/horizontal_flip/root/frame_0045__horizontal_flip.jpg,horizontal_flip,{}
Foam-Mild,root,Foam-Mild/frame_0045.jpg,Foam-Mild/augmented/brightness/root/frame_0045__brightness.jpg,brightness,"{""factor"": 0.8864}"
Foam-Mild,root,Foam-Mild/frame_0045.jpg,Foam-Mild/augmented/contrast/root/frame_0045__contrast.jpg,contrast,"{""factor"": 0.9123}"
Foam-Mild,root,Foam-Mild/frame_0045.jpg,Foam-Mild/augmented/saturation/root/frame_0045__saturation.jpg,saturation,"{""factor"": 1.0688}"
Foam-Mild,root,Foam-Mild/frame_0045.jpg,Foam-Mild/augmented/zoom_translate/root/frame_0045__zoom_translate.jpg,zoom_translate,"{""shift_x_fraction"": 0.0116, ""shift_y_fraction"": 0.0039, ""zoom"": 1.0162}"
Foam-Mild,root,Foam-Mild/frame_0046.jpg,Foam-Mild/augmented/small_rotation/root/frame_0046__small_rotation.jpg,small_rotation,"{""angle_degrees"": 4.2272}"
Foam-Mild,root,Foam-Mild/frame_0046.jpg,Foam-Mild/augmented/horizontal_flip/root/frame_0046__horizontal_flip.jpg,horizontal_flip,{}
Foam-Mild,root,Foam-Mild/frame_0046.jpg,Foam-Mild/augmented/brightness/root/frame_0046__brightness.jpg,brightness,"{""factor"": 1.0289}"
Foam-Mild,root,Foam-Mild/frame_0046.jpg,Foam-Mild/augmented/contrast/root/frame_0046__contrast.jpg,contrast,"{""factor"": 1.1493}"
Foam-Mild,root,Foam-Mild/frame_0046.jpg,Foam-Mild/augmented/saturation/root/frame_0046__saturation.jpg,saturation,"{""factor"": 1.0304}"
Foam-Mild,root,Foam-Mild/frame_0046.jpg,Foam-Mild/augmented/zoom_translate/root/frame_0046__zoom_translate.jpg,zoom_translate,"{""shift_x_fraction"": -0.0048, ""shift_y_fraction"": -0.0343, ""zoom"": 1.0007}"
Foam-Mild,root,Foam-Mild/frame_0047.jpg,Foam-Mild/augmented/small_rotation/root/frame_0047__small_rotation.jpg,small_rotation,"{""angle_degrees"": 7.6436}"
Foam-Mild,root,Foam-Mild/frame_0047.jpg,Foam-Mild/augmented/horizontal_flip/root/frame_0047__horizontal_flip.jpg,horizontal_flip,{}
Foam-Mild,root,Foam-Mild/frame_0047.jpg,Foam-Mild/augmented/brightness/root/frame_0047__brightness.jpg,brightness,"{""factor"": 1.1318}"
Foam-Mild,root,Foam-Mild/frame_0047.jpg,Foam-Mild/augmented/contrast/root/frame_0047__contrast.jpg,contrast,"{""factor"": 1.0362}"
Foam-Mild,root,Foam-Mild/frame_0047.jpg,Foam-Mild/augmented/saturation/root/frame_0047__saturation.jpg,saturation,"{""factor"": 1.0184}"
Foam-Mild,root,Foam-Mild/frame_0047.jpg,Foam-Mild/augmented/zoom_translate/root/frame_0047__zoom_translate.jpg,zoom_translate,"{""shift_x_fraction"": 0.0081, ""shift_y_fraction"": -0.0139, ""zoom"": 1.078}"
Foam-Mild,root,Foam-Mild/frame_0048.jpg,Foam-Mild/augmented/small_rotation/root/frame_0048__small_rotation.jpg,small_rotation,"{""angle_degrees"": 3.6351}"
Foam-Mild,root,Foam-Mild/frame_0048.jpg,Foam-Mild/augmented/horizontal_flip/root/frame_0048__horizontal_flip.jpg,horizontal_flip,{}
Foam-Mild,root,Foam-Mild/frame_0048.jpg,Foam-Mild/augmented/brightness/root/frame_0048__brightness.jpg,brightness,"{""factor"": 0.8757}"
Foam-Mild,root,Foam-Mild/frame_0048.jpg,Foam-Mild/augmented/contrast/root/frame_0048__contrast.jpg,contrast,"{""factor"": 0.8693}"
Foam-Mild,root,Foam-Mild/frame_0048.jpg,Foam-Mild/augmented/saturation/root/frame_0048__saturation.jpg,saturation,"{""factor"": 1.0716}"
Foam-Mild,root,Foam-Mild/frame_0048.jpg,Foam-Mild/augmented/zoom_translate/root/frame_0048__zoom_translate.jpg,zoom_translate,"{""shift_x_fraction"": 0.004, ""shift_y_fraction"": -0.0034, ""zoom"": 1.0268}"
Foam-Mild,root,Foam-Mild/frame_0049.jpg,Foam-Mild/augmented/small_rotation/root/frame_0049__small_rotation.jpg,small_rotation,"{""angle_degrees"": 6.027}"
Foam-Mild,root,Foam-Mild/frame_0049.jpg,Foam-Mild/augmented/horizontal_flip/root/frame_0049__horizontal_flip.jpg,horizontal_flip,{}
Foam-Mild,root,Foam-Mild/frame_0049.jpg,Foam-Mild/augmented/brightness/root/frame_0049__brightness.jpg,brightness,"{""factor"": 0.9377}"
Foam-Mild,root,Foam-Mild/frame_0049.jpg,Foam-Mild/augmented/contrast/root/frame_0049__contrast.jpg,contrast,"{""factor"": 0.9326}"
Foam-Mild,root,Foam-Mild/frame_0049.jpg,Foam-Mild/augmented/saturation/root/frame_0049__saturation.jpg,saturation,"{""factor"": 1.012}"
Foam-Mild,root,Foam-Mild/frame_0049.jpg,Foam-Mild/augmented/zoom_translate/root/frame_0049__zoom_translate.jpg,zoom_translate,"{""shift_x_fraction"": 0.0261, ""shift_y_fraction"": 0.0072, ""zoom"": 1.0512}"
Foam-Mild,root,Foam-Mild/frame_0050.jpg,Foam-Mild/augmented/small_rotation/root/frame_0050__small_rotation.jpg,small_rotation,"{""angle_degrees"": -6.7857}"
Foam-Mild,root,Foam-Mild/frame_0050.jpg,Foam-Mild/augmented/horizontal_flip/root/frame_0050__horizontal_flip.jpg,horizontal_flip,{}
Foam-Mild,root,Foam-Mild/frame_0050.jpg,Foam-Mild/augmented/brightness/root/frame_0050__brightness.jpg,brightness,"{""factor"": 0.9201}"
Foam-Mild,root,Foam-Mild/frame_0050.jpg,Foam-Mild/augmented/contrast/root/frame_0050__contrast.jpg,contrast,"{""factor"": 1.005}"
Foam-Mild,root,Foam-Mild/frame_0050.jpg,Foam-Mild/augmented/saturation/root/frame_0050__saturation.jpg,saturation,"{""factor"": 0.9237}"
Foam-Mild,root,Foam-Mild/frame_0050.jpg,Foam-Mild/augmented/zoom_translate/root/frame_0050__zoom_translate.jpg,zoom_translate,"{""shift_x_fraction"": -0.0242, ""shift_y_fraction"": -0.0219, ""zoom"": 1.0552}"
Foam-Mild,root,Foam-Mild/frame_0051.jpg,Foam-Mild/augmented/small_rotation/root/frame_0051__small_rotation.jpg,small_rotation,"{""angle_degrees"": 1.0887}"
Foam-Mild,root,Foam-Mild/frame_0051.jpg,Foam-Mild/augmented/horizontal_flip/root/frame_0051__horizontal_flip.jpg,horizontal_flip,{}
Foam-Mild,root,Foam-Mild/frame_0051.jpg,Foam-Mild/augmented/brightness/root/frame_0051__brightness.jpg,brightness,"{""factor"": 0.9303}"
Foam-Mild,root,Foam-Mild/frame_0051.jpg,Foam-Mild/augmented/contrast/root/frame_0051__contrast.jpg,contrast,"{""factor"": 0.9173}"
Foam-Mild,root,Foam-Mild/frame_0051.jpg,Foam-Mild/augmented/saturation/root/frame_0051__saturation.jpg,saturation,"{""factor"": 0.9574}"
Foam-Mild,root,Foam-Mild/frame_0051.jpg,Foam-Mild/augmented/zoom_translate/root/frame_0051__zoom_translate.jpg,zoom_translate,"{""shift_x_fraction"": 0.022, ""shift_y_fraction"": 0.0012, ""zoom"": 1.0008}"
Foam-Mild,root,Foam-Mild/frame_0052.jpg,Foam-Mild/augmented/small_rotation/root/frame_0052__small_rotation.jpg,small_rotation,"{""angle_degrees"": -7.4908}"
Foam-Mild,root,Foam-Mild/frame_0052.jpg,Foam-Mild/augmented/horizontal_flip/root/frame_0052__horizontal_flip.jpg,horizontal_flip,{}
Foam-Mild,root,Foam-Mild/frame_0052.jpg,Foam-Mild/augmented/brightness/root/frame_0052__brightness.jpg,brightness,"{""factor"": 1.1357}"
Foam-Mild,root,Foam-Mild/frame_0052.jpg,Foam-Mild/augmented/contrast/root/frame_0052__contrast.jpg,contrast,"{""factor"": 0.8848}"
Foam-Mild,root,Foam-Mild/frame_0052.jpg,Foam-Mild/augmented/saturation/root/frame_0052__saturation.jpg,saturation,"{""factor"": 1.0823}"
Foam-Mild,root,Foam-Mild/frame_0052.jpg,Foam-Mild/augmented/zoom_translate/root/frame_0052__zoom_translate.jpg,zoom_translate,"{""shift_x_fraction"": 0.0199, ""shift_y_fraction"": 0.0298, ""zoom"": 1.0287}"
Foam-Mild,root,Foam-Mild/frame_0053.jpg,Foam-Mild/augmented/small_rotation/root/frame_0053__small_rotation.jpg,small_rotation,"{""angle_degrees"": 3.019}"
Foam-Mild,root,Foam-Mild/frame_0053.jpg,Foam-Mild/augmented/horizontal_flip/root/frame_0053__horizontal_flip.jpg,horizontal_flip,{}
Foam-Mild,root,Foam-Mild/frame_0053.jpg,Foam-Mild/augmented/brightness/root/frame_0053__brightness.jpg,brightness,"{""factor"": 0.9626}"
Foam-Mild,root,Foam-Mild/frame_0053.jpg,Foam-Mild/augmented/contrast/root/frame_0053__contrast.jpg,contrast,"{""factor"": 0.8921}"
Foam-Mild,root,Foam-Mild/frame_0053.jpg,Foam-Mild/augmented/saturation/root/frame_0053__saturation.jpg,saturation,"{""factor"": 0.9185}"
Foam-Mild,root,Foam-Mild/frame_0053.jpg,Foam-Mild/augmented/zoom_translate/root/frame_0053__zoom_translate.jpg,zoom_translate,"{""shift_x_fraction"": 0.0089, ""shift_y_fraction"": 0.0033, ""zoom"": 1.0209}"
Foam-Mild,root,Foam-Mild/frame_0054.jpg,Foam-Mild/augmented/small_rotation/root/frame_0054__small_rotation.jpg,small_rotation,"{""angle_degrees"": 6.7312}"
Foam-Mild,root,Foam-Mild/frame_0054.jpg,Foam-Mild/augmented/horizontal_flip/root/frame_0054__horizontal_flip.jpg,horizontal_flip,{}
Foam-Mild,root,Foam-Mild/frame_0054.jpg,Foam-Mild/augmented/brightness/root/frame_0054__brightness.jpg,brightness,"{""factor"": 0.9901}"
Foam-Mild,root,Foam-Mild/frame_0054.jpg,Foam-Mild/augmented/contrast/root/frame_0054__contrast.jpg,contrast,"{""factor"": 0.9999}"
Foam-Mild,root,Foam-Mild/frame_0054.jpg,Foam-Mild/augmented/saturation/root/frame_0054__saturation.jpg,saturation,"{""factor"": 0.903}"
Foam-Mild,root,Foam-Mild/frame_0054.jpg,Foam-Mild/augmented/zoom_translate/root/frame_0054__zoom_translate.jpg,zoom_translate,"{""shift_x_fraction"": -0.0256, ""shift_y_fraction"": -0.0248, ""zoom"": 1.0234}"
Foam-Mild,root,Foam-Mild/frame_0055.jpg,Foam-Mild/augmented/small_rotation/root/frame_0055__small_rotation.jpg,small_rotation,"{""angle_degrees"": 2.6823}"
Foam-Mild,root,Foam-Mild/frame_0055.jpg,Foam-Mild/augmented/horizontal_flip/root/frame_0055__horizontal_flip.jpg,horizontal_flip,{}
Foam-Mild,root,Foam-Mild/frame_0055.jpg,Foam-Mild/augmented/brightness/root/frame_0055__brightness.jpg,brightness,"{""factor"": 0.9115}"
Foam-Mild,root,Foam-Mild/frame_0055.jpg,Foam-Mild/augmented/contrast/root/frame_0055__contrast.jpg,contrast,"{""factor"": 0.9109}"
Foam-Mild,root,Foam-Mild/frame_0055.jpg,Foam-Mild/augmented/saturation/root/frame_0055__saturation.jpg,saturation,"{""factor"": 1.0516}"
Foam-Mild,root,Foam-Mild/frame_0055.jpg,Foam-Mild/augmented/zoom_translate/root/frame_0055__zoom_translate.jpg,zoom_translate,"{""shift_x_fraction"": 0.0305, ""shift_y_fraction"": 0.013, ""zoom"": 1.0363}"
Foam-Mild,root,Foam-Mild/frame_0056.jpg,Foam-Mild/augmented/small_rotation/root/frame_0056__small_rotation.jpg,small_rotation,"{""angle_degrees"": -7.3395}"
Foam-Mild,root,Foam-Mild/frame_0056.jpg,Foam-Mild/augmented/horizontal_flip/root/frame_0056__horizontal_flip.jpg,horizontal_flip,{}
Foam-Mild,root,Foam-Mild/frame_0056.jpg,Foam-Mild/augmented/brightness/root/frame_0056__brightness.jpg,brightness,"{""factor"": 0.9935}"
Foam-Mild,root,Foam-Mild/frame_0056.jpg,Foam-Mild/augmented/contrast/root/frame_0056__contrast.jpg,contrast,"{""factor"": 0.9012}"
Foam-Mild,root,Foam-Mild/frame_0056.jpg,Foam-Mild/augmented/saturation/root/frame_0056__saturation.jpg,saturation,"{""factor"": 0.9945}"
Foam-Mild,root,Foam-Mild/frame_0056.jpg,Foam-Mild/augmented/zoom_translate/root/frame_0056__zoom_translate.jpg,zoom_translate,"{""shift_x_fraction"": -0.0067, ""shift_y_fraction"": 0.0197, ""zoom"": 1.0592}"
Foam-Mild,root,Foam-Mild/frame_0057.jpg,Foam-Mild/augmented/small_rotation/root/frame_0057__small_rotation.jpg,small_rotation,"{""angle_degrees"": 7.7207}"
Foam-Mild,root,Foam-Mild/frame_0057.jpg,Foam-Mild/augmented/horizontal_flip/root/frame_0057__horizontal_flip.jpg,horizontal_flip,{}
Foam-Mild,root,Foam-Mild/frame_0057.jpg,Foam-Mild/augmented/brightness/root/frame_0057__brightness.jpg,brightness,"{""factor"": 1.0896}"
Foam-Mild,root,Foam-Mild/frame_0057.jpg,Foam-Mild/augmented/contrast/root/frame_0057__contrast.jpg,contrast,"{""factor"": 0.9623}"
Foam-Mild,root,Foam-Mild/frame_0057.jpg,Foam-Mild/augmented/saturation/root/frame_0057__saturation.jpg,saturation,"{""factor"": 1.0433}"
Foam-Mild,root,Foam-Mild/frame_0057.jpg,Foam-Mild/augmented/zoom_translate/root/frame_0057__zoom_translate.jpg,zoom_translate,"{""shift_x_fraction"": -0.0218, ""shift_y_fraction"": -0.0092, ""zoom"": 1.0252}"
Foam-Mild,root,Foam-Mild/frame_0058.jpg,Foam-Mild/augmented/small_rotation/root/frame_0058__small_rotation.jpg,small_rotation,"{""angle_degrees"": 6.5756}"
Foam-Mild,root,Foam-Mild/frame_0058.jpg,Foam-Mild/augmented/horizontal_flip/root/frame_0058__horizontal_flip.jpg,horizontal_flip,{}
Foam-Mild,root,Foam-Mild/frame_0058.jpg,Foam-Mild/augmented/brightness/root/frame_0058__brightness.jpg,brightness,"{""factor"": 0.8922}"
Foam-Mild,root,Foam-Mild/frame_0058.jpg,Foam-Mild/augmented/contrast/root/frame_0058__contrast.jpg,contrast,"{""factor"": 0.8665}"
Foam-Mild,root,Foam-Mild/frame_0058.jpg,Foam-Mild/augmented/saturation/root/frame_0058__saturation.jpg,saturation,"{""factor"": 0.9962}"
Foam-Mild,root,Foam-Mild/frame_0058.jpg,Foam-Mild/augmented/zoom_translate/root/frame_0058__zoom_translate.jpg,zoom_translate,"{""shift_x_fraction"": -0.026, ""shift_y_fraction"": 0.0104, ""zoom"": 1.0613}"
Foam-Mild,root,Foam-Mild/frame_0059.jpg,Foam-Mild/augmented/small_rotation/root/frame_0059__small_rotation.jpg,small_rotation,"{""angle_degrees"": 6.0328}"
Foam-Mild,root,Foam-Mild/frame_0059.jpg,Foam-Mild/augmented/horizontal_flip/root/frame_0059__horizontal_flip.jpg,horizontal_flip,{}
Foam-Mild,root,Foam-Mild/frame_0059.jpg,Foam-Mild/augmented/brightness/root/frame_0059__brightness.jpg,brightness,"{""factor"": 1.0935}"
Foam-Mild,root,Foam-Mild/frame_0059.jpg,Foam-Mild/augmented/contrast/root/frame_0059__contrast.jpg,contrast,"{""factor"": 1.0989}"
Foam-Mild,root,Foam-Mild/frame_0059.jpg,Foam-Mild/augmented/saturation/root/frame_0059__saturation.jpg,saturation,"{""factor"": 1.0553}"
Foam-Mild,root,Foam-Mild/frame_0059.jpg,Foam-Mild/augmented/zoom_translate/root/frame_0059__zoom_translate.jpg,zoom_translate,"{""shift_x_fraction"": -0.0151, ""shift_y_fraction"": 0.0294, ""zoom"": 1.0048}"
Foam-Mild,root,Foam-Mild/frame_0060.jpg,Foam-Mild/augmented/small_rotation/root/frame_0060__small_rotation.jpg,small_rotation,"{""angle_degrees"": -6.6158}"
Foam-Mild,root,Foam-Mild/frame_0060.jpg,Foam-Mild/augmented/horizontal_flip/root/frame_0060__horizontal_flip.jpg,horizontal_flip,{}
Foam-Mild,root,Foam-Mild/frame_0060.jpg,Foam-Mild/augmented/brightness/root/frame_0060__brightness.jpg,brightness,"{""factor"": 1.0285}"
Foam-Mild,root,Foam-Mild/frame_0060.jpg,Foam-Mild/augmented/contrast/root/frame_0060__contrast.jpg,contrast,"{""factor"": 1.1168}"
Foam-Mild,root,Foam-Mild/frame_0060.jpg,Foam-Mild/augmented/saturation/root/frame_0060__saturation.jpg,saturation,"{""factor"": 1.0951}"
Foam-Mild,root,Foam-Mild/frame_0060.jpg,Foam-Mild/augmented/zoom_translate/root/frame_0060__zoom_translate.jpg,zoom_translate,"{""shift_x_fraction"": 0.0267, ""shift_y_fraction"": 0.0064, ""zoom"": 1.078}"
Foam-Mild,root,Foam-Mild/frame_0061.jpg,Foam-Mild/augmented/small_rotation/root/frame_0061__small_rotation.jpg,small_rotation,"{""angle_degrees"": 7.48}"
Foam-Mild,root,Foam-Mild/frame_0061.jpg,Foam-Mild/augmented/horizontal_flip/root/frame_0061__horizontal_flip.jpg,horizontal_flip,{}
Foam-Mild,root,Foam-Mild/frame_0061.jpg,Foam-Mild/augmented/brightness/root/frame_0061__brightness.jpg,brightness,"{""factor"": 1.1231}"
Foam-Mild,root,Foam-Mild/frame_0061.jpg,Foam-Mild/augmented/contrast/root/frame_0061__contrast.jpg,contrast,"{""factor"": 1.032}"
Foam-Mild,root,Foam-Mild/frame_0061.jpg,Foam-Mild/augmented/saturation/root/frame_0061__saturation.jpg,saturation,"{""factor"": 1.064}"
Foam-Mild,root,Foam-Mild/frame_0061.jpg,Foam-Mild/augmented/zoom_translate/root/frame_0061__zoom_translate.jpg,zoom_translate,"{""shift_x_fraction"": 0.0108, ""shift_y_fraction"": -0.0072, ""zoom"": 1.076}"
Foam-Mild,root,Foam-Mild/frame_0062.jpg,Foam-Mild/augmented/small_rotation/root/frame_0062__small_rotation.jpg,small_rotation,"{""angle_degrees"": -6.4455}"
Foam-Mild,root,Foam-Mild/frame_0062.jpg,Foam-Mild/augmented/horizontal_flip/root/frame_0062__horizontal_flip.jpg,horizontal_flip,{}
Foam-Mild,root,Foam-Mild/frame_0062.jpg,Foam-Mild/augmented/brightness/root/frame_0062__brightness.jpg,brightness,"{""factor"": 1.1473}"
Foam-Mild,root,Foam-Mild/frame_0062.jpg,Foam-Mild/augmented/contrast/root/frame_0062__contrast.jpg,contrast,"{""factor"": 1.0386}"
Foam-Mild,root,Foam-Mild/frame_0062.jpg,Foam-Mild/augmented/saturation/root/frame_0062__saturation.jpg,saturation,"{""factor"": 1.034}"
Foam-Mild,root,Foam-Mild/frame_0062.jpg,Foam-Mild/augmented/zoom_translate/root/frame_0062__zoom_translate.jpg,zoom_translate,"{""shift_x_fraction"": 0.0043, ""shift_y_fraction"": -0.0101, ""zoom"": 1.0512}"
Foam-Mild,root,Foam-Mild/frame_0063.jpg,Foam-Mild/augmented/small_rotation/root/frame_0063__small_rotation.jpg,small_rotation,"{""angle_degrees"": -1.206}"
Foam-Mild,root,Foam-Mild/frame_0063.jpg,Foam-Mild/augmented/horizontal_flip/root/frame_0063__horizontal_flip.jpg,horizontal_flip,{}
Foam-Mild,root,Foam-Mild/frame_0063.jpg,Foam-Mild/augmented/brightness/root/frame_0063__brightness.jpg,brightness,"{""factor"": 0.8672}"
Foam-Mild,root,Foam-Mild/frame_0063.jpg,Foam-Mild/augmented/contrast/root/frame_0063__contrast.jpg,contrast,"{""factor"": 0.9089}"
Foam-Mild,root,Foam-Mild/frame_0063.jpg,Foam-Mild/augmented/saturation/root/frame_0063__saturation.jpg,saturation,"{""factor"": 0.9983}"
Foam-Mild,root,Foam-Mild/frame_0063.jpg,Foam-Mild/augmented/zoom_translate/root/frame_0063__zoom_translate.jpg,zoom_translate,"{""shift_x_fraction"": -0.0242, ""shift_y_fraction"": 0.0141, ""zoom"": 1.001}"
Foam-Mild,root,Foam-Mild/frame_0064.jpg,Foam-Mild/augmented/small_rotation/root/frame_0064__small_rotation.jpg,small_rotation,"{""angle_degrees"": -0.8573}"
Foam-Mild,root,Foam-Mild/frame_0064.jpg,Foam-Mild/augmented/horizontal_flip/root/frame_0064__horizontal_flip.jpg,horizontal_flip,{}
Foam-Mild,root,Foam-Mild/frame_0064.jpg,Foam-Mild/augmented/brightness/root/frame_0064__brightness.jpg,brightness,"{""factor"": 0.9104}"
Foam-Mild,root,Foam-Mild/frame_0064.jpg,Foam-Mild/augmented/contrast/root/frame_0064__contrast.jpg,contrast,"{""factor"": 1.0134}"
Foam-Mild,root,Foam-Mild/frame_0064.jpg,Foam-Mild/augmented/saturation/root/frame_0064__saturation.jpg,saturation,"{""factor"": 0.9714}"
Foam-Mild,root,Foam-Mild/frame_0064.jpg,Foam-Mild/augmented/zoom_translate/root/frame_0064__zoom_translate.jpg,zoom_translate,"{""shift_x_fraction"": 0.0084, ""shift_y_fraction"": 0.0084, ""zoom"": 1.0518}"
Foam-Mild,root,Foam-Mild/frame_0065.jpg,Foam-Mild/augmented/small_rotation/root/frame_0065__small_rotation.jpg,small_rotation,"{""angle_degrees"": 5.2588}"
Foam-Mild,root,Foam-Mild/frame_0065.jpg,Foam-Mild/augmented/horizontal_flip/root/frame_0065__horizontal_flip.jpg,horizontal_flip,{}
Foam-Mild,root,Foam-Mild/frame_0065.jpg,Foam-Mild/augmented/brightness/root/frame_0065__brightness.jpg,brightness,"{""factor"": 0.8728}"
Foam-Mild,root,Foam-Mild/frame_0065.jpg,Foam-Mild/augmented/contrast/root/frame_0065__contrast.jpg,contrast,"{""factor"": 0.893}"
Foam-Mild,root,Foam-Mild/frame_0065.jpg,Foam-Mild/augmented/saturation/root/frame_0065__saturation.jpg,saturation,"{""factor"": 1.091}"
Foam-Mild,root,Foam-Mild/frame_0065.jpg,Foam-Mild/augmented/zoom_translate/root/frame_0065__zoom_translate.jpg,zoom_translate,"{""shift_x_fraction"": -0.0273, ""shift_y_fraction"": -0.0201, ""zoom"": 1.066}"
Foam-Mild,root,Foam-Mild/frame_0066.jpg,Foam-Mild/augmented/small_rotation/root/frame_0066__small_rotation.jpg,small_rotation,"{""angle_degrees"": 6.8271}"
Foam-Mild,root,Foam-Mild/frame_0066.jpg,Foam-Mild/augmented/horizontal_flip/root/frame_0066__horizontal_flip.jpg,horizontal_flip,{}
Foam-Mild,root,Foam-Mild/frame_0066.jpg,Foam-Mild/augmented/brightness/root/frame_0066__brightness.jpg,brightness,"{""factor"": 1.136}"
Foam-Mild,root,Foam-Mild/frame_0066.jpg,Foam-Mild/augmented/contrast/root/frame_0066__contrast.jpg,contrast,"{""factor"": 1.0572}"
Foam-Mild,root,Foam-Mild/frame_0066.jpg,Foam-Mild/augmented/saturation/root/frame_0066__saturation.jpg,saturation,"{""factor"": 1.0783}"
Foam-Mild,root,Foam-Mild/frame_0066.jpg,Foam-Mild/augmented/zoom_translate/root/frame_0066__zoom_translate.jpg,zoom_translate,"{""shift_x_fraction"": 0.0052, ""shift_y_fraction"": 0.0164, ""zoom"": 1.0261}"
Foam-Mild,root,Foam-Mild/frame_0067.jpg,Foam-Mild/augmented/small_rotation/root/frame_0067__small_rotation.jpg,small_rotation,"{""angle_degrees"": -6.0056}"
Foam-Mild,root,Foam-Mild/frame_0067.jpg,Foam-Mild/augmented/horizontal_flip/root/frame_0067__horizontal_flip.jpg,horizontal_flip,{}
Foam-Mild,root,Foam-Mild/frame_0067.jpg,Foam-Mild/augmented/brightness/root/frame_0067__brightness.jpg,brightness,"{""factor"": 1.0712}"
Foam-Mild,root,Foam-Mild/frame_0067.jpg,Foam-Mild/augmented/contrast/root/frame_0067__contrast.jpg,contrast,"{""factor"": 1.123}"
Foam-Mild,root,Foam-Mild/frame_0067.jpg,Foam-Mild/augmented/saturation/root/frame_0067__saturation.jpg,saturation,"{""factor"": 1.0957}"
Foam-Mild,root,Foam-Mild/frame_0067.jpg,Foam-Mild/augmented/zoom_translate/root/frame_0067__zoom_translate.jpg,zoom_translate,"{""shift_x_fraction"": 0.0189, ""shift_y_fraction"": 0.0309, ""zoom"": 1.0511}"
Foam-Mild,root,Foam-Mild/frame_0068.jpg,Foam-Mild/augmented/small_rotation/root/frame_0068__small_rotation.jpg,small_rotation,"{""angle_degrees"": 2.9968}"
Foam-Mild,root,Foam-Mild/frame_0068.jpg,Foam-Mild/augmented/horizontal_flip/root/frame_0068__horizontal_flip.jpg,horizontal_flip,{}
Foam-Mild,root,Foam-Mild/frame_0068.jpg,Foam-Mild/augmented/brightness/root/frame_0068__brightness.jpg,brightness,"{""factor"": 1.1165}"
Foam-Mild,root,Foam-Mild/frame_0068.jpg,Foam-Mild/augmented/contrast/root/frame_0068__contrast.jpg,contrast,"{""factor"": 1.0031}"
Foam-Mild,root,Foam-Mild/frame_0068.jpg,Foam-Mild/augmented/saturation/root/frame_0068__saturation.jpg,saturation,"{""factor"": 1.0419}"
Foam-Mild,root,Foam-Mild/frame_0068.jpg,Foam-Mild/augmented/zoom_translate/root/frame_0068__zoom_translate.jpg,zoom_translate,"{""shift_x_fraction"": -0.0043, ""shift_y_fraction"": 0.0087, ""zoom"": 1.0069}"
Foam-Mild,root,Foam-Mild/frame_0069.jpg,Foam-Mild/augmented/small_rotation/root/frame_0069__small_rotation.jpg,small_rotation,"{""angle_degrees"": 5.2894}"
Foam-Mild,root,Foam-Mild/frame_0069.jpg,Foam-Mild/augmented/horizontal_flip/root/frame_0069__horizontal_flip.jpg,horizontal_flip,{}
Foam-Mild,root,Foam-Mild/frame_0069.jpg,Foam-Mild/augmented/brightness/root/frame_0069__brightness.jpg,brightness,"{""factor"": 0.8918}"
Foam-Mild,root,Foam-Mild/frame_0069.jpg,Foam-Mild/augmented/contrast/root/frame_0069__contrast.jpg,contrast,"{""factor"": 0.9527}"
Foam-Mild,root,Foam-Mild/frame_0069.jpg,Foam-Mild/augmented/saturation/root/frame_0069__saturation.jpg,saturation,"{""factor"": 1.0478}"
Foam-Mild,root,Foam-Mild/frame_0069.jpg,Foam-Mild/augmented/zoom_translate/root/frame_0069__zoom_translate.jpg,zoom_translate,"{""shift_x_fraction"": -0.003, ""shift_y_fraction"": -0.0344, ""zoom"": 1.0179}"
Foam-Mild,root,Foam-Mild/frame_0070.jpg,Foam-Mild/augmented/small_rotation/root/frame_0070__small_rotation.jpg,small_rotation,"{""angle_degrees"": -4.3116}"
Foam-Mild,root,Foam-Mild/frame_0070.jpg,Foam-Mild/augmented/horizontal_flip/root/frame_0070__horizontal_flip.jpg,horizontal_flip,{}
Foam-Mild,root,Foam-Mild/frame_0070.jpg,Foam-Mild/augmented/brightness/root/frame_0070__brightness.jpg,brightness,"{""factor"": 1.0334}"
Foam-Mild,root,Foam-Mild/frame_0070.jpg,Foam-Mild/augmented/contrast/root/frame_0070__contrast.jpg,contrast,"{""factor"": 0.8898}"
Foam-Mild,root,Foam-Mild/frame_0070.jpg,Foam-Mild/augmented/saturation/root/frame_0070__saturation.jpg,saturation,"{""factor"": 1.0732}"
Foam-Mild,root,Foam-Mild/frame_0070.jpg,Foam-Mild/augmented/zoom_translate/root/frame_0070__zoom_translate.jpg,zoom_translate,"{""shift_x_fraction"": 0.0166, ""shift_y_fraction"": 0.0203, ""zoom"": 1.0634}"
Foam-Mild,root,Foam-Mild/frame_0071.jpg,Foam-Mild/augmented/small_rotation/root/frame_0071__small_rotation.jpg,small_rotation,"{""angle_degrees"": 6.0829}"
Foam-Mild,root,Foam-Mild/frame_0071.jpg,Foam-Mild/augmented/horizontal_flip/root/frame_0071__horizontal_flip.jpg,horizontal_flip,{}
Foam-Mild,root,Foam-Mild/frame_0071.jpg,Foam-Mild/augmented/brightness/root/frame_0071__brightness.jpg,brightness,"{""factor"": 1.1059}"
Foam-Mild,root,Foam-Mild/frame_0071.jpg,Foam-Mild/augmented/contrast/root/frame_0071__contrast.jpg,contrast,"{""factor"": 0.9679}"
Foam-Mild,root,Foam-Mild/frame_0071.jpg,Foam-Mild/augmented/saturation/root/frame_0071__saturation.jpg,saturation,"{""factor"": 0.9503}"
Foam-Mild,root,Foam-Mild/frame_0071.jpg,Foam-Mild/augmented/zoom_translate/root/frame_0071__zoom_translate.jpg,zoom_translate,"{""shift_x_fraction"": 0.0125, ""shift_y_fraction"": 0.0061, ""zoom"": 1.0243}"
Foam-Mild,root,Foam-Mild/frame_0072.jpg,Foam-Mild/augmented/small_rotation/root/frame_0072__small_rotation.jpg,small_rotation,"{""angle_degrees"": 7.3974}"
Foam-Mild,root,Foam-Mild/frame_0072.jpg,Foam-Mild/augmented/horizontal_flip/root/frame_0072__horizontal_flip.jpg,horizontal_flip,{}
Foam-Mild,root,Foam-Mild/frame_0072.jpg,Foam-Mild/augmented/brightness/root/frame_0072__brightness.jpg,brightness,"{""factor"": 1.1011}"
Foam-Mild,root,Foam-Mild/frame_0072.jpg,Foam-Mild/augmented/contrast/root/frame_0072__contrast.jpg,contrast,"{""factor"": 0.9663}"
Foam-Mild,root,Foam-Mild/frame_0072.jpg,Foam-Mild/augmented/saturation/root/frame_0072__saturation.jpg,saturation,"{""factor"": 0.9112}"
Foam-Mild,root,Foam-Mild/frame_0072.jpg,Foam-Mild/augmented/zoom_translate/root/frame_0072__zoom_translate.jpg,zoom_translate,"{""shift_x_fraction"": 0.0122, ""shift_y_fraction"": 0.0129, ""zoom"": 1.0152}"
Foam-Mild,root,Foam-Mild/frame_0073.jpg,Foam-Mild/augmented/small_rotation/root/frame_0073__small_rotation.jpg,small_rotation,"{""angle_degrees"": -2.4274}"
Foam-Mild,root,Foam-Mild/frame_0073.jpg,Foam-Mild/augmented/horizontal_flip/root/frame_0073__horizontal_flip.jpg,horizontal_flip,{}
Foam-Mild,root,Foam-Mild/frame_0073.jpg,Foam-Mild/augmented/brightness/root/frame_0073__brightness.jpg,brightness,"{""factor"": 0.8895}"
Foam-Mild,root,Foam-Mild/frame_0073.jpg,Foam-Mild/augmented/contrast/root/frame_0073__contrast.jpg,contrast,"{""factor"": 1.0561}"
Foam-Mild,root,Foam-Mild/frame_0073.jpg,Foam-Mild/augmented/saturation/root/frame_0073__saturation.jpg,saturation,"{""factor"": 1.0624}"
Foam-Mild,root,Foam-Mild/frame_0073.jpg,Foam-Mild/augmented/zoom_translate/root/frame_0073__zoom_translate.jpg,zoom_translate,"{""shift_x_fraction"": -0.0126, ""shift_y_fraction"": -0.0222, ""zoom"": 1.0246}"
Foam-Mild,root,Foam-Mild/frame_0074.jpg,Foam-Mild/augmented/small_rotation/root/frame_0074__small_rotation.jpg,small_rotation,"{""angle_degrees"": 4.9046}"
Foam-Mild,root,Foam-Mild/frame_0074.jpg,Foam-Mild/augmented/horizontal_flip/root/frame_0074__horizontal_flip.jpg,horizontal_flip,{}
Foam-Mild,root,Foam-Mild/frame_0074.jpg,Foam-Mild/augmented/brightness/root/frame_0074__brightness.jpg,brightness,"{""factor"": 0.8952}"
Foam-Mild,root,Foam-Mild/frame_0074.jpg,Foam-Mild/augmented/contrast/root/frame_0074__contrast.jpg,contrast,"{""factor"": 1.05}"
Foam-Mild,root,Foam-Mild/frame_0074.jpg,Foam-Mild/augmented/saturation/root/frame_0074__saturation.jpg,saturation,"{""factor"": 1.0698}"
Foam-Mild,root,Foam-Mild/frame_0074.jpg,Foam-Mild/augmented/zoom_translate/root/frame_0074__zoom_translate.jpg,zoom_translate,"{""shift_x_fraction"": -0.0121, ""shift_y_fraction"": -0.0204, ""zoom"": 1.0142}"
Foam-Mild,root,Foam-Mild/frame_0075.jpg,Foam-Mild/augmented/small_rotation/root/frame_0075__small_rotation.jpg,small_rotation,"{""angle_degrees"": -3.8707}"
Foam-Mild,root,Foam-Mild/frame_0075.jpg,Foam-Mild/augmented/horizontal_flip/root/frame_0075__horizontal_flip.jpg,horizontal_flip,{}
Foam-Mild,root,Foam-Mild/frame_0075.jpg,Foam-Mild/augmented/brightness/root/frame_0075__brightness.jpg,brightness,"{""factor"": 1.0118}"
Foam-Mild,root,Foam-Mild/frame_0075.jpg,Foam-Mild/augmented/contrast/root/frame_0075__contrast.jpg,contrast,"{""factor"": 1.0069}"
Foam-Mild,root,Foam-Mild/frame_0075.jpg,Foam-Mild/augmented/saturation/root/frame_0075__saturation.jpg,saturation,"{""factor"": 0.9615}"
Foam-Mild,root,Foam-Mild/frame_0075.jpg,Foam-Mild/augmented/zoom_translate/root/frame_0075__zoom_translate.jpg,zoom_translate,"{""shift_x_fraction"": -0.0255, ""shift_y_fraction"": 0.0318, ""zoom"": 1.0052}"
Foam-Mild,root,Foam-Mild/frame_0076.jpg,Foam-Mild/augmented/small_rotation/root/frame_0076__small_rotation.jpg,small_rotation,"{""angle_degrees"": 2.752}"
Foam-Mild,root,Foam-Mild/frame_0076.jpg,Foam-Mild/augmented/horizontal_flip/root/frame_0076__horizontal_flip.jpg,horizontal_flip,{}
Foam-Mild,root,Foam-Mild/frame_0076.jpg,Foam-Mild/augmented/brightness/root/frame_0076__brightness.jpg,brightness,"{""factor"": 1.0487}"
Foam-Mild,root,Foam-Mild/frame_0076.jpg,Foam-Mild/augmented/contrast/root/frame_0076__contrast.jpg,contrast,"{""factor"": 0.9827}"
Foam-Mild,root,Foam-Mild/frame_0076.jpg,Foam-Mild/augmented/saturation/root/frame_0076__saturation.jpg,saturation,"{""factor"": 0.9927}"
Foam-Mild,root,Foam-Mild/frame_0076.jpg,Foam-Mild/augmented/zoom_translate/root/frame_0076__zoom_translate.jpg,zoom_translate,"{""shift_x_fraction"": 0.006, ""shift_y_fraction"": 0.0199, ""zoom"": 1.0458}"
Foam-Mild,root,Foam-Mild/frame_0077.jpg,Foam-Mild/augmented/small_rotation/root/frame_0077__small_rotation.jpg,small_rotation,"{""angle_degrees"": -6.4506}"
Foam-Mild,root,Foam-Mild/frame_0077.jpg,Foam-Mild/augmented/horizontal_flip/root/frame_0077__horizontal_flip.jpg,horizontal_flip,{}
Foam-Mild,root,Foam-Mild/frame_0077.jpg,Foam-Mild/augmented/brightness/root/frame_0077__brightness.jpg,brightness,"{""factor"": 1.0429}"
Foam-Mild,root,Foam-Mild/frame_0077.jpg,Foam-Mild/augmented/contrast/root/frame_0077__contrast.jpg,contrast,"{""factor"": 1.0592}"
Foam-Mild,root,Foam-Mild/frame_0077.jpg,Foam-Mild/augmented/saturation/root/frame_0077__saturation.jpg,saturation,"{""factor"": 1.0776}"
Foam-Mild,root,Foam-Mild/frame_0077.jpg,Foam-Mild/augmented/zoom_translate/root/frame_0077__zoom_translate.jpg,zoom_translate,"{""shift_x_fraction"": -0.0327, ""shift_y_fraction"": 0.0288, ""zoom"": 1.0603}"
Foam-Mild,root,Foam-Mild/frame_0078.jpg,Foam-Mild/augmented/small_rotation/root/frame_0078__small_rotation.jpg,small_rotation,"{""angle_degrees"": 2.4282}"
Foam-Mild,root,Foam-Mild/frame_0078.jpg,Foam-Mild/augmented/horizontal_flip/root/frame_0078__horizontal_flip.jpg,horizontal_flip,{}
Foam-Mild,root,Foam-Mild/frame_0078.jpg,Foam-Mild/augmented/brightness/root/frame_0078__brightness.jpg,brightness,"{""factor"": 0.9917}"
Foam-Mild,root,Foam-Mild/frame_0078.jpg,Foam-Mild/augmented/contrast/root/frame_0078__contrast.jpg,contrast,"{""factor"": 1.0869}"
Foam-Mild,root,Foam-Mild/frame_0078.jpg,Foam-Mild/augmented/saturation/root/frame_0078__saturation.jpg,saturation,"{""factor"": 1.0156}"
Foam-Mild,root,Foam-Mild/frame_0078.jpg,Foam-Mild/augmented/zoom_translate/root/frame_0078__zoom_translate.jpg,zoom_translate,"{""shift_x_fraction"": 0.0135, ""shift_y_fraction"": 0.0187, ""zoom"": 1.0077}"
Foam-Mild,root,Foam-Mild/frame_0079.jpg,Foam-Mild/augmented/small_rotation/root/frame_0079__small_rotation.jpg,small_rotation,"{""angle_degrees"": 5.0172}"
Foam-Mild,root,Foam-Mild/frame_0079.jpg,Foam-Mild/augmented/horizontal_flip/root/frame_0079__horizontal_flip.jpg,horizontal_flip,{}
Foam-Mild,root,Foam-Mild/frame_0079.jpg,Foam-Mild/augmented/brightness/root/frame_0079__brightness.jpg,brightness,"{""factor"": 0.9891}"
Foam-Mild,root,Foam-Mild/frame_0079.jpg,Foam-Mild/augmented/contrast/root/frame_0079__contrast.jpg,contrast,"{""factor"": 0.9658}"
Foam-Mild,root,Foam-Mild/frame_0079.jpg,Foam-Mild/augmented/saturation/root/frame_0079__saturation.jpg,saturation,"{""factor"": 0.9938}"
Foam-Mild,root,Foam-Mild/frame_0079.jpg,Foam-Mild/augmented/zoom_translate/root/frame_0079__zoom_translate.jpg,zoom_translate,"{""shift_x_fraction"": 0.0016, ""shift_y_fraction"": -0.034, ""zoom"": 1.0529}"
Foam-Mild,root,Foam-Mild/frame_0080.jpg,Foam-Mild/augmented/small_rotation/root/frame_0080__small_rotation.jpg,small_rotation,"{""angle_degrees"": -3.5258}"
Foam-Mild,root,Foam-Mild/frame_0080.jpg,Foam-Mild/augmented/horizontal_flip/root/frame_0080__horizontal_flip.jpg,horizontal_flip,{}
Foam-Mild,root,Foam-Mild/frame_0080.jpg,Foam-Mild/augmented/brightness/root/frame_0080__brightness.jpg,brightness,"{""factor"": 0.8551}"
Foam-Mild,root,Foam-Mild/frame_0080.jpg,Foam-Mild/augmented/contrast/root/frame_0080__contrast.jpg,contrast,"{""factor"": 1.0406}"
Foam-Mild,root,Foam-Mild/frame_0080.jpg,Foam-Mild/augmented/saturation/root/frame_0080__saturation.jpg,saturation,"{""factor"": 0.9376}"
Foam-Mild,root,Foam-Mild/frame_0080.jpg,Foam-Mild/augmented/zoom_translate/root/frame_0080__zoom_translate.jpg,zoom_translate,"{""shift_x_fraction"": -0.0016, ""shift_y_fraction"": -0.0339, ""zoom"": 1.0207}"
Foam-Mild,root,Foam-Mild/frame_0081.jpg,Foam-Mild/augmented/small_rotation/root/frame_0081__small_rotation.jpg,small_rotation,"{""angle_degrees"": 1.6675}"
Foam-Mild,root,Foam-Mild/frame_0081.jpg,Foam-Mild/augmented/horizontal_flip/root/frame_0081__horizontal_flip.jpg,horizontal_flip,{}
Foam-Mild,root,Foam-Mild/frame_0081.jpg,Foam-Mild/augmented/brightness/root/frame_0081__brightness.jpg,brightness,"{""factor"": 0.9532}"
Foam-Mild,root,Foam-Mild/frame_0081.jpg,Foam-Mild/augmented/contrast/root/frame_0081__contrast.jpg,contrast,"{""factor"": 1.1064}"
Foam-Mild,root,Foam-Mild/frame_0081.jpg,Foam-Mild/augmented/saturation/root/frame_0081__saturation.jpg,saturation,"{""factor"": 0.962}"
Foam-Mild,root,Foam-Mild/frame_0081.jpg,Foam-Mild/augmented/zoom_translate/root/frame_0081__zoom_translate.jpg,zoom_translate,"{""shift_x_fraction"": -0.0111, ""shift_y_fraction"": 0.006, ""zoom"": 1.0341}"
Foam-Mild,root,Foam-Mild/frame_0082.jpg,Foam-Mild/augmented/small_rotation/root/frame_0082__small_rotation.jpg,small_rotation,"{""angle_degrees"": -4.9581}"
Foam-Mild,root,Foam-Mild/frame_0082.jpg,Foam-Mild/augmented/horizontal_flip/root/frame_0082__horizontal_flip.jpg,horizontal_flip,{}
Foam-Mild,root,Foam-Mild/frame_0082.jpg,Foam-Mild/augmented/brightness/root/frame_0082__brightness.jpg,brightness,"{""factor"": 0.9787}"
Foam-Mild,root,Foam-Mild/frame_0082.jpg,Foam-Mild/augmented/contrast/root/frame_0082__contrast.jpg,contrast,"{""factor"": 0.8844}"
Foam-Mild,root,Foam-Mild/frame_0082.jpg,Foam-Mild/augmented/saturation/root/frame_0082__saturation.jpg,saturation,"{""factor"": 0.9926}"
Foam-Mild,root,Foam-Mild/frame_0082.jpg,Foam-Mild/augmented/zoom_translate/root/frame_0082__zoom_translate.jpg,zoom_translate,"{""shift_x_fraction"": 0.0055, ""shift_y_fraction"": 0.0089, ""zoom"": 1.0036}"
Foam-Mild,root,Foam-Mild/frame_0083.jpg,Foam-Mild/augmented/small_rotation/root/frame_0083__small_rotation.jpg,small_rotation,"{""angle_degrees"": -1.3842}"
Foam-Mild,root,Foam-Mild/frame_0083.jpg,Foam-Mild/augmented/horizontal_flip/root/frame_0083__horizontal_flip.jpg,horizontal_flip,{}
Foam-Mild,root,Foam-Mild/frame_0083.jpg,Foam-Mild/augmented/brightness/root/frame_0083__brightness.jpg,brightness,"{""factor"": 0.8673}"
Foam-Mild,root,Foam-Mild/frame_0083.jpg,Foam-Mild/augmented/contrast/root/frame_0083__contrast.jpg,contrast,"{""factor"": 0.9364}"
Foam-Mild,root,Foam-Mild/frame_0083.jpg,Foam-Mild/augmented/saturation/root/frame_0083__saturation.jpg,saturation,"{""factor"": 1.02}"
Foam-Mild,root,Foam-Mild/frame_0083.jpg,Foam-Mild/augmented/zoom_translate/root/frame_0083__zoom_translate.jpg,zoom_translate,"{""shift_x_fraction"": 0.0288, ""shift_y_fraction"": 0.0322, ""zoom"": 1.0131}"
Foam-Mild,root,Foam-Mild/frame_0084.jpg,Foam-Mild/augmented/small_rotation/root/frame_0084__small_rotation.jpg,small_rotation,"{""angle_degrees"": 5.5609}"
Foam-Mild,root,Foam-Mild/frame_0084.jpg,Foam-Mild/augmented/horizontal_flip/root/frame_0084__horizontal_flip.jpg,horizontal_flip,{}
Foam-Mild,root,Foam-Mild/frame_0084.jpg,Foam-Mild/augmented/brightness/root/frame_0084__brightness.jpg,brightness,"{""factor"": 1.047}"
Foam-Mild,root,Foam-Mild/frame_0084.jpg,Foam-Mild/augmented/contrast/root/frame_0084__contrast.jpg,contrast,"{""factor"": 1.0307}"
Foam-Mild,root,Foam-Mild/frame_0084.jpg,Foam-Mild/augmented/saturation/root/frame_0084__saturation.jpg,saturation,"{""factor"": 0.9041}"
Foam-Mild,root,Foam-Mild/frame_0084.jpg,Foam-Mild/augmented/zoom_translate/root/frame_0084__zoom_translate.jpg,zoom_translate,"{""shift_x_fraction"": -0.0098, ""shift_y_fraction"": 0.0005, ""zoom"": 1.0035}"
Foam-Mild,root,Foam-Mild/frame_0085.jpg,Foam-Mild/augmented/small_rotation/root/frame_0085__small_rotation.jpg,small_rotation,"{""angle_degrees"": -1.5601}"
Foam-Mild,root,Foam-Mild/frame_0085.jpg,Foam-Mild/augmented/horizontal_flip/root/frame_0085__horizontal_flip.jpg,horizontal_flip,{}
Foam-Mild,root,Foam-Mild/frame_0085.jpg,Foam-Mild/augmented/brightness/root/frame_0085__brightness.jpg,brightness,"{""factor"": 1.1285}"
Foam-Mild,root,Foam-Mild/frame_0085.jpg,Foam-Mild/augmented/contrast/root/frame_0085__contrast.jpg,contrast,"{""factor"": 1.0822}"
Foam-Mild,root,Foam-Mild/frame_0085.jpg,Foam-Mild/augmented/saturation/root/frame_0085__saturation.jpg,saturation,"{""factor"": 1.0265}"
Foam-Mild,root,Foam-Mild/frame_0085.jpg,Foam-Mild/augmented/zoom_translate/root/frame_0085__zoom_translate.jpg,zoom_translate,"{""shift_x_fraction"": -0.0097, ""shift_y_fraction"": 0.0098, ""zoom"": 1.072}"
Foam-Mild,root,Foam-Mild/frame_0086.jpg,Foam-Mild/augmented/small_rotation/root/frame_0086__small_rotation.jpg,small_rotation,"{""angle_degrees"": -2.7599}"
Foam-Mild,root,Foam-Mild/frame_0086.jpg,Foam-Mild/augmented/horizontal_flip/root/frame_0086__horizontal_flip.jpg,horizontal_flip,{}
Foam-Mild,root,Foam-Mild/frame_0086.jpg,Foam-Mild/augmented/brightness/root/frame_0086__brightness.jpg,brightness,"{""factor"": 1.0083}"
Foam-Mild,root,Foam-Mild/frame_0086.jpg,Foam-Mild/augmented/contrast/root/frame_0086__contrast.jpg,contrast,"{""factor"": 0.9086}"
Foam-Mild,root,Foam-Mild/frame_0086.jpg,Foam-Mild/augmented/saturation/root/frame_0086__saturation.jpg,saturation,"{""factor"": 1.0101}"
Foam-Mild,root,Foam-Mild/frame_0086.jpg,Foam-Mild/augmented/zoom_translate/root/frame_0086__zoom_translate.jpg,zoom_translate,"{""shift_x_fraction"": 0.0046, ""shift_y_fraction"": -0.0286, ""zoom"": 1.0106}"
Foam-Mild,root,Foam-Mild/frame_0087.jpg,Foam-Mild/augmented/small_rotation/root/frame_0087__small_rotation.jpg,small_rotation,"{""angle_degrees"": -4.4367}"
Foam-Mild,root,Foam-Mild/frame_0087.jpg,Foam-Mild/augmented/horizontal_flip/root/frame_0087__horizontal_flip.jpg,horizontal_flip,{}
Foam-Mild,root,Foam-Mild/frame_0087.jpg,Foam-Mild/augmented/brightness/root/frame_0087__brightness.jpg,brightness,"{""factor"": 1.098}"
Foam-Mild,root,Foam-Mild/frame_0087.jpg,Foam-Mild/augmented/contrast/root/frame_0087__contrast.jpg,contrast,"{""factor"": 0.8619}"
Foam-Mild,root,Foam-Mild/frame_0087.jpg,Foam-Mild/augmented/saturation/root/frame_0087__saturation.jpg,saturation,"{""factor"": 0.9579}"
Foam-Mild,root,Foam-Mild/frame_0087.jpg,Foam-Mild/augmented/zoom_translate/root/frame_0087__zoom_translate.jpg,zoom_translate,"{""shift_x_fraction"": -0.022, ""shift_y_fraction"": 0.0229, ""zoom"": 1.0051}"
Foam-Mild,root,Foam-Mild/frame_0088.jpg,Foam-Mild/augmented/small_rotation/root/frame_0088__small_rotation.jpg,small_rotation,"{""angle_degrees"": 0.0024}"
Foam-Mild,root,Foam-Mild/frame_0088.jpg,Foam-Mild/augmented/horizontal_flip/root/frame_0088__horizontal_flip.jpg,horizontal_flip,{}
Foam-Mild,root,Foam-Mild/frame_0088.jpg,Foam-Mild/augmented/brightness/root/frame_0088__brightness.jpg,brightness,"{""factor"": 1.0298}"
Foam-Mild,root,Foam-Mild/frame_0088.jpg,Foam-Mild/augmented/contrast/root/frame_0088__contrast.jpg,contrast,"{""factor"": 0.9697}"
Foam-Mild,root,Foam-Mild/frame_0088.jpg,Foam-Mild/augmented/saturation/root/frame_0088__saturation.jpg,saturation,"{""factor"": 0.9486}"
Foam-Mild,root,Foam-Mild/frame_0088.jpg,Foam-Mild/augmented/zoom_translate/root/frame_0088__zoom_translate.jpg,zoom_translate,"{""shift_x_fraction"": 0.0189, ""shift_y_fraction"": -0.0023, ""zoom"": 1.0709}"
Foam-Mild,root,Foam-Mild/frame_0089.jpg,Foam-Mild/augmented/small_rotation/root/frame_0089__small_rotation.jpg,small_rotation,"{""angle_degrees"": 4.0335}"
Foam-Mild,root,Foam-Mild/frame_0089.jpg,Foam-Mild/augmented/horizontal_flip/root/frame_0089__horizontal_flip.jpg,horizontal_flip,{}
Foam-Mild,root,Foam-Mild/frame_0089.jpg,Foam-Mild/augmented/brightness/root/frame_0089__brightness.jpg,brightness,"{""factor"": 1.0159}"
Foam-Mild,root,Foam-Mild/frame_0089.jpg,Foam-Mild/augmented/contrast/root/frame_0089__contrast.jpg,contrast,"{""factor"": 0.9612}"
Foam-Mild,root,Foam-Mild/frame_0089.jpg,Foam-Mild/augmented/saturation/root/frame_0089__saturation.jpg,saturation,"{""factor"": 1.0489}"
Foam-Mild,root,Foam-Mild/frame_0089.jpg,Foam-Mild/augmented/zoom_translate/root/frame_0089__zoom_translate.jpg,zoom_translate,"{""shift_x_fraction"": 0.0245, ""shift_y_fraction"": 0.0169, ""zoom"": 1.0333}"
Foam-Mild,root,Foam-Mild/frame_0090.jpg,Foam-Mild/augmented/small_rotation/root/frame_0090__small_rotation.jpg,small_rotation,"{""angle_degrees"": -4.4953}"
Foam-Mild,root,Foam-Mild/frame_0090.jpg,Foam-Mild/augmented/horizontal_flip/root/frame_0090__horizontal_flip.jpg,horizontal_flip,{}
Foam-Mild,root,Foam-Mild/frame_0090.jpg,Foam-Mild/augmented/brightness/root/frame_0090__brightness.jpg,brightness,"{""factor"": 0.9001}"
Foam-Mild,root,Foam-Mild/frame_0090.jpg,Foam-Mild/augmented/contrast/root/frame_0090__contrast.jpg,contrast,"{""factor"": 1.0034}"
Foam-Mild,root,Foam-Mild/frame_0090.jpg,Foam-Mild/augmented/saturation/root/frame_0090__saturation.jpg,saturation,"{""factor"": 0.905}"
Foam-Mild,root,Foam-Mild/frame_0090.jpg,Foam-Mild/augmented/zoom_translate/root/frame_0090__zoom_translate.jpg,zoom_translate,"{""shift_x_fraction"": 0.0051, ""shift_y_fraction"": 0.027, ""zoom"": 1.0636}"
Foam-Mild,root,Foam-Mild/frame_0091.jpg,Foam-Mild/augmented/small_rotation/root/frame_0091__small_rotation.jpg,small_rotation,"{""angle_degrees"": 5.1979}"
Foam-Mild,root,Foam-Mild/frame_0091.jpg,Foam-Mild/augmented/horizontal_flip/root/frame_0091__horizontal_flip.jpg,horizontal_flip,{}
Foam-Mild,root,Foam-Mild/frame_0091.jpg,Foam-Mild/augmented/brightness/root/frame_0091__brightness.jpg,brightness,"{""factor"": 0.9389}"
Foam-Mild,root,Foam-Mild/frame_0091.jpg,Foam-Mild/augmented/contrast/root/frame_0091__contrast.jpg,contrast,"{""factor"": 1.0281}"
Foam-Mild,root,Foam-Mild/frame_0091.jpg,Foam-Mild/augmented/saturation/root/frame_0091__saturation.jpg,saturation,"{""factor"": 0.9259}"
Foam-Mild,root,Foam-Mild/frame_0091.jpg,Foam-Mild/augmented/zoom_translate/root/frame_0091__zoom_translate.jpg,zoom_translate,"{""shift_x_fraction"": 0.0074, ""shift_y_fraction"": -0.0278, ""zoom"": 1.0029}"
Foam-Mild,root,Foam-Mild/frame_0092.jpg,Foam-Mild/augmented/small_rotation/root/frame_0092__small_rotation.jpg,small_rotation,"{""angle_degrees"": -0.16}"
Foam-Mild,root,Foam-Mild/frame_0092.jpg,Foam-Mild/augmented/horizontal_flip/root/frame_0092__horizontal_flip.jpg,horizontal_flip,{}
Foam-Mild,root,Foam-Mild/frame_0092.jpg,Foam-Mild/augmented/brightness/root/frame_0092__brightness.jpg,brightness,"{""factor"": 1.01}"
Foam-Mild,root,Foam-Mild/frame_0092.jpg,Foam-Mild/augmented/contrast/root/frame_0092__contrast.jpg,contrast,"{""factor"": 1.0512}"
Foam-Mild,root,Foam-Mild/frame_0092.jpg,Foam-Mild/augmented/saturation/root/frame_0092__saturation.jpg,saturation,"{""factor"": 0.9784}"
Foam-Mild,root,Foam-Mild/frame_0092.jpg,Foam-Mild/augmented/zoom_translate/root/frame_0092__zoom_translate.jpg,zoom_translate,"{""shift_x_fraction"": 0.0163, ""shift_y_fraction"": 0.0235, ""zoom"": 1.038}"
Foam-Mild,root,Foam-Mild/frame_0093.jpg,Foam-Mild/augmented/small_rotation/root/frame_0093__small_rotation.jpg,small_rotation,"{""angle_degrees"": 3.2773}"
Foam-Mild,root,Foam-Mild/frame_0093.jpg,Foam-Mild/augmented/horizontal_flip/root/frame_0093__horizontal_flip.jpg,horizontal_flip,{}
Foam-Mild,root,Foam-Mild/frame_0093.jpg,Foam-Mild/augmented/brightness/root/frame_0093__brightness.jpg,brightness,"{""factor"": 0.9503}"
Foam-Mild,root,Foam-Mild/frame_0093.jpg,Foam-Mild/augmented/contrast/root/frame_0093__contrast.jpg,contrast,"{""factor"": 1.0581}"
Foam-Mild,root,Foam-Mild/frame_0093.jpg,Foam-Mild/augmented/saturation/root/frame_0093__saturation.jpg,saturation,"{""factor"": 1.0551}"
Foam-Mild,root,Foam-Mild/frame_0093.jpg,Foam-Mild/augmented/zoom_translate/root/frame_0093__zoom_translate.jpg,zoom_translate,"{""shift_x_fraction"": -0.0036, ""shift_y_fraction"": 0.0333, ""zoom"": 1.021}"
Foam-Mild,root,Foam-Mild/frame_0094.jpg,Foam-Mild/augmented/small_rotation/root/frame_0094__small_rotation.jpg,small_rotation,"{""angle_degrees"": 5.5414}"
Foam-Mild,root,Foam-Mild/frame_0094.jpg,Foam-Mild/augmented/horizontal_flip/root/frame_0094__horizontal_flip.jpg,horizontal_flip,{}
Foam-Mild,root,Foam-Mild/frame_0094.jpg,Foam-Mild/augmented/brightness/root/frame_0094__brightness.jpg,brightness,"{""factor"": 0.9507}"
Foam-Mild,root,Foam-Mild/frame_0094.jpg,Foam-Mild/augmented/contrast/root/frame_0094__contrast.jpg,contrast,"{""factor"": 1.0169}"
Foam-Mild,root,Foam-Mild/frame_0094.jpg,Foam-Mild/augmented/saturation/root/frame_0094__saturation.jpg,saturation,"{""factor"": 0.989}"
Foam-Mild,root,Foam-Mild/frame_0094.jpg,Foam-Mild/augmented/zoom_translate/root/frame_0094__zoom_translate.jpg,zoom_translate,"{""shift_x_fraction"": -0.0251, ""shift_y_fraction"": 0.0343, ""zoom"": 1.0241}"
Foam-Mild,root,Foam-Mild/frame_0095.jpg,Foam-Mild/augmented/small_rotation/root/frame_0095__small_rotation.jpg,small_rotation,"{""angle_degrees"": -6.488}"
Foam-Mild,root,Foam-Mild/frame_0095.jpg,Foam-Mild/augmented/horizontal_flip/root/frame_0095__horizontal_flip.jpg,horizontal_flip,{}
Foam-Mild,root,Foam-Mild/frame_0095.jpg,Foam-Mild/augmented/brightness/root/frame_0095__brightness.jpg,brightness,"{""factor"": 1.072}"
Foam-Mild,root,Foam-Mild/frame_0095.jpg,Foam-Mild/augmented/contrast/root/frame_0095__contrast.jpg,contrast,"{""factor"": 1.0715}"
Foam-Mild,root,Foam-Mild/frame_0095.jpg,Foam-Mild/augmented/saturation/root/frame_0095__saturation.jpg,saturation,"{""factor"": 1.0109}"
Foam-Mild,root,Foam-Mild/frame_0095.jpg,Foam-Mild/augmented/zoom_translate/root/frame_0095__zoom_translate.jpg,zoom_translate,"{""shift_x_fraction"": 0.0127, ""shift_y_fraction"": 0.0335, ""zoom"": 1.0178}"
Foam-Mild,root,Foam-Mild/frame_0096.jpg,Foam-Mild/augmented/small_rotation/root/frame_0096__small_rotation.jpg,small_rotation,"{""angle_degrees"": -2.329}"
Foam-Mild,root,Foam-Mild/frame_0096.jpg,Foam-Mild/augmented/horizontal_flip/root/frame_0096__horizontal_flip.jpg,horizontal_flip,{}
Foam-Mild,root,Foam-Mild/frame_0096.jpg,Foam-Mild/augmented/brightness/root/frame_0096__brightness.jpg,brightness,"{""factor"": 0.9391}"
Foam-Mild,root,Foam-Mild/frame_0096.jpg,Foam-Mild/augmented/contrast/root/frame_0096__contrast.jpg,contrast,"{""factor"": 1.1033}"
Foam-Mild,root,Foam-Mild/frame_0096.jpg,Foam-Mild/augmented/saturation/root/frame_0096__saturation.jpg,saturation,"{""factor"": 1.0053}"
Foam-Mild,root,Foam-Mild/frame_0096.jpg,Foam-Mild/augmented/zoom_translate/root/frame_0096__zoom_translate.jpg,zoom_translate,"{""shift_x_fraction"": 0.0312, ""shift_y_fraction"": 0.0085, ""zoom"": 1.0114}"
Foam-Mild,root,Foam-Mild/frame_0097.jpg,Foam-Mild/augmented/small_rotation/root/frame_0097__small_rotation.jpg,small_rotation,"{""angle_degrees"": 6.476}"
Foam-Mild,root,Foam-Mild/frame_0097.jpg,Foam-Mild/augmented/horizontal_flip/root/frame_0097__horizontal_flip.jpg,horizontal_flip,{}
Foam-Mild,root,Foam-Mild/frame_0097.jpg,Foam-Mild/augmented/brightness/root/frame_0097__brightness.jpg,brightness,"{""factor"": 1.0791}"
Foam-Mild,root,Foam-Mild/frame_0097.jpg,Foam-Mild/augmented/contrast/root/frame_0097__contrast.jpg,contrast,"{""factor"": 1.0022}"
Foam-Mild,root,Foam-Mild/frame_0097.jpg,Foam-Mild/augmented/saturation/root/frame_0097__saturation.jpg,saturation,"{""factor"": 1.0698}"
Foam-Mild,root,Foam-Mild/frame_0097.jpg,Foam-Mild/augmented/zoom_translate/root/frame_0097__zoom_translate.jpg,zoom_translate,"{""shift_x_fraction"": -0.035, ""shift_y_fraction"": -0.0343, ""zoom"": 1.012}"
Foam-Mild,root,Foam-Mild/frame_0098.jpg,Foam-Mild/augmented/small_rotation/root/frame_0098__small_rotation.jpg,small_rotation,"{""angle_degrees"": 2.952}"
Foam-Mild,root,Foam-Mild/frame_0098.jpg,Foam-Mild/augmented/horizontal_flip/root/frame_0098__horizontal_flip.jpg,horizontal_flip,{}
Foam-Mild,root,Foam-Mild/frame_0098.jpg,Foam-Mild/augmented/brightness/root/frame_0098__brightness.jpg,brightness,"{""factor"": 0.9763}"
Foam-Mild,root,Foam-Mild/frame_0098.jpg,Foam-Mild/augmented/contrast/root/frame_0098__contrast.jpg,contrast,"{""factor"": 0.9834}"
Foam-Mild,root,Foam-Mild/frame_0098.jpg,Foam-Mild/augmented/saturation/root/frame_0098__saturation.jpg,saturation,"{""factor"": 0.9571}"
Foam-Mild,root,Foam-Mild/frame_0098.jpg,Foam-Mild/augmented/zoom_translate/root/frame_0098__zoom_translate.jpg,zoom_translate,"{""shift_x_fraction"": 0.0077, ""shift_y_fraction"": -0.0132, ""zoom"": 1.0509}"
Foam-Mild,root,Foam-Mild/frame_0099.jpg,Foam-Mild/augmented/small_rotation/root/frame_0099__small_rotation.jpg,small_rotation,"{""angle_degrees"": 6.5397}"
Foam-Mild,root,Foam-Mild/frame_0099.jpg,Foam-Mild/augmented/horizontal_flip/root/frame_0099__horizontal_flip.jpg,horizontal_flip,{}
Foam-Mild,root,Foam-Mild/frame_0099.jpg,Foam-Mild/augmented/brightness/root/frame_0099__brightness.jpg,brightness,"{""factor"": 1.0837}"
Foam-Mild,root,Foam-Mild/frame_0099.jpg,Foam-Mild/augmented/contrast/root/frame_0099__contrast.jpg,contrast,"{""factor"": 1.121}"
Foam-Mild,root,Foam-Mild/frame_0099.jpg,Foam-Mild/augmented/saturation/root/frame_0099__saturation.jpg,saturation,"{""factor"": 0.9324}"
Foam-Mild,root,Foam-Mild/frame_0099.jpg,Foam-Mild/augmented/zoom_translate/root/frame_0099__zoom_translate.jpg,zoom_translate,"{""shift_x_fraction"": 0.0236, ""shift_y_fraction"": -0.0118, ""zoom"": 1.0133}"
Foam-Mild,root,Foam-Mild/frame_0100.jpg,Foam-Mild/augmented/small_rotation/root/frame_0100__small_rotation.jpg,small_rotation,"{""angle_degrees"": 7.7494}"
Foam-Mild,root,Foam-Mild/frame_0100.jpg,Foam-Mild/augmented/horizontal_flip/root/frame_0100__horizontal_flip.jpg,horizontal_flip,{}
Foam-Mild,root,Foam-Mild/frame_0100.jpg,Foam-Mild/augmented/brightness/root/frame_0100__brightness.jpg,brightness,"{""factor"": 1.0588}"
Foam-Mild,root,Foam-Mild/frame_0100.jpg,Foam-Mild/augmented/contrast/root/frame_0100__contrast.jpg,contrast,"{""factor"": 0.9653}"
Foam-Mild,root,Foam-Mild/frame_0100.jpg,Foam-Mild/augmented/saturation/root/frame_0100__saturation.jpg,saturation,"{""factor"": 0.9794}"
Foam-Mild,root,Foam-Mild/frame_0100.jpg,Foam-Mild/augmented/zoom_translate/root/frame_0100__zoom_translate.jpg,zoom_translate,"{""shift_x_fraction"": -0.01, ""shift_y_fraction"": -0.0185, ""zoom"": 1.0681}"
Foam-Mild,root,Foam-Mild/frame_0101.jpg,Foam-Mild/augmented/small_rotation/root/frame_0101__small_rotation.jpg,small_rotation,"{""angle_degrees"": -4.3825}"
Foam-Mild,root,Foam-Mild/frame_0101.jpg,Foam-Mild/augmented/horizontal_flip/root/frame_0101__horizontal_flip.jpg,horizontal_flip,{}
Foam-Mild,root,Foam-Mild/frame_0101.jpg,Foam-Mild/augmented/brightness/root/frame_0101__brightness.jpg,brightness,"{""factor"": 0.9167}"
Foam-Mild,root,Foam-Mild/frame_0101.jpg,Foam-Mild/augmented/contrast/root/frame_0101__contrast.jpg,contrast,"{""factor"": 0.938}"
Foam-Mild,root,Foam-Mild/frame_0101.jpg,Foam-Mild/augmented/saturation/root/frame_0101__saturation.jpg,saturation,"{""factor"": 0.9609}"
Foam-Mild,root,Foam-Mild/frame_0101.jpg,Foam-Mild/augmented/zoom_translate/root/frame_0101__zoom_translate.jpg,zoom_translate,"{""shift_x_fraction"": 0.0092, ""shift_y_fraction"": -0.0226, ""zoom"": 1.0496}"
Foam-Mild,root,Foam-Mild/frame_0102.jpg,Foam-Mild/augmented/small_rotation/root/frame_0102__small_rotation.jpg,small_rotation,"{""angle_degrees"": 4.033}"
Foam-Mild,root,Foam-Mild/frame_0102.jpg,Foam-Mild/augmented/horizontal_flip/root/frame_0102__horizontal_flip.jpg,horizontal_flip,{}
Foam-Mild,root,Foam-Mild/frame_0102.jpg,Foam-Mild/augmented/brightness/root/frame_0102__brightness.jpg,brightness,"{""factor"": 0.8682}"
Foam-Mild,root,Foam-Mild/frame_0102.jpg,Foam-Mild/augmented/contrast/root/frame_0102__contrast.jpg,contrast,"{""factor"": 1.0642}"
Foam-Mild,root,Foam-Mild/frame_0102.jpg,Foam-Mild/augmented/saturation/root/frame_0102__saturation.jpg,saturation,"{""factor"": 0.9917}"
Foam-Mild,root,Foam-Mild/frame_0102.jpg,Foam-Mild/augmented/zoom_translate/root/frame_0102__zoom_translate.jpg,zoom_translate,"{""shift_x_fraction"": 0.031, ""shift_y_fraction"": 0.0136, ""zoom"": 1.0059}"
Foam-Mild,root,Foam-Mild/frame_0103.jpg,Foam-Mild/augmented/small_rotation/root/frame_0103__small_rotation.jpg,small_rotation,"{""angle_degrees"": -6.854}"
Foam-Mild,root,Foam-Mild/frame_0103.jpg,Foam-Mild/augmented/horizontal_flip/root/frame_0103__horizontal_flip.jpg,horizontal_flip,{}
Foam-Mild,root,Foam-Mild/frame_0103.jpg,Foam-Mild/augmented/brightness/root/frame_0103__brightness.jpg,brightness,"{""factor"": 1.048}"
Foam-Mild,root,Foam-Mild/frame_0103.jpg,Foam-Mild/augmented/contrast/root/frame_0103__contrast.jpg,contrast,"{""factor"": 1.0784}"
Foam-Mild,root,Foam-Mild/frame_0103.jpg,Foam-Mild/augmented/saturation/root/frame_0103__saturation.jpg,saturation,"{""factor"": 1.0778}"
Foam-Mild,root,Foam-Mild/frame_0103.jpg,Foam-Mild/augmented/zoom_translate/root/frame_0103__zoom_translate.jpg,zoom_translate,"{""shift_x_fraction"": -0.0173, ""shift_y_fraction"": 0.0097, ""zoom"": 1.0777}"
Foam-Mild,root,Foam-Mild/frame_0104.jpg,Foam-Mild/augmented/small_rotation/root/frame_0104__small_rotation.jpg,small_rotation,"{""angle_degrees"": 0.7945}"
Foam-Mild,root,Foam-Mild/frame_0104.jpg,Foam-Mild/augmented/horizontal_flip/root/frame_0104__horizontal_flip.jpg,horizontal_flip,{}
Foam-Mild,root,Foam-Mild/frame_0104.jpg,Foam-Mild/augmented/brightness/root/frame_0104__brightness.jpg,brightness,"{""factor"": 1.1422}"
Foam-Mild,root,Foam-Mild/frame_0104.jpg,Foam-Mild/augmented/contrast/root/frame_0104__contrast.jpg,contrast,"{""factor"": 0.8732}"
Foam-Mild,root,Foam-Mild/frame_0104.jpg,Foam-Mild/augmented/saturation/root/frame_0104__saturation.jpg,saturation,"{""factor"": 0.962}"
Foam-Mild,root,Foam-Mild/frame_0104.jpg,Foam-Mild/augmented/zoom_translate/root/frame_0104__zoom_translate.jpg,zoom_translate,"{""shift_x_fraction"": -0.0283, ""shift_y_fraction"": -0.0101, ""zoom"": 1.0108}"
Foam-Mild,root,Foam-Mild/frame_0105.jpg,Foam-Mild/augmented/small_rotation/root/frame_0105__small_rotation.jpg,small_rotation,"{""angle_degrees"": 5.4835}"
Foam-Mild,root,Foam-Mild/frame_0105.jpg,Foam-Mild/augmented/horizontal_flip/root/frame_0105__horizontal_flip.jpg,horizontal_flip,{}
Foam-Mild,root,Foam-Mild/frame_0105.jpg,Foam-Mild/augmented/brightness/root/frame_0105__brightness.jpg,brightness,"{""factor"": 0.9}"
Foam-Mild,root,Foam-Mild/frame_0105.jpg,Foam-Mild/augmented/contrast/root/frame_0105__contrast.jpg,contrast,"{""factor"": 1.0731}"
Foam-Mild,root,Foam-Mild/frame_0105.jpg,Foam-Mild/augmented/saturation/root/frame_0105__saturation.jpg,saturation,"{""factor"": 0.9398}"
Foam-Mild,root,Foam-Mild/frame_0105.jpg,Foam-Mild/augmented/zoom_translate/root/frame_0105__zoom_translate.jpg,zoom_translate,"{""shift_x_fraction"": 0.0035, ""shift_y_fraction"": 0.028, ""zoom"": 1.0786}"
Foam-Mild,root,Foam-Mild/frame_0106.jpg,Foam-Mild/augmented/small_rotation/root/frame_0106__small_rotation.jpg,small_rotation,"{""angle_degrees"": -2.8466}"
Foam-Mild,root,Foam-Mild/frame_0106.jpg,Foam-Mild/augmented/horizontal_flip/root/frame_0106__horizontal_flip.jpg,horizontal_flip,{}
Foam-Mild,root,Foam-Mild/frame_0106.jpg,Foam-Mild/augmented/brightness/root/frame_0106__brightness.jpg,brightness,"{""factor"": 0.8521}"
Foam-Mild,root,Foam-Mild/frame_0106.jpg,Foam-Mild/augmented/contrast/root/frame_0106__contrast.jpg,contrast,"{""factor"": 0.8517}"
Foam-Mild,root,Foam-Mild/frame_0106.jpg,Foam-Mild/augmented/saturation/root/frame_0106__saturation.jpg,saturation,"{""factor"": 0.9516}"
Foam-Mild,root,Foam-Mild/frame_0106.jpg,Foam-Mild/augmented/zoom_translate/root/frame_0106__zoom_translate.jpg,zoom_translate,"{""shift_x_fraction"": -0.012, ""shift_y_fraction"": 0.0004, ""zoom"": 1.0392}"
Foam-Mild,root,Foam-Mild/frame_0107.jpg,Foam-Mild/augmented/small_rotation/root/frame_0107__small_rotation.jpg,small_rotation,"{""angle_degrees"": -0.1076}"
Foam-Mild,root,Foam-Mild/frame_0107.jpg,Foam-Mild/augmented/horizontal_flip/root/frame_0107__horizontal_flip.jpg,horizontal_flip,{}
Foam-Mild,root,Foam-Mild/frame_0107.jpg,Foam-Mild/augmented/brightness/root/frame_0107__brightness.jpg,brightness,"{""factor"": 0.8936}"
Foam-Mild,root,Foam-Mild/frame_0107.jpg,Foam-Mild/augmented/contrast/root/frame_0107__contrast.jpg,contrast,"{""factor"": 1.0998}"
Foam-Mild,root,Foam-Mild/frame_0107.jpg,Foam-Mild/augmented/saturation/root/frame_0107__saturation.jpg,saturation,"{""factor"": 0.9105}"
Foam-Mild,root,Foam-Mild/frame_0107.jpg,Foam-Mild/augmented/zoom_translate/root/frame_0107__zoom_translate.jpg,zoom_translate,"{""shift_x_fraction"": -0.0262, ""shift_y_fraction"": 0.0301, ""zoom"": 1.0587}"
Foam-Mild,root,Foam-Mild/frame_0108.jpg,Foam-Mild/augmented/small_rotation/root/frame_0108__small_rotation.jpg,small_rotation,"{""angle_degrees"": 7.9307}"
Foam-Mild,root,Foam-Mild/frame_0108.jpg,Foam-Mild/augmented/horizontal_flip/root/frame_0108__horizontal_flip.jpg,horizontal_flip,{}
Foam-Mild,root,Foam-Mild/frame_0108.jpg,Foam-Mild/augmented/brightness/root/frame_0108__brightness.jpg,brightness,"{""factor"": 0.8719}"
Foam-Mild,root,Foam-Mild/frame_0108.jpg,Foam-Mild/augmented/contrast/root/frame_0108__contrast.jpg,contrast,"{""factor"": 0.9391}"
Foam-Mild,root,Foam-Mild/frame_0108.jpg,Foam-Mild/augmented/saturation/root/frame_0108__saturation.jpg,saturation,"{""factor"": 1.0954}"
Foam-Mild,root,Foam-Mild/frame_0108.jpg,Foam-Mild/augmented/zoom_translate/root/frame_0108__zoom_translate.jpg,zoom_translate,"{""shift_x_fraction"": 0.0278, ""shift_y_fraction"": 0.024, ""zoom"": 1.0396}"
Foam-Mild,root,Foam-Mild/frame_0109.jpg,Foam-Mild/augmented/small_rotation/root/frame_0109__small_rotation.jpg,small_rotation,"{""angle_degrees"": -6.5432}"
Foam-Mild,root,Foam-Mild/frame_0109.jpg,Foam-Mild/augmented/horizontal_flip/root/frame_0109__horizontal_flip.jpg,horizontal_flip,{}
Foam-Mild,root,Foam-Mild/frame_0109.jpg,Foam-Mild/augmented/brightness/root/frame_0109__brightness.jpg,brightness,"{""factor"": 1.0405}"
Foam-Mild,root,Foam-Mild/frame_0109.jpg,Foam-Mild/augmented/contrast/root/frame_0109__contrast.jpg,contrast,"{""factor"": 0.9702}"
Foam-Mild,root,Foam-Mild/frame_0109.jpg,Foam-Mild/augmented/saturation/root/frame_0109__saturation.jpg,saturation,"{""factor"": 1.0299}"
Foam-Mild,root,Foam-Mild/frame_0109.jpg,Foam-Mild/augmented/zoom_translate/root/frame_0109__zoom_translate.jpg,zoom_translate,"{""shift_x_fraction"": 0.0246, ""shift_y_fraction"": 0.0211, ""zoom"": 1.0443}"
Foam-Mild,root,Foam-Mild/frame_0110.jpg,Foam-Mild/augmented/small_rotation/root/frame_0110__small_rotation.jpg,small_rotation,"{""angle_degrees"": 2.6125}"
Foam-Mild,root,Foam-Mild/frame_0110.jpg,Foam-Mild/augmented/horizontal_flip/root/frame_0110__horizontal_flip.jpg,horizontal_flip,{}
Foam-Mild,root,Foam-Mild/frame_0110.jpg,Foam-Mild/augmented/brightness/root/frame_0110__brightness.jpg,brightness,"{""factor"": 0.9551}"
Foam-Mild,root,Foam-Mild/frame_0110.jpg,Foam-Mild/augmented/contrast/root/frame_0110__contrast.jpg,contrast,"{""factor"": 1.0912}"
Foam-Mild,root,Foam-Mild/frame_0110.jpg,Foam-Mild/augmented/saturation/root/frame_0110__saturation.jpg,saturation,"{""factor"": 1.0487}"
Foam-Mild,root,Foam-Mild/frame_0110.jpg,Foam-Mild/augmented/zoom_translate/root/frame_0110__zoom_translate.jpg,zoom_translate,"{""shift_x_fraction"": -0.0078, ""shift_y_fraction"": -0.0053, ""zoom"": 1.0718}"
Foam-Mild,root,Foam-Mild/frame_0111.jpg,Foam-Mild/augmented/small_rotation/root/frame_0111__small_rotation.jpg,small_rotation,"{""angle_degrees"": 7.1903}"
Foam-Mild,root,Foam-Mild/frame_0111.jpg,Foam-Mild/augmented/horizontal_flip/root/frame_0111__horizontal_flip.jpg,horizontal_flip,{}
Foam-Mild,root,Foam-Mild/frame_0111.jpg,Foam-Mild/augmented/brightness/root/frame_0111__brightness.jpg,brightness,"{""factor"": 1.0485}"
Foam-Mild,root,Foam-Mild/frame_0111.jpg,Foam-Mild/augmented/contrast/root/frame_0111__contrast.jpg,contrast,"{""factor"": 1.0603}"
Foam-Mild,root,Foam-Mild/frame_0111.jpg,Foam-Mild/augmented/saturation/root/frame_0111__saturation.jpg,saturation,"{""factor"": 0.9152}"
Foam-Mild,root,Foam-Mild/frame_0111.jpg,Foam-Mild/augmented/zoom_translate/root/frame_0111__zoom_translate.jpg,zoom_translate,"{""shift_x_fraction"": 0.032, ""shift_y_fraction"": -0.0172, ""zoom"": 1.027}"
Foam-Mild,root,Foam-Mild/frame_0112.jpg,Foam-Mild/augmented/small_rotation/root/frame_0112__small_rotation.jpg,small_rotation,"{""angle_degrees"": 3.9888}"
Foam-Mild,root,Foam-Mild/frame_0112.jpg,Foam-Mild/augmented/horizontal_flip/root/frame_0112__horizontal_flip.jpg,horizontal_flip,{}
Foam-Mild,root,Foam-Mild/frame_0112.jpg,Foam-Mild/augmented/brightness/root/frame_0112__brightness.jpg,brightness,"{""factor"": 1.0964}"
Foam-Mild,root,Foam-Mild/frame_0112.jpg,Foam-Mild/augmented/contrast/root/frame_0112__contrast.jpg,contrast,"{""factor"": 1.0772}"
Foam-Mild,root,Foam-Mild/frame_0112.jpg,Foam-Mild/augmented/saturation/root/frame_0112__saturation.jpg,saturation,"{""factor"": 0.9002}"
Foam-Mild,root,Foam-Mild/frame_0112.jpg,Foam-Mild/augmented/zoom_translate/root/frame_0112__zoom_translate.jpg,zoom_translate,"{""shift_x_fraction"": 0.0202, ""shift_y_fraction"": 0.0227, ""zoom"": 1.0786}"
Foam-Mild,root,Foam-Mild/frame_0113.jpg,Foam-Mild/augmented/small_rotation/root/frame_0113__small_rotation.jpg,small_rotation,"{""angle_degrees"": -5.456}"
Foam-Mild,root,Foam-Mild/frame_0113.jpg,Foam-Mild/augmented/horizontal_flip/root/frame_0113__horizontal_flip.jpg,horizontal_flip,{}
Foam-Mild,root,Foam-Mild/frame_0113.jpg,Foam-Mild/augmented/brightness/root/frame_0113__brightness.jpg,brightness,"{""factor"": 1.0764}"
Foam-Mild,root,Foam-Mild/frame_0113.jpg,Foam-Mild/augmented/contrast/root/frame_0113__contrast.jpg,contrast,"{""factor"": 1.1158}"
Foam-Mild,root,Foam-Mild/frame_0113.jpg,Foam-Mild/augmented/saturation/root/frame_0113__saturation.jpg,saturation,"{""factor"": 1.0659}"
Foam-Mild,root,Foam-Mild/frame_0113.jpg,Foam-Mild/augmented/zoom_translate/root/frame_0113__zoom_translate.jpg,zoom_translate,"{""shift_x_fraction"": -0.0056, ""shift_y_fraction"": -0.0214, ""zoom"": 1.0052}"
Foam-Mild,root,Foam-Mild/frame_0114.jpg,Foam-Mild/augmented/small_rotation/root/frame_0114__small_rotation.jpg,small_rotation,"{""angle_degrees"": -0.5955}"
Foam-Mild,root,Foam-Mild/frame_0114.jpg,Foam-Mild/augmented/horizontal_flip/root/frame_0114__horizontal_flip.jpg,horizontal_flip,{}
Foam-Mild,root,Foam-Mild/frame_0114.jpg,Foam-Mild/augmented/brightness/root/frame_0114__brightness.jpg,brightness,"{""factor"": 1.0629}"
Foam-Mild,root,Foam-Mild/frame_0114.jpg,Foam-Mild/augmented/contrast/root/frame_0114__contrast.jpg,contrast,"{""factor"": 0.9029}"
Foam-Mild,root,Foam-Mild/frame_0114.jpg,Foam-Mild/augmented/saturation/root/frame_0114__saturation.jpg,saturation,"{""factor"": 0.9225}"
Foam-Mild,root,Foam-Mild/frame_0114.jpg,Foam-Mild/augmented/zoom_translate/root/frame_0114__zoom_translate.jpg,zoom_translate,"{""shift_x_fraction"": -0.0078, ""shift_y_fraction"": 0.0194, ""zoom"": 1.0089}"
Foam-Mild,root,Foam-Mild/frame_0115.jpg,Foam-Mild/augmented/small_rotation/root/frame_0115__small_rotation.jpg,small_rotation,"{""angle_degrees"": 6.5519}"
Foam-Mild,root,Foam-Mild/frame_0115.jpg,Foam-Mild/augmented/horizontal_flip/root/frame_0115__horizontal_flip.jpg,horizontal_flip,{}
Foam-Mild,root,Foam-Mild/frame_0115.jpg,Foam-Mild/augmented/brightness/root/frame_0115__brightness.jpg,brightness,"{""factor"": 0.9201}"
Foam-Mild,root,Foam-Mild/frame_0115.jpg,Foam-Mild/augmented/contrast/root/frame_0115__contrast.jpg,contrast,"{""factor"": 0.9062}"
Foam-Mild,root,Foam-Mild/frame_0115.jpg,Foam-Mild/augmented/saturation/root/frame_0115__saturation.jpg,saturation,"{""factor"": 0.9362}"
Foam-Mild,root,Foam-Mild/frame_0115.jpg,Foam-Mild/augmented/zoom_translate/root/frame_0115__zoom_translate.jpg,zoom_translate,"{""shift_x_fraction"": 0.0205, ""shift_y_fraction"": -0.005, ""zoom"": 1.0214}"
Foam-Mild,root,Foam-Mild/frame_0116.jpg,Foam-Mild/augmented/small_rotation/root/frame_0116__small_rotation.jpg,small_rotation,"{""angle_degrees"": -6.1417}"
Foam-Mild,root,Foam-Mild/frame_0116.jpg,Foam-Mild/augmented/horizontal_flip/root/frame_0116__horizontal_flip.jpg,horizontal_flip,{}
Foam-Mild,root,Foam-Mild/frame_0116.jpg,Foam-Mild/augmented/brightness/root/frame_0116__brightness.jpg,brightness,"{""factor"": 0.8609}"
Foam-Mild,root,Foam-Mild/frame_0116.jpg,Foam-Mild/augmented/contrast/root/frame_0116__contrast.jpg,contrast,"{""factor"": 0.895}"
Foam-Mild,root,Foam-Mild/frame_0116.jpg,Foam-Mild/augmented/saturation/root/frame_0116__saturation.jpg,saturation,"{""factor"": 1.0503}"
Foam-Mild,root,Foam-Mild/frame_0116.jpg,Foam-Mild/augmented/zoom_translate/root/frame_0116__zoom_translate.jpg,zoom_translate,"{""shift_x_fraction"": 0.0153, ""shift_y_fraction"": -0.0333, ""zoom"": 1.0695}"
Foam-Mild,root,Foam-Mild/frame_0117.jpg,Foam-Mild/augmented/small_rotation/root/frame_0117__small_rotation.jpg,small_rotation,"{""angle_degrees"": 5.2091}"
Foam-Mild,root,Foam-Mild/frame_0117.jpg,Foam-Mild/augmented/horizontal_flip/root/frame_0117__horizontal_flip.jpg,horizontal_flip,{}
Foam-Mild,root,Foam-Mild/frame_0117.jpg,Foam-Mild/augmented/brightness/root/frame_0117__brightness.jpg,brightness,"{""factor"": 0.9591}"
Foam-Mild,root,Foam-Mild/frame_0117.jpg,Foam-Mild/augmented/contrast/root/frame_0117__contrast.jpg,contrast,"{""factor"": 1.1067}"
Foam-Mild,root,Foam-Mild/frame_0117.jpg,Foam-Mild/augmented/saturation/root/frame_0117__saturation.jpg,saturation,"{""factor"": 1.0046}"
Foam-Mild,root,Foam-Mild/frame_0117.jpg,Foam-Mild/augmented/zoom_translate/root/frame_0117__zoom_translate.jpg,zoom_translate,"{""shift_x_fraction"": -0.0039, ""shift_y_fraction"": -0.0119, ""zoom"": 1.016}"
Foam-Mild,root,Foam-Mild/frame_0118.jpg,Foam-Mild/augmented/small_rotation/root/frame_0118__small_rotation.jpg,small_rotation,"{""angle_degrees"": 1.5917}"
Foam-Mild,root,Foam-Mild/frame_0118.jpg,Foam-Mild/augmented/horizontal_flip/root/frame_0118__horizontal_flip.jpg,horizontal_flip,{}
Foam-Mild,root,Foam-Mild/frame_0118.jpg,Foam-Mild/augmented/brightness/root/frame_0118__brightness.jpg,brightness,"{""factor"": 1.0744}"
Foam-Mild,root,Foam-Mild/frame_0118.jpg,Foam-Mild/augmented/contrast/root/frame_0118__contrast.jpg,contrast,"{""factor"": 0.9631}"
Foam-Mild,root,Foam-Mild/frame_0118.jpg,Foam-Mild/augmented/saturation/root/frame_0118__saturation.jpg,saturation,"{""factor"": 1.0922}"
Foam-Mild,root,Foam-Mild/frame_0118.jpg,Foam-Mild/augmented/zoom_translate/root/frame_0118__zoom_translate.jpg,zoom_translate,"{""shift_x_fraction"": -0.0081, ""shift_y_fraction"": 0.0063, ""zoom"": 1.0238}"
Foam-Mild,root,Foam-Mild/frame_0119.jpg,Foam-Mild/augmented/small_rotation/root/frame_0119__small_rotation.jpg,small_rotation,"{""angle_degrees"": -4.2899}"
Foam-Mild,root,Foam-Mild/frame_0119.jpg,Foam-Mild/augmented/horizontal_flip/root/frame_0119__horizontal_flip.jpg,horizontal_flip,{}
Foam-Mild,root,Foam-Mild/frame_0119.jpg,Foam-Mild/augmented/brightness/root/frame_0119__brightness.jpg,brightness,"{""factor"": 1.1208}"
Foam-Mild,root,Foam-Mild/frame_0119.jpg,Foam-Mild/augmented/contrast/root/frame_0119__contrast.jpg,contrast,"{""factor"": 0.886}"
Foam-Mild,root,Foam-Mild/frame_0119.jpg,Foam-Mild/augmented/saturation/root/frame_0119__saturation.jpg,saturation,"{""factor"": 1.0061}"
Foam-Mild,root,Foam-Mild/frame_0119.jpg,Foam-Mild/augmented/zoom_translate/root/frame_0119__zoom_translate.jpg,zoom_translate,"{""shift_x_fraction"": -0.0178, ""shift_y_fraction"": 0.0338, ""zoom"": 1.0146}"
Foam-Mild,root,Foam-Mild/frame_0120.jpg,Foam-Mild/augmented/small_rotation/root/frame_0120__small_rotation.jpg,small_rotation,"{""angle_degrees"": 1.9127}"
Foam-Mild,root,Foam-Mild/frame_0120.jpg,Foam-Mild/augmented/horizontal_flip/root/frame_0120__horizontal_flip.jpg,horizontal_flip,{}
Foam-Mild,root,Foam-Mild/frame_0120.jpg,Foam-Mild/augmented/brightness/root/frame_0120__brightness.jpg,brightness,"{""factor"": 1.1017}"
Foam-Mild,root,Foam-Mild/frame_0120.jpg,Foam-Mild/augmented/contrast/root/frame_0120__contrast.jpg,contrast,"{""factor"": 1.1254}"
Foam-Mild,root,Foam-Mild/frame_0120.jpg,Foam-Mild/augmented/saturation/root/frame_0120__saturation.jpg,saturation,"{""factor"": 0.9603}"
Foam-Mild,root,Foam-Mild/frame_0120.jpg,Foam-Mild/augmented/zoom_translate/root/frame_0120__zoom_translate.jpg,zoom_translate,"{""shift_x_fraction"": -0.016, ""shift_y_fraction"": 0.0074, ""zoom"": 1.0529}"
Foam-Mild,root,Foam-Mild/frame_0121.jpg,Foam-Mild/augmented/small_rotation/root/frame_0121__small_rotation.jpg,small_rotation,"{""angle_degrees"": 3.3044}"
Foam-Mild,root,Foam-Mild/frame_0121.jpg,Foam-Mild/augmented/horizontal_flip/root/frame_0121__horizontal_flip.jpg,horizontal_flip,{}
Foam-Mild,root,Foam-Mild/frame_0121.jpg,Foam-Mild/augmented/brightness/root/frame_0121__brightness.jpg,brightness,"{""factor"": 0.9136}"
Foam-Mild,root,Foam-Mild/frame_0121.jpg,Foam-Mild/augmented/contrast/root/frame_0121__contrast.jpg,contrast,"{""factor"": 1.0886}"
Foam-Mild,root,Foam-Mild/frame_0121.jpg,Foam-Mild/augmented/saturation/root/frame_0121__saturation.jpg,saturation,"{""factor"": 0.9935}"
Foam-Mild,root,Foam-Mild/frame_0121.jpg,Foam-Mild/augmented/zoom_translate/root/frame_0121__zoom_translate.jpg,zoom_translate,"{""shift_x_fraction"": 0.0308, ""shift_y_fraction"": -0.029, ""zoom"": 1.0664}"
Foam-Mild,root,Foam-Mild/frame_0122.jpg,Foam-Mild/augmented/small_rotation/root/frame_0122__small_rotation.jpg,small_rotation,"{""angle_degrees"": 5.5478}"
Foam-Mild,root,Foam-Mild/frame_0122.jpg,Foam-Mild/augmented/horizontal_flip/root/frame_0122__horizontal_flip.jpg,horizontal_flip,{}
Foam-Mild,root,Foam-Mild/frame_0122.jpg,Foam-Mild/augmented/brightness/root/frame_0122__brightness.jpg,brightness,"{""factor"": 0.8835}"
Foam-Mild,root,Foam-Mild/frame_0122.jpg,Foam-Mild/augmented/contrast/root/frame_0122__contrast.jpg,contrast,"{""factor"": 1.1475}"
Foam-Mild,root,Foam-Mild/frame_0122.jpg,Foam-Mild/augmented/saturation/root/frame_0122__saturation.jpg,saturation,"{""factor"": 1.0912}"
Foam-Mild,root,Foam-Mild/frame_0122.jpg,Foam-Mild/augmented/zoom_translate/root/frame_0122__zoom_translate.jpg,zoom_translate,"{""shift_x_fraction"": 0.0247, ""shift_y_fraction"": -0.0225, ""zoom"": 1.0744}"
Foam-Mild,root,Foam-Mild/frame_0123.jpg,Foam-Mild/augmented/small_rotation/root/frame_0123__small_rotation.jpg,small_rotation,"{""angle_degrees"": -1.9881}"
Foam-Mild,root,Foam-Mild/frame_0123.jpg,Foam-Mild/augmented/horizontal_flip/root/frame_0123__horizontal_flip.jpg,horizontal_flip,{}
Foam-Mild,root,Foam-Mild/frame_0123.jpg,Foam-Mild/augmented/brightness/root/frame_0123__brightness.jpg,brightness,"{""factor"": 1.0447}"
Foam-Mild,root,Foam-Mild/frame_0123.jpg,Foam-Mild/augmented/contrast/root/frame_0123__contrast.jpg,contrast,"{""factor"": 1.0922}"
Foam-Mild,root,Foam-Mild/frame_0123.jpg,Foam-Mild/augmented/saturation/root/frame_0123__saturation.jpg,saturation,"{""factor"": 1.0584}"
Foam-Mild,root,Foam-Mild/frame_0123.jpg,Foam-Mild/augmented/zoom_translate/root/frame_0123__zoom_translate.jpg,zoom_translate,"{""shift_x_fraction"": -0.0305, ""shift_y_fraction"": -0.024, ""zoom"": 1.0552}"
Foam-Mild,root,Foam-Mild/frame_0124.jpg,Foam-Mild/augmented/small_rotation/root/frame_0124__small_rotation.jpg,small_rotation,"{""angle_degrees"": 6.167}"
Foam-Mild,root,Foam-Mild/frame_0124.jpg,Foam-Mild/augmented/horizontal_flip/root/frame_0124__horizontal_flip.jpg,horizontal_flip,{}
Foam-Mild,root,Foam-Mild/frame_0124.jpg,Foam-Mild/augmented/brightness/root/frame_0124__brightness.jpg,brightness,"{""factor"": 0.9818}"
Foam-Mild,root,Foam-Mild/frame_0124.jpg,Foam-Mild/augmented/contrast/root/frame_0124__contrast.jpg,contrast,"{""factor"": 0.9766}"
Foam-Mild,root,Foam-Mild/frame_0124.jpg,Foam-Mild/augmented/saturation/root/frame_0124__saturation.jpg,saturation,"{""factor"": 0.9683}"
Foam-Mild,root,Foam-Mild/frame_0124.jpg,Foam-Mild/augmented/zoom_translate/root/frame_0124__zoom_translate.jpg,zoom_translate,"{""shift_x_fraction"": 0.0087, ""shift_y_fraction"": 0.0024, ""zoom"": 1.0056}"
Foam-Mild,root,Foam-Mild/frame_0125.jpg,Foam-Mild/augmented/small_rotation/root/frame_0125__small_rotation.jpg,small_rotation,"{""angle_degrees"": 5.8159}"
Foam-Mild,root,Foam-Mild/frame_0125.jpg,Foam-Mild/augmented/horizontal_flip/root/frame_0125__horizontal_flip.jpg,horizontal_flip,{}
Foam-Mild,root,Foam-Mild/frame_0125.jpg,Foam-Mild/augmented/brightness/root/frame_0125__brightness.jpg,brightness,"{""factor"": 1.1279}"
Foam-Mild,root,Foam-Mild/frame_0125.jpg,Foam-Mild/augmented/contrast/root/frame_0125__contrast.jpg,contrast,"{""factor"": 1.0596}"
Foam-Mild,root,Foam-Mild/frame_0125.jpg,Foam-Mild/augmented/saturation/root/frame_0125__saturation.jpg,saturation,"{""factor"": 1.0852}"
Foam-Mild,root,Foam-Mild/frame_0125.jpg,Foam-Mild/augmented/zoom_translate/root/frame_0125__zoom_translate.jpg,zoom_translate,"{""shift_x_fraction"": -0.0094, ""shift_y_fraction"": 0.0028, ""zoom"": 1.0515}"
Foam-Mild,root,Foam-Mild/frame_0126.jpg,Foam-Mild/augmented/small_rotation/root/frame_0126__small_rotation.jpg,small_rotation,"{""angle_degrees"": 7.5891}"
Foam-Mild,root,Foam-Mild/frame_0126.jpg,Foam-Mild/augmented/horizontal_flip/root/frame_0126__horizontal_flip.jpg,horizontal_flip,{}
Foam-Mild,root,Foam-Mild/frame_0126.jpg,Foam-Mild/augmented/brightness/root/frame_0126__brightness.jpg,brightness,"{""factor"": 1.1391}"
Foam-Mild,root,Foam-Mild/frame_0126.jpg,Foam-Mild/augmented/contrast/root/frame_0126__contrast.jpg,contrast,"{""factor"": 0.8937}"
Foam-Mild,root,Foam-Mild/frame_0126.jpg,Foam-Mild/augmented/saturation/root/frame_0126__saturation.jpg,saturation,"{""factor"": 1.0961}"
Foam-Mild,root,Foam-Mild/frame_0126.jpg,Foam-Mild/augmented/zoom_translate/root/frame_0126__zoom_translate.jpg,zoom_translate,"{""shift_x_fraction"": 0.0059, ""shift_y_fraction"": -0.0309, ""zoom"": 1.0503}"
Foam-Mild,root,Foam-Mild/frame_0127.jpg,Foam-Mild/augmented/small_rotation/root/frame_0127__small_rotation.jpg,small_rotation,"{""angle_degrees"": -5.5124}"
Foam-Mild,root,Foam-Mild/frame_0127.jpg,Foam-Mild/augmented/horizontal_flip/root/frame_0127__horizontal_flip.jpg,horizontal_flip,{}
Foam-Mild,root,Foam-Mild/frame_0127.jpg,Foam-Mild/augmented/brightness/root/frame_0127__brightness.jpg,brightness,"{""factor"": 1.0662}"
Foam-Mild,root,Foam-Mild/frame_0127.jpg,Foam-Mild/augmented/contrast/root/frame_0127__contrast.jpg,contrast,"{""factor"": 0.9357}"
Foam-Mild,root,Foam-Mild/frame_0127.jpg,Foam-Mild/augmented/saturation/root/frame_0127__saturation.jpg,saturation,"{""factor"": 0.9278}"
Foam-Mild,root,Foam-Mild/frame_0127.jpg,Foam-Mild/augmented/zoom_translate/root/frame_0127__zoom_translate.jpg,zoom_translate,"{""shift_x_fraction"": -0.0282, ""shift_y_fraction"": 0.0318, ""zoom"": 1.0722}"
Foam-Mild,root,Foam-Mild/frame_0128.jpg,Foam-Mild/augmented/small_rotation/root/frame_0128__small_rotation.jpg,small_rotation,"{""angle_degrees"": -4.7014}"
Foam-Mild,root,Foam-Mild/frame_0128.jpg,Foam-Mild/augmented/horizontal_flip/root/frame_0128__horizontal_flip.jpg,horizontal_flip,{}
Foam-Mild,root,Foam-Mild/frame_0128.jpg,Foam-Mild/augmented/brightness/root/frame_0128__brightness.jpg,brightness,"{""factor"": 1.0215}"
Foam-Mild,root,Foam-Mild/frame_0128.jpg,Foam-Mild/augmented/contrast/root/frame_0128__contrast.jpg,contrast,"{""factor"": 1.1094}"
Foam-Mild,root,Foam-Mild/frame_0128.jpg,Foam-Mild/augmented/saturation/root/frame_0128__saturation.jpg,saturation,"{""factor"": 0.912}"
Foam-Mild,root,Foam-Mild/frame_0128.jpg,Foam-Mild/augmented/zoom_translate/root/frame_0128__zoom_translate.jpg,zoom_translate,"{""shift_x_fraction"": 0.0145, ""shift_y_fraction"": 0.0194, ""zoom"": 1.0171}"
Foam-Mild,root,Foam-Mild/frame_0129.jpg,Foam-Mild/augmented/small_rotation/root/frame_0129__small_rotation.jpg,small_rotation,"{""angle_degrees"": -2.4148}"
Foam-Mild,root,Foam-Mild/frame_0129.jpg,Foam-Mild/augmented/horizontal_flip/root/frame_0129__horizontal_flip.jpg,horizontal_flip,{}
Foam-Mild,root,Foam-Mild/frame_0129.jpg,Foam-Mild/augmented/brightness/root/frame_0129__brightness.jpg,brightness,"{""factor"": 1.0355}"
Foam-Mild,root,Foam-Mild/frame_0129.jpg,Foam-Mild/augmented/contrast/root/frame_0129__contrast.jpg,contrast,"{""factor"": 1.0189}"
Foam-Mild,root,Foam-Mild/frame_0129.jpg,Foam-Mild/augmented/saturation/root/frame_0129__saturation.jpg,saturation,"{""factor"": 1.0602}"
Foam-Mild,root,Foam-Mild/frame_0129.jpg,Foam-Mild/augmented/zoom_translate/root/frame_0129__zoom_translate.jpg,zoom_translate,"{""shift_x_fraction"": -0.0258, ""shift_y_fraction"": -0.0317, ""zoom"": 1.0346}"
Foam-Mild,root,Foam-Mild/frame_0130.jpg,Foam-Mild/augmented/small_rotation/root/frame_0130__small_rotation.jpg,small_rotation,"{""angle_degrees"": 5.384}"
Foam-Mild,root,Foam-Mild/frame_0130.jpg,Foam-Mild/augmented/horizontal_flip/root/frame_0130__horizontal_flip.jpg,horizontal_flip,{}
Foam-Mild,root,Foam-Mild/frame_0130.jpg,Foam-Mild/augmented/brightness/root/frame_0130__brightness.jpg,brightness,"{""factor"": 0.9847}"
Foam-Mild,root,Foam-Mild/frame_0130.jpg,Foam-Mild/augmented/contrast/root/frame_0130__contrast.jpg,contrast,"{""factor"": 1.0242}"
Foam-Mild,root,Foam-Mild/frame_0130.jpg,Foam-Mild/augmented/saturation/root/frame_0130__saturation.jpg,saturation,"{""factor"": 0.9734}"
Foam-Mild,root,Foam-Mild/frame_0130.jpg,Foam-Mild/augmented/zoom_translate/root/frame_0130__zoom_translate.jpg,zoom_translate,"{""shift_x_fraction"": 0.0089, ""shift_y_fraction"": -0.0205, ""zoom"": 1.0682}"
Foam-Mild,root,Foam-Mild/frame_0131.jpg,Foam-Mild/augmented/small_rotation/root/frame_0131__small_rotation.jpg,small_rotation,"{""angle_degrees"": 3.7839}"
Foam-Mild,root,Foam-Mild/frame_0131.jpg,Foam-Mild/augmented/horizontal_flip/root/frame_0131__horizontal_flip.jpg,horizontal_flip,{}
Foam-Mild,root,Foam-Mild/frame_0131.jpg,Foam-Mild/augmented/brightness/root/frame_0131__brightness.jpg,brightness,"{""factor"": 1.1467}"
Foam-Mild,root,Foam-Mild/frame_0131.jpg,Foam-Mild/augmented/contrast/root/frame_0131__contrast.jpg,contrast,"{""factor"": 1.0743}"
Foam-Mild,root,Foam-Mild/frame_0131.jpg,Foam-Mild/augmented/saturation/root/frame_0131__saturation.jpg,saturation,"{""factor"": 0.9495}"
Foam-Mild,root,Foam-Mild/frame_0131.jpg,Foam-Mild/augmented/zoom_translate/root/frame_0131__zoom_translate.jpg,zoom_translate,"{""shift_x_fraction"": 0.003, ""shift_y_fraction"": -0.0116, ""zoom"": 1.0521}"
Foam-Mild,root,Foam-Mild/frame_0132.jpg,Foam-Mild/augmented/small_rotation/root/frame_0132__small_rotation.jpg,small_rotation,"{""angle_degrees"": -3.8672}"
Foam-Mild,root,Foam-Mild/frame_0132.jpg,Foam-Mild/augmented/horizontal_flip/root/frame_0132__horizontal_flip.jpg,horizontal_flip,{}
Foam-Mild,root,Foam-Mild/frame_0132.jpg,Foam-Mild/augmented/brightness/root/frame_0132__brightness.jpg,brightness,"{""factor"": 0.9669}"
Foam-Mild,root,Foam-Mild/frame_0132.jpg,Foam-Mild/augmented/contrast/root/frame_0132__contrast.jpg,contrast,"{""factor"": 1.0379}"
Foam-Mild,root,Foam-Mild/frame_0132.jpg,Foam-Mild/augmented/saturation/root/frame_0132__saturation.jpg,saturation,"{""factor"": 1.034}"
Foam-Mild,root,Foam-Mild/frame_0132.jpg,Foam-Mild/augmented/zoom_translate/root/frame_0132__zoom_translate.jpg,zoom_translate,"{""shift_x_fraction"": -0.0169, ""shift_y_fraction"": 0.0089, ""zoom"": 1.0603}"
Foam-Mild,root,Foam-Mild/frame_0133.jpg,Foam-Mild/augmented/small_rotation/root/frame_0133__small_rotation.jpg,small_rotation,"{""angle_degrees"": -7.4646}"
Foam-Mild,root,Foam-Mild/frame_0133.jpg,Foam-Mild/augmented/horizontal_flip/root/frame_0133__horizontal_flip.jpg,horizontal_flip,{}
Foam-Mild,root,Foam-Mild/frame_0133.jpg,Foam-Mild/augmented/brightness/root/frame_0133__brightness.jpg,brightness,"{""factor"": 1.0016}"
Foam-Mild,root,Foam-Mild/frame_0133.jpg,Foam-Mild/augmented/contrast/root/frame_0133__contrast.jpg,contrast,"{""factor"": 0.8678}"
Foam-Mild,root,Foam-Mild/frame_0133.jpg,Foam-Mild/augmented/saturation/root/frame_0133__saturation.jpg,saturation,"{""factor"": 1.0647}"
Foam-Mild,root,Foam-Mild/frame_0133.jpg,Foam-Mild/augmented/zoom_translate/root/frame_0133__zoom_translate.jpg,zoom_translate,"{""shift_x_fraction"": -0.0081, ""shift_y_fraction"": 0.0145, ""zoom"": 1.0127}"
Foam-Mild,root,Foam-Mild/frame_0134.jpg,Foam-Mild/augmented/small_rotation/root/frame_0134__small_rotation.jpg,small_rotation,"{""angle_degrees"": 7.3479}"
Foam-Mild,root,Foam-Mild/frame_0134.jpg,Foam-Mild/augmented/horizontal_flip/root/frame_0134__horizontal_flip.jpg,horizontal_flip,{}
Foam-Mild,root,Foam-Mild/frame_0134.jpg,Foam-Mild/augmented/brightness/root/frame_0134__brightness.jpg,brightness,"{""factor"": 0.8757}"
Foam-Mild,root,Foam-Mild/frame_0134.jpg,Foam-Mild/augmented/contrast/root/frame_0134__contrast.jpg,contrast,"{""factor"": 1.0491}"
Foam-Mild,root,Foam-Mild/frame_0134.jpg,Foam-Mild/augmented/saturation/root/frame_0134__saturation.jpg,saturation,"{""factor"": 0.9485}"
Foam-Mild,root,Foam-Mild/frame_0134.jpg,Foam-Mild/augmented/zoom_translate/root/frame_0134__zoom_translate.jpg,zoom_translate,"{""shift_x_fraction"": -0.0001, ""shift_y_fraction"": 0.0305, ""zoom"": 1.0196}"
Foam-Mild,root,Foam-Mild/frame_0135.jpg,Foam-Mild/augmented/small_rotation/root/frame_0135__small_rotation.jpg,small_rotation,"{""angle_degrees"": 3.534}"
Foam-Mild,root,Foam-Mild/frame_0135.jpg,Foam-Mild/augmented/horizontal_flip/root/frame_0135__horizontal_flip.jpg,horizontal_flip,{}
Foam-Mild,root,Foam-Mild/frame_0135.jpg,Foam-Mild/augmented/brightness/root/frame_0135__brightness.jpg,brightness,"{""factor"": 0.9153}"
Foam-Mild,root,Foam-Mild/frame_0135.jpg,Foam-Mild/augmented/contrast/root/frame_0135__contrast.jpg,contrast,"{""factor"": 1.0707}"
Foam-Mild,root,Foam-Mild/frame_0135.jpg,Foam-Mild/augmented/saturation/root/frame_0135__saturation.jpg,saturation,"{""factor"": 1.0698}"
Foam-Mild,root,Foam-Mild/frame_0135.jpg,Foam-Mild/augmented/zoom_translate/root/frame_0135__zoom_translate.jpg,zoom_translate,"{""shift_x_fraction"": -0.0275, ""shift_y_fraction"": 0.0268, ""zoom"": 1.0179}"
Foam-Mild,root,Foam-Mild/frame_0136.jpg,Foam-Mild/augmented/small_rotation/root/frame_0136__small_rotation.jpg,small_rotation,"{""angle_degrees"": -2.1951}"
Foam-Mild,root,Foam-Mild/frame_0136.jpg,Foam-Mild/augmented/horizontal_flip/root/frame_0136__horizontal_flip.jpg,horizontal_flip,{}
Foam-Mild,root,Foam-Mild/frame_0136.jpg,Foam-Mild/augmented/brightness/root/frame_0136__brightness.jpg,brightness,"{""factor"": 1.0659}"
Foam-Mild,root,Foam-Mild/frame_0136.jpg,Foam-Mild/augmented/contrast/root/frame_0136__contrast.jpg,contrast,"{""factor"": 0.9008}"
Foam-Mild,root,Foam-Mild/frame_0136.jpg,Foam-Mild/augmented/saturation/root/frame_0136__saturation.jpg,saturation,"{""factor"": 0.9997}"
Foam-Mild,root,Foam-Mild/frame_0136.jpg,Foam-Mild/augmented/zoom_translate/root/frame_0136__zoom_translate.jpg,zoom_translate,"{""shift_x_fraction"": -0.024, ""shift_y_fraction"": -0.0094, ""zoom"": 1.016}"
Foam-Mild,root,Foam-Mild/frame_0137.jpg,Foam-Mild/augmented/small_rotation/root/frame_0137__small_rotation.jpg,small_rotation,"{""angle_degrees"": 1.2073}"
Foam-Mild,root,Foam-Mild/frame_0137.jpg,Foam-Mild/augmented/horizontal_flip/root/frame_0137__horizontal_flip.jpg,horizontal_flip,{}
Foam-Mild,root,Foam-Mild/frame_0137.jpg,Foam-Mild/augmented/brightness/root/frame_0137__brightness.jpg,brightness,"{""factor"": 1.0601}"
Foam-Mild,root,Foam-Mild/frame_0137.jpg,Foam-Mild/augmented/contrast/root/frame_0137__contrast.jpg,contrast,"{""factor"": 0.9387}"
Foam-Mild,root,Foam-Mild/frame_0137.jpg,Foam-Mild/augmented/saturation/root/frame_0137__saturation.jpg,saturation,"{""factor"": 0.9596}"
Foam-Mild,root,Foam-Mild/frame_0137.jpg,Foam-Mild/augmented/zoom_translate/root/frame_0137__zoom_translate.jpg,zoom_translate,"{""shift_x_fraction"": 0.0041, ""shift_y_fraction"": 0.0012, ""zoom"": 1.0743}"
Foam-Mild,root,Foam-Mild/frame_0138.jpg,Foam-Mild/augmented/small_rotation/root/frame_0138__small_rotation.jpg,small_rotation,"{""angle_degrees"": -1.9435}"
Foam-Mild,root,Foam-Mild/frame_0138.jpg,Foam-Mild/augmented/horizontal_flip/root/frame_0138__horizontal_flip.jpg,horizontal_flip,{}
Foam-Mild,root,Foam-Mild/frame_0138.jpg,Foam-Mild/augmented/brightness/root/frame_0138__brightness.jpg,brightness,"{""factor"": 1.0961}"
Foam-Mild,root,Foam-Mild/frame_0138.jpg,Foam-Mild/augmented/contrast/root/frame_0138__contrast.jpg,contrast,"{""factor"": 1.1145}"
Foam-Mild,root,Foam-Mild/frame_0138.jpg,Foam-Mild/augmented/saturation/root/frame_0138__saturation.jpg,saturation,"{""factor"": 1.0155}"
Foam-Mild,root,Foam-Mild/frame_0138.jpg,Foam-Mild/augmented/zoom_translate/root/frame_0138__zoom_translate.jpg,zoom_translate,"{""shift_x_fraction"": -0.0078, ""shift_y_fraction"": 0.0035, ""zoom"": 1.0186}"
Foam-Mild,root,Foam-Mild/frame_0139.jpg,Foam-Mild/augmented/small_rotation/root/frame_0139__small_rotation.jpg,small_rotation,"{""angle_degrees"": -1.1609}"
Foam-Mild,root,Foam-Mild/frame_0139.jpg,Foam-Mild/augmented/horizontal_flip/root/frame_0139__horizontal_flip.jpg,horizontal_flip,{}
Foam-Mild,root,Foam-Mild/frame_0139.jpg,Foam-Mild/augmented/brightness/root/frame_0139__brightness.jpg,brightness,"{""factor"": 0.9918}"
Foam-Mild,root,Foam-Mild/frame_0139.jpg,Foam-Mild/augmented/contrast/root/frame_0139__contrast.jpg,contrast,"{""factor"": 1.0657}"
Foam-Mild,root,Foam-Mild/frame_0139.jpg,Foam-Mild/augmented/saturation/root/frame_0139__saturation.jpg,saturation,"{""factor"": 1.0097}"
Foam-Mild,root,Foam-Mild/frame_0139.jpg,Foam-Mild/augmented/zoom_translate/root/frame_0139__zoom_translate.jpg,zoom_translate,"{""shift_x_fraction"": -0.0313, ""shift_y_fraction"": -0.0061, ""zoom"": 1.0034}"
Foam-Mild,root,Foam-Mild/frame_0140.jpg,Foam-Mild/augmented/small_rotation/root/frame_0140__small_rotation.jpg,small_rotation,"{""angle_degrees"": 4.3566}"
Foam-Mild,root,Foam-Mild/frame_0140.jpg,Foam-Mild/augmented/horizontal_flip/root/frame_0140__horizontal_flip.jpg,horizontal_flip,{}
Foam-Mild,root,Foam-Mild/frame_0140.jpg,Foam-Mild/augmented/brightness/root/frame_0140__brightness.jpg,brightness,"{""factor"": 1.1377}"
Foam-Mild,root,Foam-Mild/frame_0140.jpg,Foam-Mild/augmented/contrast/root/frame_0140__contrast.jpg,contrast,"{""factor"": 1.038}"
Foam-Mild,root,Foam-Mild/frame_0140.jpg,Foam-Mild/augmented/saturation/root/frame_0140__saturation.jpg,saturation,"{""factor"": 1.0902}"
Foam-Mild,root,Foam-Mild/frame_0140.jpg,Foam-Mild/augmented/zoom_translate/root/frame_0140__zoom_translate.jpg,zoom_translate,"{""shift_x_fraction"": -0.0057, ""shift_y_fraction"": -0.0125, ""zoom"": 1.0176}"
Foam-Mild,root,Foam-Mild/frame_0141.jpg,Foam-Mild/augmented/small_rotation/root/frame_0141__small_rotation.jpg,small_rotation,"{""angle_degrees"": 0.3043}"
Foam-Mild,root,Foam-Mild/frame_0141.jpg,Foam-Mild/augmented/horizontal_flip/root/frame_0141__horizontal_flip.jpg,horizontal_flip,{}
Foam-Mild,root,Foam-Mild/frame_0141.jpg,Foam-Mild/augmented/brightness/root/frame_0141__brightness.jpg,brightness,"{""factor"": 1.1412}"
Foam-Mild,root,Foam-Mild/frame_0141.jpg,Foam-Mild/augmented/contrast/root/frame_0141__contrast.jpg,contrast,"{""factor"": 0.9413}"
Foam-Mild,root,Foam-Mild/frame_0141.jpg,Foam-Mild/augmented/saturation/root/frame_0141__saturation.jpg,saturation,"{""factor"": 0.9222}"
Foam-Mild,root,Foam-Mild/frame_0141.jpg,Foam-Mild/augmented/zoom_translate/root/frame_0141__zoom_translate.jpg,zoom_translate,"{""shift_x_fraction"": 0.003, ""shift_y_fraction"": 0.0194, ""zoom"": 1.0278}"
Foam-Mild,root,Foam-Mild/frame_0142.jpg,Foam-Mild/augmented/small_rotation/root/frame_0142__small_rotation.jpg,small_rotation,"{""angle_degrees"": -0.527}"
Foam-Mild,root,Foam-Mild/frame_0142.jpg,Foam-Mild/augmented/horizontal_flip/root/frame_0142__horizontal_flip.jpg,horizontal_flip,{}
Foam-Mild,root,Foam-Mild/frame_0142.jpg,Foam-Mild/augmented/brightness/root/frame_0142__brightness.jpg,brightness,"{""factor"": 0.9277}"
Foam-Mild,root,Foam-Mild/frame_0142.jpg,Foam-Mild/augmented/contrast/root/frame_0142__contrast.jpg,contrast,"{""factor"": 1.1323}"
Foam-Mild,root,Foam-Mild/frame_0142.jpg,Foam-Mild/augmented/saturation/root/frame_0142__saturation.jpg,saturation,"{""factor"": 0.9705}"
Foam-Mild,root,Foam-Mild/frame_0142.jpg,Foam-Mild/augmented/zoom_translate/root/frame_0142__zoom_translate.jpg,zoom_translate,"{""shift_x_fraction"": 0.0089, ""shift_y_fraction"": 0.0241, ""zoom"": 1.0473}"
Foam-Mild,root,Foam-Mild/frame_0143.jpg,Foam-Mild/augmented/small_rotation/root/frame_0143__small_rotation.jpg,small_rotation,"{""angle_degrees"": 6.0573}"
Foam-Mild,root,Foam-Mild/frame_0143.jpg,Foam-Mild/augmented/horizontal_flip/root/frame_0143__horizontal_flip.jpg,horizontal_flip,{}
Foam-Mild,root,Foam-Mild/frame_0143.jpg,Foam-Mild/augmented/brightness/root/frame_0143__brightness.jpg,brightness,"{""factor"": 0.998}"
Foam-Mild,root,Foam-Mild/frame_0143.jpg,Foam-Mild/augmented/contrast/root/frame_0143__contrast.jpg,contrast,"{""factor"": 0.9451}"
Foam-Mild,root,Foam-Mild/frame_0143.jpg,Foam-Mild/augmented/saturation/root/frame_0143__saturation.jpg,saturation,"{""factor"": 0.9461}"
Foam-Mild,root,Foam-Mild/frame_0143.jpg,Foam-Mild/augmented/zoom_translate/root/frame_0143__zoom_translate.jpg,zoom_translate,"{""shift_x_fraction"": 0.0297, ""shift_y_fraction"": -0.0197, ""zoom"": 1.058}"
Foam-Mild,root,Foam-Mild/frame_0144.jpg,Foam-Mild/augmented/small_rotation/root/frame_0144__small_rotation.jpg,small_rotation,"{""angle_degrees"": -7.6544}"
Foam-Mild,root,Foam-Mild/frame_0144.jpg,Foam-Mild/augmented/horizontal_flip/root/frame_0144__horizontal_flip.jpg,horizontal_flip,{}
Foam-Mild,root,Foam-Mild/frame_0144.jpg,Foam-Mild/augmented/brightness/root/frame_0144__brightness.jpg,brightness,"{""factor"": 0.9939}"
Foam-Mild,root,Foam-Mild/frame_0144.jpg,Foam-Mild/augmented/contrast/root/frame_0144__contrast.jpg,contrast,"{""factor"": 0.853}"
Foam-Mild,root,Foam-Mild/frame_0144.jpg,Foam-Mild/augmented/saturation/root/frame_0144__saturation.jpg,saturation,"{""factor"": 1.0168}"
Foam-Mild,root,Foam-Mild/frame_0144.jpg,Foam-Mild/augmented/zoom_translate/root/frame_0144__zoom_translate.jpg,zoom_translate,"{""shift_x_fraction"": -0.0302, ""shift_y_fraction"": -0.0255, ""zoom"": 1.0068}"
Foam-Mild,root,Foam-Mild/frame_0145.jpg,Foam-Mild/augmented/small_rotation/root/frame_0145__small_rotation.jpg,small_rotation,"{""angle_degrees"": 1.7356}"
Foam-Mild,root,Foam-Mild/frame_0145.jpg,Foam-Mild/augmented/horizontal_flip/root/frame_0145__horizontal_flip.jpg,horizontal_flip,{}
Foam-Mild,root,Foam-Mild/frame_0145.jpg,Foam-Mild/augmented/brightness/root/frame_0145__brightness.jpg,brightness,"{""factor"": 0.8708}"
Foam-Mild,root,Foam-Mild/frame_0145.jpg,Foam-Mild/augmented/contrast/root/frame_0145__contrast.jpg,contrast,"{""factor"": 0.8995}"
Foam-Mild,root,Foam-Mild/frame_0145.jpg,Foam-Mild/augmented/saturation/root/frame_0145__saturation.jpg,saturation,"{""factor"": 0.9832}"
Foam-Mild,root,Foam-Mild/frame_0145.jpg,Foam-Mild/augmented/zoom_translate/root/frame_0145__zoom_translate.jpg,zoom_translate,"{""shift_x_fraction"": 0.0193, ""shift_y_fraction"": 0.0289, ""zoom"": 1.0339}"
Foam-Mild,root,Foam-Mild/frame_0146.jpg,Foam-Mild/augmented/small_rotation/root/frame_0146__small_rotation.jpg,small_rotation,"{""angle_degrees"": -0.5414}"
Foam-Mild,root,Foam-Mild/frame_0146.jpg,Foam-Mild/augmented/horizontal_flip/root/frame_0146__horizontal_flip.jpg,horizontal_flip,{}
Foam-Mild,root,Foam-Mild/frame_0146.jpg,Foam-Mild/augmented/brightness/root/frame_0146__brightness.jpg,brightness,"{""factor"": 1.0703}"
Foam-Mild,root,Foam-Mild/frame_0146.jpg,Foam-Mild/augmented/contrast/root/frame_0146__contrast.jpg,contrast,"{""factor"": 1.0857}"
Foam-Mild,root,Foam-Mild/frame_0146.jpg,Foam-Mild/augmented/saturation/root/frame_0146__saturation.jpg,saturation,"{""factor"": 1.0993}"
Foam-Mild,root,Foam-Mild/frame_0146.jpg,Foam-Mild/augmented/zoom_translate/root/frame_0146__zoom_translate.jpg,zoom_translate,"{""shift_x_fraction"": -0.0093, ""shift_y_fraction"": -0.023, ""zoom"": 1.0262}"
Foam-Mild,root,Foam-Mild/frame_0147.jpg,Foam-Mild/augmented/small_rotation/root/frame_0147__small_rotation.jpg,small_rotation,"{""angle_degrees"": 0.8387}"
Foam-Mild,root,Foam-Mild/frame_0147.jpg,Foam-Mild/augmented/horizontal_flip/root/frame_0147__horizontal_flip.jpg,horizontal_flip,{}
Foam-Mild,root,Foam-Mild/frame_0147.jpg,Foam-Mild/augmented/brightness/root/frame_0147__brightness.jpg,brightness,"{""factor"": 0.8914}"
Foam-Mild,root,Foam-Mild/frame_0147.jpg,Foam-Mild/augmented/contrast/root/frame_0147__contrast.jpg,contrast,"{""factor"": 0.9879}"
Foam-Mild,root,Foam-Mild/frame_0147.jpg,Foam-Mild/augmented/saturation/root/frame_0147__saturation.jpg,saturation,"{""factor"": 1.0005}"
Foam-Mild,root,Foam-Mild/frame_0147.jpg,Foam-Mild/augmented/zoom_translate/root/frame_0147__zoom_translate.jpg,zoom_translate,"{""shift_x_fraction"": 0.0114, ""shift_y_fraction"": 0.0224, ""zoom"": 1.0084}"
Foam-Mild,root,Foam-Mild/frame_0148.jpg,Foam-Mild/augmented/small_rotation/root/frame_0148__small_rotation.jpg,small_rotation,"{""angle_degrees"": -1.8024}"
Foam-Mild,root,Foam-Mild/frame_0148.jpg,Foam-Mild/augmented/horizontal_flip/root/frame_0148__horizontal_flip.jpg,horizontal_flip,{}
Foam-Mild,root,Foam-Mild/frame_0148.jpg,Foam-Mild/augmented/brightness/root/frame_0148__brightness.jpg,brightness,"{""factor"": 1.0076}"
Foam-Mild,root,Foam-Mild/frame_0148.jpg,Foam-Mild/augmented/contrast/root/frame_0148__contrast.jpg,contrast,"{""factor"": 1.1215}"
Foam-Mild,root,Foam-Mild/frame_0148.jpg,Foam-Mild/augmented/saturation/root/frame_0148__saturation.jpg,saturation,"{""factor"": 0.9796}"
Foam-Mild,root,Foam-Mild/frame_0148.jpg,Foam-Mild/augmented/zoom_translate/root/frame_0148__zoom_translate.jpg,zoom_translate,"{""shift_x_fraction"": 0.0232, ""shift_y_fraction"": -0.003, ""zoom"": 1.0298}"
Foam-Mild,root,Foam-Mild/frame_0149.jpg,Foam-Mild/augmented/small_rotation/root/frame_0149__small_rotation.jpg,small_rotation,"{""angle_degrees"": 4.6434}"
Foam-Mild,root,Foam-Mild/frame_0149.jpg,Foam-Mild/augmented/horizontal_flip/root/frame_0149__horizontal_flip.jpg,horizontal_flip,{}
Foam-Mild,root,Foam-Mild/frame_0149.jpg,Foam-Mild/augmented/brightness/root/frame_0149__brightness.jpg,brightness,"{""factor"": 0.9839}"
Foam-Mild,root,Foam-Mild/frame_0149.jpg,Foam-Mild/augmented/contrast/root/frame_0149__contrast.jpg,contrast,"{""factor"": 0.9221}"
Foam-Mild,root,Foam-Mild/frame_0149.jpg,Foam-Mild/augmented/saturation/root/frame_0149__saturation.jpg,saturation,"{""factor"": 1.041}"
Foam-Mild,root,Foam-Mild/frame_0149.jpg,Foam-Mild/augmented/zoom_translate/root/frame_0149__zoom_translate.jpg,zoom_translate,"{""shift_x_fraction"": 0.0264, ""shift_y_fraction"": -0.0143, ""zoom"": 1.0652}"
Foam-Mild,root,Foam-Mild/frame_0150.jpg,Foam-Mild/augmented/small_rotation/root/frame_0150__small_rotation.jpg,small_rotation,"{""angle_degrees"": 2.3335}"
Foam-Mild,root,Foam-Mild/frame_0150.jpg,Foam-Mild/augmented/horizontal_flip/root/frame_0150__horizontal_flip.jpg,horizontal_flip,{}
Foam-Mild,root,Foam-Mild/frame_0150.jpg,Foam-Mild/augmented/brightness/root/frame_0150__brightness.jpg,brightness,"{""factor"": 0.9757}"
Foam-Mild,root,Foam-Mild/frame_0150.jpg,Foam-Mild/augmented/contrast/root/frame_0150__contrast.jpg,contrast,"{""factor"": 1.0802}"
Foam-Mild,root,Foam-Mild/frame_0150.jpg,Foam-Mild/augmented/saturation/root/frame_0150__saturation.jpg,saturation,"{""factor"": 0.9574}"
Foam-Mild,root,Foam-Mild/frame_0150.jpg,Foam-Mild/augmented/zoom_translate/root/frame_0150__zoom_translate.jpg,zoom_translate,"{""shift_x_fraction"": 0.0138, ""shift_y_fraction"": -0.0151, ""zoom"": 1.074}"
Foam-Mild,root,Foam-Mild/frame_0151.jpg,Foam-Mild/augmented/small_rotation/root/frame_0151__small_rotation.jpg,small_rotation,"{""angle_degrees"": -3.8274}"
Foam-Mild,root,Foam-Mild/frame_0151.jpg,Foam-Mild/augmented/horizontal_flip/root/frame_0151__horizontal_flip.jpg,horizontal_flip,{}
Foam-Mild,root,Foam-Mild/frame_0151.jpg,Foam-Mild/augmented/brightness/root/frame_0151__brightness.jpg,brightness,"{""factor"": 1.1063}"
Foam-Mild,root,Foam-Mild/frame_0151.jpg,Foam-Mild/augmented/contrast/root/frame_0151__contrast.jpg,contrast,"{""factor"": 1.018}"
Foam-Mild,root,Foam-Mild/frame_0151.jpg,Foam-Mild/augmented/saturation/root/frame_0151__saturation.jpg,saturation,"{""factor"": 0.9224}"
Foam-Mild,root,Foam-Mild/frame_0151.jpg,Foam-Mild/augmented/zoom_translate/root/frame_0151__zoom_translate.jpg,zoom_translate,"{""shift_x_fraction"": 0.0258, ""shift_y_fraction"": 0.0238, ""zoom"": 1.0481}"
Foam-Mild,root,Foam-Mild/frame_0152.jpg,Foam-Mild/augmented/small_rotation/root/frame_0152__small_rotation.jpg,small_rotation,"{""angle_degrees"": 4.4506}"
Foam-Mild,root,Foam-Mild/frame_0152.jpg,Foam-Mild/augmented/horizontal_flip/root/frame_0152__horizontal_flip.jpg,horizontal_flip,{}
Foam-Mild,root,Foam-Mild/frame_0152.jpg,Foam-Mild/augmented/brightness/root/frame_0152__brightness.jpg,brightness,"{""factor"": 1.0926}"
Foam-Mild,root,Foam-Mild/frame_0152.jpg,Foam-Mild/augmented/contrast/root/frame_0152__contrast.jpg,contrast,"{""factor"": 1.0954}"
Foam-Mild,root,Foam-Mild/frame_0152.jpg,Foam-Mild/augmented/saturation/root/frame_0152__saturation.jpg,saturation,"{""factor"": 1.0752}"
Foam-Mild,root,Foam-Mild/frame_0152.jpg,Foam-Mild/augmented/zoom_translate/root/frame_0152__zoom_translate.jpg,zoom_translate,"{""shift_x_fraction"": -0.0105, ""shift_y_fraction"": -0.0087, ""zoom"": 1.0244}"
Foam-Mild,root,Foam-Mild/frame_0153.jpg,Foam-Mild/augmented/small_rotation/root/frame_0153__small_rotation.jpg,small_rotation,"{""angle_degrees"": 5.7609}"
Foam-Mild,root,Foam-Mild/frame_0153.jpg,Foam-Mild/augmented/horizontal_flip/root/frame_0153__horizontal_flip.jpg,horizontal_flip,{}
Foam-Mild,root,Foam-Mild/frame_0153.jpg,Foam-Mild/augmented/brightness/root/frame_0153__brightness.jpg,brightness,"{""factor"": 0.9357}"
Foam-Mild,root,Foam-Mild/frame_0153.jpg,Foam-Mild/augmented/contrast/root/frame_0153__contrast.jpg,contrast,"{""factor"": 0.9984}"
Foam-Mild,root,Foam-Mild/frame_0153.jpg,Foam-Mild/augmented/saturation/root/frame_0153__saturation.jpg,saturation,"{""factor"": 1.0734}"
Foam-Mild,root,Foam-Mild/frame_0153.jpg,Foam-Mild/augmented/zoom_translate/root/frame_0153__zoom_translate.jpg,zoom_translate,"{""shift_x_fraction"": -0.0253, ""shift_y_fraction"": 0.0114, ""zoom"": 1.0153}"
Foam-Mild,root,Foam-Mild/frame_0154.jpg,Foam-Mild/augmented/small_rotation/root/frame_0154__small_rotation.jpg,small_rotation,"{""angle_degrees"": -6.5305}"
Foam-Mild,root,Foam-Mild/frame_0154.jpg,Foam-Mild/augmented/horizontal_flip/root/frame_0154__horizontal_flip.jpg,horizontal_flip,{}
Foam-Mild,root,Foam-Mild/frame_0154.jpg,Foam-Mild/augmented/brightness/root/frame_0154__brightness.jpg,brightness,"{""factor"": 0.9603}"
Foam-Mild,root,Foam-Mild/frame_0154.jpg,Foam-Mild/augmented/contrast/root/frame_0154__contrast.jpg,contrast,"{""factor"": 1.0516}"
Foam-Mild,root,Foam-Mild/frame_0154.jpg,Foam-Mild/augmented/saturation/root/frame_0154__saturation.jpg,saturation,"{""factor"": 0.9769}"
Foam-Mild,root,Foam-Mild/frame_0154.jpg,Foam-Mild/augmented/zoom_translate/root/frame_0154__zoom_translate.jpg,zoom_translate,"{""shift_x_fraction"": 0.0061, ""shift_y_fraction"": 0.0125, ""zoom"": 1.0013}"
Foam-Mild,root,Foam-Mild/frame_0155.jpg,Foam-Mild/augmented/small_rotation/root/frame_0155__small_rotation.jpg,small_rotation,"{""angle_degrees"": -7.1509}"
Foam-Mild,root,Foam-Mild/frame_0155.jpg,Foam-Mild/augmented/horizontal_flip/root/frame_0155__horizontal_flip.jpg,horizontal_flip,{}
Foam-Mild,root,Foam-Mild/frame_0155.jpg,Foam-Mild/augmented/brightness/root/frame_0155__brightness.jpg,brightness,"{""factor"": 1.0944}"
Foam-Mild,root,Foam-Mild/frame_0155.jpg,Foam-Mild/augmented/contrast/root/frame_0155__contrast.jpg,contrast,"{""factor"": 1.1249}"
Foam-Mild,root,Foam-Mild/frame_0155.jpg,Foam-Mild/augmented/saturation/root/frame_0155__saturation.jpg,saturation,"{""factor"": 1.0731}"
Foam-Mild,root,Foam-Mild/frame_0155.jpg,Foam-Mild/augmented/zoom_translate/root/frame_0155__zoom_translate.jpg,zoom_translate,"{""shift_x_fraction"": 0.0307, ""shift_y_fraction"": -0.026, ""zoom"": 1.0306}"
Foam-Mild,root,Foam-Mild/frame_0156.jpg,Foam-Mild/augmented/small_rotation/root/frame_0156__small_rotation.jpg,small_rotation,"{""angle_degrees"": -7.7637}"
Foam-Mild,root,Foam-Mild/frame_0156.jpg,Foam-Mild/augmented/horizontal_flip/root/frame_0156__horizontal_flip.jpg,horizontal_flip,{}
Foam-Mild,root,Foam-Mild/frame_0156.jpg,Foam-Mild/augmented/brightness/root/frame_0156__brightness.jpg,brightness,"{""factor"": 1.1427}"
Foam-Mild,root,Foam-Mild/frame_0156.jpg,Foam-Mild/augmented/contrast/root/frame_0156__contrast.jpg,contrast,"{""factor"": 1.0741}"
Foam-Mild,root,Foam-Mild/frame_0156.jpg,Foam-Mild/augmented/saturation/root/frame_0156__saturation.jpg,saturation,"{""factor"": 1.0014}"
Foam-Mild,root,Foam-Mild/frame_0156.jpg,Foam-Mild/augmented/zoom_translate/root/frame_0156__zoom_translate.jpg,zoom_translate,"{""shift_x_fraction"": -0.0163, ""shift_y_fraction"": 0.01, ""zoom"": 1.0587}"
Foam-Mild,root,Foam-Mild/frame_0157.jpg,Foam-Mild/augmented/small_rotation/root/frame_0157__small_rotation.jpg,small_rotation,"{""angle_degrees"": -2.0552}"
Foam-Mild,root,Foam-Mild/frame_0157.jpg,Foam-Mild/augmented/horizontal_flip/root/frame_0157__horizontal_flip.jpg,horizontal_flip,{}
Foam-Mild,root,Foam-Mild/frame_0157.jpg,Foam-Mild/augmented/brightness/root/frame_0157__brightness.jpg,brightness,"{""factor"": 1.0204}"
Foam-Mild,root,Foam-Mild/frame_0157.jpg,Foam-Mild/augmented/contrast/root/frame_0157__contrast.jpg,contrast,"{""factor"": 1.0459}"
Foam-Mild,root,Foam-Mild/frame_0157.jpg,Foam-Mild/augmented/saturation/root/frame_0157__saturation.jpg,saturation,"{""factor"": 0.9931}"
Foam-Mild,root,Foam-Mild/frame_0157.jpg,Foam-Mild/augmented/zoom_translate/root/frame_0157__zoom_translate.jpg,zoom_translate,"{""shift_x_fraction"": 0.0192, ""shift_y_fraction"": 0.0106, ""zoom"": 1.0272}"
Foam-Mild,root,Foam-Mild/frame_0158.jpg,Foam-Mild/augmented/small_rotation/root/frame_0158__small_rotation.jpg,small_rotation,"{""angle_degrees"": 0.2315}"
Foam-Mild,root,Foam-Mild/frame_0158.jpg,Foam-Mild/augmented/horizontal_flip/root/frame_0158__horizontal_flip.jpg,horizontal_flip,{}
Foam-Mild,root,Foam-Mild/frame_0158.jpg,Foam-Mild/augmented/brightness/root/frame_0158__brightness.jpg,brightness,"{""factor"": 1.0823}"
Foam-Mild,root,Foam-Mild/frame_0158.jpg,Foam-Mild/augmented/contrast/root/frame_0158__contrast.jpg,contrast,"{""factor"": 0.8937}"
Foam-Mild,root,Foam-Mild/frame_0158.jpg,Foam-Mild/augmented/saturation/root/frame_0158__saturation.jpg,saturation,"{""factor"": 1.0955}"
Foam-Mild,root,Foam-Mild/frame_0158.jpg,Foam-Mild/augmented/zoom_translate/root/frame_0158__zoom_translate.jpg,zoom_translate,"{""shift_x_fraction"": -0.029, ""shift_y_fraction"": 0.0009, ""zoom"": 1.0205}"
Foam-Mild,root,Foam-Mild/frame_0159.jpg,Foam-Mild/augmented/small_rotation/root/frame_0159__small_rotation.jpg,small_rotation,"{""angle_degrees"": 1.363}"
Foam-Mild,root,Foam-Mild/frame_0159.jpg,Foam-Mild/augmented/horizontal_flip/root/frame_0159__horizontal_flip.jpg,horizontal_flip,{}
Foam-Mild,root,Foam-Mild/frame_0159.jpg,Foam-Mild/augmented/brightness/root/frame_0159__brightness.jpg,brightness,"{""factor"": 1.0797}"
Foam-Mild,root,Foam-Mild/frame_0159.jpg,Foam-Mild/augmented/contrast/root/frame_0159__contrast.jpg,contrast,"{""factor"": 0.9279}"
Foam-Mild,root,Foam-Mild/frame_0159.jpg,Foam-Mild/augmented/saturation/root/frame_0159__saturation.jpg,saturation,"{""factor"": 1.0262}"
Foam-Mild,root,Foam-Mild/frame_0159.jpg,Foam-Mild/augmented/zoom_translate/root/frame_0159__zoom_translate.jpg,zoom_translate,"{""shift_x_fraction"": -0.0277, ""shift_y_fraction"": 0.0047, ""zoom"": 1.0644}"
Foam-Mild,root,Foam-Mild/frame_0160.jpg,Foam-Mild/augmented/small_rotation/root/frame_0160__small_rotation.jpg,small_rotation,"{""angle_degrees"": -5.4091}"
Foam-Mild,root,Foam-Mild/frame_0160.jpg,Foam-Mild/augmented/horizontal_flip/root/frame_0160__horizontal_flip.jpg,horizontal_flip,{}
Foam-Mild,root,Foam-Mild/frame_0160.jpg,Foam-Mild/augmented/brightness/root/frame_0160__brightness.jpg,brightness,"{""factor"": 0.887}"
Foam-Mild,root,Foam-Mild/frame_0160.jpg,Foam-Mild/augmented/contrast/root/frame_0160__contrast.jpg,contrast,"{""factor"": 1.1049}"
Foam-Mild,root,Foam-Mild/frame_0160.jpg,Foam-Mild/augmented/saturation/root/frame_0160__saturation.jpg,saturation,"{""factor"": 1.0105}"
Foam-Mild,root,Foam-Mild/frame_0160.jpg,Foam-Mild/augmented/zoom_translate/root/frame_0160__zoom_translate.jpg,zoom_translate,"{""shift_x_fraction"": -0.0082, ""shift_y_fraction"": -0.0092, ""zoom"": 1.0697}"
Foam-Mild,root,Foam-Mild/frame_0161.jpg,Foam-Mild/augmented/small_rotation/root/frame_0161__small_rotation.jpg,small_rotation,"{""angle_degrees"": -3.9099}"
Foam-Mild,root,Foam-Mild/frame_0161.jpg,Foam-Mild/augmented/horizontal_flip/root/frame_0161__horizontal_flip.jpg,horizontal_flip,{}
Foam-Mild,root,Foam-Mild/frame_0161.jpg,Foam-Mild/augmented/brightness/root/frame_0161__brightness.jpg,brightness,"{""factor"": 1.0179}"
Foam-Mild,root,Foam-Mild/frame_0161.jpg,Foam-Mild/augmented/contrast/root/frame_0161__contrast.jpg,contrast,"{""factor"": 1.0413}"
Foam-Mild,root,Foam-Mild/frame_0161.jpg,Foam-Mild/augmented/saturation/root/frame_0161__saturation.jpg,saturation,"{""factor"": 1.0697}"
Foam-Mild,root,Foam-Mild/frame_0161.jpg,Foam-Mild/augmented/zoom_translate/root/frame_0161__zoom_translate.jpg,zoom_translate,"{""shift_x_fraction"": 0.0226, ""shift_y_fraction"": 0.0277, ""zoom"": 1.0771}"
Foam-Mild,root,Foam-Mild/frame_0162.jpg,Foam-Mild/augmented/small_rotation/root/frame_0162__small_rotation.jpg,small_rotation,"{""angle_degrees"": -5.8211}"
Foam-Mild,root,Foam-Mild/frame_0162.jpg,Foam-Mild/augmented/horizontal_flip/root/frame_0162__horizontal_flip.jpg,horizontal_flip,{}
Foam-Mild,root,Foam-Mild/frame_0162.jpg,Foam-Mild/augmented/brightness/root/frame_0162__brightness.jpg,brightness,"{""factor"": 0.9385}"
Foam-Mild,root,Foam-Mild/frame_0162.jpg,Foam-Mild/augmented/contrast/root/frame_0162__contrast.jpg,contrast,"{""factor"": 0.9731}"
Foam-Mild,root,Foam-Mild/frame_0162.jpg,Foam-Mild/augmented/saturation/root/frame_0162__saturation.jpg,saturation,"{""factor"": 0.9042}"
Foam-Mild,root,Foam-Mild/frame_0162.jpg,Foam-Mild/augmented/zoom_translate/root/frame_0162__zoom_translate.jpg,zoom_translate,"{""shift_x_fraction"": -0.0124, ""shift_y_fraction"": 0.0265, ""zoom"": 1.0354}"
Post-Antifoam Addition,root,Post-Antifoam Addition/IMG_5527.png,Post-Antifoam Addition/augmented/small_rotation/root/IMG_5527__small_rotation.jpg,small_rotation,"{""angle_degrees"": -7.3351}"
Post-Antifoam Addition,root,Post-Antifoam Addition/IMG_5527.png,Post-Antifoam Addition/augmented/horizontal_flip/root/IMG_5527__horizontal_flip.jpg,horizontal_flip,{}
Post-Antifoam Addition,root,Post-Antifoam Addition/IMG_5527.png,Post-Antifoam Addition/augmented/brightness/root/IMG_5527__brightness.jpg,brightness,"{""factor"": 0.8863}"
Post-Antifoam Addition,root,Post-Antifoam Addition/IMG_5527.png,Post-Antifoam Addition/augmented/contrast/root/IMG_5527__contrast.jpg,contrast,"{""factor"": 0.9713}"
Post-Antifoam Addition,root,Post-Antifoam Addition/IMG_5527.png,Post-Antifoam Addition/augmented/saturation/root/IMG_5527__saturation.jpg,saturation,"{""factor"": 0.9627}"
Post-Antifoam Addition,root,Post-Antifoam Addition/IMG_5527.png,Post-Antifoam Addition/augmented/zoom_translate/root/IMG_5527__zoom_translate.jpg,zoom_translate,"{""shift_x_fraction"": 0.0315, ""shift_y_fraction"": 0.0266, ""zoom"": 1.071}"
Post-Antifoam Addition,root,Post-Antifoam Addition/IMG_5528.png,Post-Antifoam Addition/augmented/small_rotation/root/IMG_5528__small_rotation.jpg,small_rotation,"{""angle_degrees"": -0.2493}"
Post-Antifoam Addition,root,Post-Antifoam Addition/IMG_5528.png,Post-Antifoam Addition/augmented/horizontal_flip/root/IMG_5528__horizontal_flip.jpg,horizontal_flip,{}
Post-Antifoam Addition,root,Post-Antifoam Addition/IMG_5528.png,Post-Antifoam Addition/augmented/brightness/root/IMG_5528__brightness.jpg,brightness,"{""factor"": 1.1375}"
Post-Antifoam Addition,root,Post-Antifoam Addition/IMG_5528.png,Post-Antifoam Addition/augmented/contrast/root/IMG_5528__contrast.jpg,contrast,"{""factor"": 1.0753}"
Post-Antifoam Addition,root,Post-Antifoam Addition/IMG_5528.png,Post-Antifoam Addition/augmented/saturation/root/IMG_5528__saturation.jpg,saturation,"{""factor"": 1.0173}"
Post-Antifoam Addition,root,Post-Antifoam Addition/IMG_5528.png,Post-Antifoam Addition/augmented/zoom_translate/root/IMG_5528__zoom_translate.jpg,zoom_translate,"{""shift_x_fraction"": -0.0267, ""shift_y_fraction"": 0.0065, ""zoom"": 1.0239}"
Post-Antifoam Addition,root,Post-Antifoam Addition/IMG_5529.png,Post-Antifoam Addition/augmented/small_rotation/root/IMG_5529__small_rotation.jpg,small_rotation,"{""angle_degrees"": -1.4608}"
Post-Antifoam Addition,root,Post-Antifoam Addition/IMG_5529.png,Post-Antifoam Addition/augmented/horizontal_flip/root/IMG_5529__horizontal_flip.jpg,horizontal_flip,{}
Post-Antifoam Addition,root,Post-Antifoam Addition/IMG_5529.png,Post-Antifoam Addition/augmented/brightness/root/IMG_5529__brightness.jpg,brightness,"{""factor"": 1.1331}"
Post-Antifoam Addition,root,Post-Antifoam Addition/IMG_5529.png,Post-Antifoam Addition/augmented/contrast/root/IMG_5529__contrast.jpg,contrast,"{""factor"": 1.0442}"
Post-Antifoam Addition,root,Post-Antifoam Addition/IMG_5529.png,Post-Antifoam Addition/augmented/saturation/root/IMG_5529__saturation.jpg,saturation,"{""factor"": 0.9176}"
Post-Antifoam Addition,root,Post-Antifoam Addition/IMG_5529.png,Post-Antifoam Addition/augmented/zoom_translate/root/IMG_5529__zoom_translate.jpg,zoom_translate,"{""shift_x_fraction"": -0.0332, ""shift_y_fraction"": 0.0038, ""zoom"": 1.0195}"
Post-Antifoam Addition,root,Post-Antifoam Addition/IMG_5530.png,Post-Antifoam Addition/augmented/small_rotation/root/IMG_5530__small_rotation.jpg,small_rotation,"{""angle_degrees"": 2.8476}"
Post-Antifoam Addition,root,Post-Antifoam Addition/IMG_5530.png,Post-Antifoam Addition/augmented/horizontal_flip/root/IMG_5530__horizontal_flip.jpg,horizontal_flip,{}
Post-Antifoam Addition,root,Post-Antifoam Addition/IMG_5530.png,Post-Antifoam Addition/augmented/brightness/root/IMG_5530__brightness.jpg,brightness,"{""factor"": 1.0988}"
Post-Antifoam Addition,root,Post-Antifoam Addition/IMG_5530.png,Post-Antifoam Addition/augmented/contrast/root/IMG_5530__contrast.jpg,contrast,"{""factor"": 0.9275}"
Post-Antifoam Addition,root,Post-Antifoam Addition/IMG_5530.png,Post-Antifoam Addition/augmented/saturation/root/IMG_5530__saturation.jpg,saturation,"{""factor"": 0.9899}"
Post-Antifoam Addition,root,Post-Antifoam Addition/IMG_5530.png,Post-Antifoam Addition/augmented/zoom_translate/root/IMG_5530__zoom_translate.jpg,zoom_translate,"{""shift_x_fraction"": 0.0008, ""shift_y_fraction"": -0.0059, ""zoom"": 1.0629}"
Post-Antifoam Addition,root,Post-Antifoam Addition/IMG_5531.png,Post-Antifoam Addition/augmented/small_rotation/root/IMG_5531__small_rotation.jpg,small_rotation,"{""angle_degrees"": -3.7264}"
Post-Antifoam Addition,root,Post-Antifoam Addition/IMG_5531.png,Post-Antifoam Addition/augmented/horizontal_flip/root/IMG_5531__horizontal_flip.jpg,horizontal_flip,{}
Post-Antifoam Addition,root,Post-Antifoam Addition/IMG_5531.png,Post-Antifoam Addition/augmented/brightness/root/IMG_5531__brightness.jpg,brightness,"{""factor"": 0.9397}"
Post-Antifoam Addition,root,Post-Antifoam Addition/IMG_5531.png,Post-Antifoam Addition/augmented/contrast/root/IMG_5531__contrast.jpg,contrast,"{""factor"": 1.0777}"
Post-Antifoam Addition,root,Post-Antifoam Addition/IMG_5531.png,Post-Antifoam Addition/augmented/saturation/root/IMG_5531__saturation.jpg,saturation,"{""factor"": 0.9339}"
Post-Antifoam Addition,root,Post-Antifoam Addition/IMG_5531.png,Post-Antifoam Addition/augmented/zoom_translate/root/IMG_5531__zoom_translate.jpg,zoom_translate,"{""shift_x_fraction"": -0.0302, ""shift_y_fraction"": -0.03, ""zoom"": 1.0441}"
Post-Antifoam Addition,root,Post-Antifoam Addition/WIN_20260707_13_43_24_Pro.jpg,Post-Antifoam Addition/augmented/small_rotation/root/WIN_20260707_13_43_24_Pro__small_rotation.jpg,small_rotation,"{""angle_degrees"": -3.1475}"
Post-Antifoam Addition,root,Post-Antifoam Addition/WIN_20260707_13_43_24_Pro.jpg,Post-Antifoam Addition/augmented/horizontal_flip/root/WIN_20260707_13_43_24_Pro__horizontal_flip.jpg,horizontal_flip,{}
Post-Antifoam Addition,root,Post-Antifoam Addition/WIN_20260707_13_43_24_Pro.jpg,Post-Antifoam Addition/augmented/brightness/root/WIN_20260707_13_43_24_Pro__brightness.jpg,brightness,"{""factor"": 0.8658}"
Post-Antifoam Addition,root,Post-Antifoam Addition/WIN_20260707_13_43_24_Pro.jpg,Post-Antifoam Addition/augmented/contrast/root/WIN_20260707_13_43_24_Pro__contrast.jpg,contrast,"{""factor"": 1.1292}"
Post-Antifoam Addition,root,Post-Antifoam Addition/WIN_20260707_13_43_24_Pro.jpg,Post-Antifoam Addition/augmented/saturation/root/WIN_20260707_13_43_24_Pro__saturation.jpg,saturation,"{""factor"": 1.0162}"
Post-Antifoam Addition,root,Post-Antifoam Addition/WIN_20260707_13_43_24_Pro.jpg,Post-Antifoam Addition/augmented/zoom_translate/root/WIN_20260707_13_43_24_Pro__zoom_translate.jpg,zoom_translate,"{""shift_x_fraction"": -0.0025, ""shift_y_fraction"": 0.028, ""zoom"": 1.0347}"
Post-Antifoam Addition,root,Post-Antifoam Addition/WIN_20260707_13_43_26_Pro.jpg,Post-Antifoam Addition/augmented/small_rotation/root/WIN_20260707_13_43_26_Pro__small_rotation.jpg,small_rotation,"{""angle_degrees"": -3.4584}"
Post-Antifoam Addition,root,Post-Antifoam Addition/WIN_20260707_13_43_26_Pro.jpg,Post-Antifoam Addition/augmented/horizontal_flip/root/WIN_20260707_13_43_26_Pro__horizontal_flip.jpg,horizontal_flip,{}
Post-Antifoam Addition,root,Post-Antifoam Addition/WIN_20260707_13_43_26_Pro.jpg,Post-Antifoam Addition/augmented/brightness/root/WIN_20260707_13_43_26_Pro__brightness.jpg,brightness,"{""factor"": 0.9389}"
Post-Antifoam Addition,root,Post-Antifoam Addition/WIN_20260707_13_43_26_Pro.jpg,Post-Antifoam Addition/augmented/contrast/root/WIN_20260707_13_43_26_Pro__contrast.jpg,contrast,"{""factor"": 1.1243}"
Post-Antifoam Addition,root,Post-Antifoam Addition/WIN_20260707_13_43_26_Pro.jpg,Post-Antifoam Addition/augmented/saturation/root/WIN_20260707_13_43_26_Pro__saturation.jpg,saturation,"{""factor"": 0.963}"
Post-Antifoam Addition,root,Post-Antifoam Addition/WIN_20260707_13_43_26_Pro.jpg,Post-Antifoam Addition/augmented/zoom_translate/root/WIN_20260707_13_43_26_Pro__zoom_translate.jpg,zoom_translate,"{""shift_x_fraction"": -0.0225, ""shift_y_fraction"": 0.0285, ""zoom"": 1.0584}"
Post-Antifoam Addition,root,Post-Antifoam Addition/WIN_20260707_13_43_28_Pro.jpg,Post-Antifoam Addition/augmented/small_rotation/root/WIN_20260707_13_43_28_Pro__small_rotation.jpg,small_rotation,"{""angle_degrees"": 0.5634}"
Post-Antifoam Addition,root,Post-Antifoam Addition/WIN_20260707_13_43_28_Pro.jpg,Post-Antifoam Addition/augmented/horizontal_flip/root/WIN_20260707_13_43_28_Pro__horizontal_flip.jpg,horizontal_flip,{}
Post-Antifoam Addition,root,Post-Antifoam Addition/WIN_20260707_13_43_28_Pro.jpg,Post-Antifoam Addition/augmented/brightness/root/WIN_20260707_13_43_28_Pro__brightness.jpg,brightness,"{""factor"": 0.9581}"
Post-Antifoam Addition,root,Post-Antifoam Addition/WIN_20260707_13_43_28_Pro.jpg,Post-Antifoam Addition/augmented/contrast/root/WIN_20260707_13_43_28_Pro__contrast.jpg,contrast,"{""factor"": 1.0798}"
Post-Antifoam Addition,root,Post-Antifoam Addition/WIN_20260707_13_43_28_Pro.jpg,Post-Antifoam Addition/augmented/saturation/root/WIN_20260707_13_43_28_Pro__saturation.jpg,saturation,"{""factor"": 1.0611}"
Post-Antifoam Addition,root,Post-Antifoam Addition/WIN_20260707_13_43_28_Pro.jpg,Post-Antifoam Addition/augmented/zoom_translate/root/WIN_20260707_13_43_28_Pro__zoom_translate.jpg,zoom_translate,"{""shift_x_fraction"": 0.0301, ""shift_y_fraction"": 0.0343, ""zoom"": 1.0417}"
Post-Antifoam Addition,root,Post-Antifoam Addition/WIN_20260707_13_43_29_Pro.jpg,Post-Antifoam Addition/augmented/small_rotation/root/WIN_20260707_13_43_29_Pro__small_rotation.jpg,small_rotation,"{""angle_degrees"": -3.0245}"
Post-Antifoam Addition,root,Post-Antifoam Addition/WIN_20260707_13_43_29_Pro.jpg,Post-Antifoam Addition/augmented/horizontal_flip/root/WIN_20260707_13_43_29_Pro__horizontal_flip.jpg,horizontal_flip,{}
Post-Antifoam Addition,root,Post-Antifoam Addition/WIN_20260707_13_43_29_Pro.jpg,Post-Antifoam Addition/augmented/brightness/root/WIN_20260707_13_43_29_Pro__brightness.jpg,brightness,"{""factor"": 1.0037}"
Post-Antifoam Addition,root,Post-Antifoam Addition/WIN_20260707_13_43_29_Pro.jpg,Post-Antifoam Addition/augmented/contrast/root/WIN_20260707_13_43_29_Pro__contrast.jpg,contrast,"{""factor"": 0.9003}"
Post-Antifoam Addition,root,Post-Antifoam Addition/WIN_20260707_13_43_29_Pro.jpg,Post-Antifoam Addition/augmented/saturation/root/WIN_20260707_13_43_29_Pro__saturation.jpg,saturation,"{""factor"": 0.9845}"
Post-Antifoam Addition,root,Post-Antifoam Addition/WIN_20260707_13_43_29_Pro.jpg,Post-Antifoam Addition/augmented/zoom_translate/root/WIN_20260707_13_43_29_Pro__zoom_translate.jpg,zoom_translate,"{""shift_x_fraction"": 0.0104, ""shift_y_fraction"": -0.0302, ""zoom"": 1.029}"
Post-Antifoam Addition,root,Post-Antifoam Addition/WIN_20260707_13_43_31_Pro.jpg,Post-Antifoam Addition/augmented/small_rotation/root/WIN_20260707_13_43_31_Pro__small_rotation.jpg,small_rotation,"{""angle_degrees"": 3.4783}"
Post-Antifoam Addition,root,Post-Antifoam Addition/WIN_20260707_13_43_31_Pro.jpg,Post-Antifoam Addition/augmented/horizontal_flip/root/WIN_20260707_13_43_31_Pro__horizontal_flip.jpg,horizontal_flip,{}
Post-Antifoam Addition,root,Post-Antifoam Addition/WIN_20260707_13_43_31_Pro.jpg,Post-Antifoam Addition/augmented/brightness/root/WIN_20260707_13_43_31_Pro__brightness.jpg,brightness,"{""factor"": 0.8861}"
Post-Antifoam Addition,root,Post-Antifoam Addition/WIN_20260707_13_43_31_Pro.jpg,Post-Antifoam Addition/augmented/contrast/root/WIN_20260707_13_43_31_Pro__contrast.jpg,contrast,"{""factor"": 0.9809}"
Post-Antifoam Addition,root,Post-Antifoam Addition/WIN_20260707_13_43_31_Pro.jpg,Post-Antifoam Addition/augmented/saturation/root/WIN_20260707_13_43_31_Pro__saturation.jpg,saturation,"{""factor"": 1.003}"
Post-Antifoam Addition,root,Post-Antifoam Addition/WIN_20260707_13_43_31_Pro.jpg,Post-Antifoam Addition/augmented/zoom_translate/root/WIN_20260707_13_43_31_Pro__zoom_translate.jpg,zoom_translate,"{""shift_x_fraction"": 0.0066, ""shift_y_fraction"": 0.0306, ""zoom"": 1.0232}"
Post-Antifoam Addition,root,Post-Antifoam Addition/WIN_20260707_13_43_32_Pro.jpg,Post-Antifoam Addition/augmented/small_rotation/root/WIN_20260707_13_43_32_Pro__small_rotation.jpg,small_rotation,"{""angle_degrees"": 2.5722}"
Post-Antifoam Addition,root,Post-Antifoam Addition/WIN_20260707_13_43_32_Pro.jpg,Post-Antifoam Addition/augmented/horizontal_flip/root/WIN_20260707_13_43_32_Pro__horizontal_flip.jpg,horizontal_flip,{}
Post-Antifoam Addition,root,Post-Antifoam Addition/WIN_20260707_13_43_32_Pro.jpg,Post-Antifoam Addition/augmented/brightness/root/WIN_20260707_13_43_32_Pro__brightness.jpg,brightness,"{""factor"": 0.9498}"
Post-Antifoam Addition,root,Post-Antifoam Addition/WIN_20260707_13_43_32_Pro.jpg,Post-Antifoam Addition/augmented/contrast/root/WIN_20260707_13_43_32_Pro__contrast.jpg,contrast,"{""factor"": 0.8569}"
Post-Antifoam Addition,root,Post-Antifoam Addition/WIN_20260707_13_43_32_Pro.jpg,Post-Antifoam Addition/augmented/saturation/root/WIN_20260707_13_43_32_Pro__saturation.jpg,saturation,"{""factor"": 0.941}"
Post-Antifoam Addition,root,Post-Antifoam Addition/WIN_20260707_13_43_32_Pro.jpg,Post-Antifoam Addition/augmented/zoom_translate/root/WIN_20260707_13_43_32_Pro__zoom_translate.jpg,zoom_translate,"{""shift_x_fraction"": -0.0021, ""shift_y_fraction"": 0.0039, ""zoom"": 1.0668}"
Post-Antifoam Addition,root,Post-Antifoam Addition/WIN_20260707_13_43_34_Pro.jpg,Post-Antifoam Addition/augmented/small_rotation/root/WIN_20260707_13_43_34_Pro__small_rotation.jpg,small_rotation,"{""angle_degrees"": -4.9872}"
Post-Antifoam Addition,root,Post-Antifoam Addition/WIN_20260707_13_43_34_Pro.jpg,Post-Antifoam Addition/augmented/horizontal_flip/root/WIN_20260707_13_43_34_Pro__horizontal_flip.jpg,horizontal_flip,{}
Post-Antifoam Addition,root,Post-Antifoam Addition/WIN_20260707_13_43_34_Pro.jpg,Post-Antifoam Addition/augmented/brightness/root/WIN_20260707_13_43_34_Pro__brightness.jpg,brightness,"{""factor"": 0.8976}"
Post-Antifoam Addition,root,Post-Antifoam Addition/WIN_20260707_13_43_34_Pro.jpg,Post-Antifoam Addition/augmented/contrast/root/WIN_20260707_13_43_34_Pro__contrast.jpg,contrast,"{""factor"": 0.9186}"
Post-Antifoam Addition,root,Post-Antifoam Addition/WIN_20260707_13_43_34_Pro.jpg,Post-Antifoam Addition/augmented/saturation/root/WIN_20260707_13_43_34_Pro__saturation.jpg,saturation,"{""factor"": 1.0933}"
Post-Antifoam Addition,root,Post-Antifoam Addition/WIN_20260707_13_43_34_Pro.jpg,Post-Antifoam Addition/augmented/zoom_translate/root/WIN_20260707_13_43_34_Pro__zoom_translate.jpg,zoom_translate,"{""shift_x_fraction"": 0.0054, ""shift_y_fraction"": 0.0226, ""zoom"": 1.0391}"
Post-Antifoam Addition,root,Post-Antifoam Addition/WIN_20260707_13_43_38_Pro.jpg,Post-Antifoam Addition/augmented/small_rotation/root/WIN_20260707_13_43_38_Pro__small_rotation.jpg,small_rotation,"{""angle_degrees"": 1.3586}"
Post-Antifoam Addition,root,Post-Antifoam Addition/WIN_20260707_13_43_38_Pro.jpg,Post-Antifoam Addition/augmented/horizontal_flip/root/WIN_20260707_13_43_38_Pro__horizontal_flip.jpg,horizontal_flip,{}
Post-Antifoam Addition,root,Post-Antifoam Addition/WIN_20260707_13_43_38_Pro.jpg,Post-Antifoam Addition/augmented/brightness/root/WIN_20260707_13_43_38_Pro__brightness.jpg,brightness,"{""factor"": 0.8532}"
Post-Antifoam Addition,root,Post-Antifoam Addition/WIN_20260707_13_43_38_Pro.jpg,Post-Antifoam Addition/augmented/contrast/root/WIN_20260707_13_43_38_Pro__contrast.jpg,contrast,"{""factor"": 0.9396}"
Post-Antifoam Addition,root,Post-Antifoam Addition/WIN_20260707_13_43_38_Pro.jpg,Post-Antifoam Addition/augmented/saturation/root/WIN_20260707_13_43_38_Pro__saturation.jpg,saturation,"{""factor"": 0.9435}"
Post-Antifoam Addition,root,Post-Antifoam Addition/WIN_20260707_13_43_38_Pro.jpg,Post-Antifoam Addition/augmented/zoom_translate/root/WIN_20260707_13_43_38_Pro__zoom_translate.jpg,zoom_translate,"{""shift_x_fraction"": -0.0052, ""shift_y_fraction"": -0.0264, ""zoom"": 1.0593}"
Post-Antifoam Addition,root,Post-Antifoam Addition/WIN_20260707_13_43_40_Pro.jpg,Post-Antifoam Addition/augmented/small_rotation/root/WIN_20260707_13_43_40_Pro__small_rotation.jpg,small_rotation,"{""angle_degrees"": 4.1611}"
Post-Antifoam Addition,root,Post-Antifoam Addition/WIN_20260707_13_43_40_Pro.jpg,Post-Antifoam Addition/augmented/horizontal_flip/root/WIN_20260707_13_43_40_Pro__horizontal_flip.jpg,horizontal_flip,{}
Post-Antifoam Addition,root,Post-Antifoam Addition/WIN_20260707_13_43_40_Pro.jpg,Post-Antifoam Addition/augmented/brightness/root/WIN_20260707_13_43_40_Pro__brightness.jpg,brightness,"{""factor"": 0.9553}"
Post-Antifoam Addition,root,Post-Antifoam Addition/WIN_20260707_13_43_40_Pro.jpg,Post-Antifoam Addition/augmented/contrast/root/WIN_20260707_13_43_40_Pro__contrast.jpg,contrast,"{""factor"": 1.1488}"
Post-Antifoam Addition,root,Post-Antifoam Addition/WIN_20260707_13_43_40_Pro.jpg,Post-Antifoam Addition/augmented/saturation/root/WIN_20260707_13_43_40_Pro__saturation.jpg,saturation,"{""factor"": 0.9344}"
Post-Antifoam Addition,root,Post-Antifoam Addition/WIN_20260707_13_43_40_Pro.jpg,Post-Antifoam Addition/augmented/zoom_translate/root/WIN_20260707_13_43_40_Pro__zoom_translate.jpg,zoom_translate,"{""shift_x_fraction"": -0.0199, ""shift_y_fraction"": -0.0038, ""zoom"": 1.013}"
Post-Antifoam Addition,root,Post-Antifoam Addition/frame_0000.jpg,Post-Antifoam Addition/augmented/small_rotation/root/frame_0000__small_rotation.jpg,small_rotation,"{""angle_degrees"": 1.0784}"
Post-Antifoam Addition,root,Post-Antifoam Addition/frame_0000.jpg,Post-Antifoam Addition/augmented/horizontal_flip/root/frame_0000__horizontal_flip.jpg,horizontal_flip,{}
Post-Antifoam Addition,root,Post-Antifoam Addition/frame_0000.jpg,Post-Antifoam Addition/augmented/brightness/root/frame_0000__brightness.jpg,brightness,"{""factor"": 1.0885}"
Post-Antifoam Addition,root,Post-Antifoam Addition/frame_0000.jpg,Post-Antifoam Addition/augmented/contrast/root/frame_0000__contrast.jpg,contrast,"{""factor"": 0.9425}"
Post-Antifoam Addition,root,Post-Antifoam Addition/frame_0000.jpg,Post-Antifoam Addition/augmented/saturation/root/frame_0000__saturation.jpg,saturation,"{""factor"": 0.9707}"
Post-Antifoam Addition,root,Post-Antifoam Addition/frame_0000.jpg,Post-Antifoam Addition/augmented/zoom_translate/root/frame_0000__zoom_translate.jpg,zoom_translate,"{""shift_x_fraction"": 0.0098, ""shift_y_fraction"": 0.0267, ""zoom"": 1.0213}"
Post-Antifoam Addition,root,Post-Antifoam Addition/frame_0001.jpg,Post-Antifoam Addition/augmented/small_rotation/root/frame_0001__small_rotation.jpg,small_rotation,"{""angle_degrees"": 3.3753}"
Post-Antifoam Addition,root,Post-Antifoam Addition/frame_0001.jpg,Post-Antifoam Addition/augmented/horizontal_flip/root/frame_0001__horizontal_flip.jpg,horizontal_flip,{}
Post-Antifoam Addition,root,Post-Antifoam Addition/frame_0001.jpg,Post-Antifoam Addition/augmented/brightness/root/frame_0001__brightness.jpg,brightness,"{""factor"": 1.0668}"
Post-Antifoam Addition,root,Post-Antifoam Addition/frame_0001.jpg,Post-Antifoam Addition/augmented/contrast/root/frame_0001__contrast.jpg,contrast,"{""factor"": 0.9295}"
Post-Antifoam Addition,root,Post-Antifoam Addition/frame_0001.jpg,Post-Antifoam Addition/augmented/saturation/root/frame_0001__saturation.jpg,saturation,"{""factor"": 1.0263}"
Post-Antifoam Addition,root,Post-Antifoam Addition/frame_0001.jpg,Post-Antifoam Addition/augmented/zoom_translate/root/frame_0001__zoom_translate.jpg,zoom_translate,"{""shift_x_fraction"": -0.0198, ""shift_y_fraction"": 0.0294, ""zoom"": 1.0625}"
Post-Antifoam Addition,root,Post-Antifoam Addition/frame_0002.jpg,Post-Antifoam Addition/augmented/small_rotation/root/frame_0002__small_rotation.jpg,small_rotation,"{""angle_degrees"": 2.2248}"
Post-Antifoam Addition,root,Post-Antifoam Addition/frame_0002.jpg,Post-Antifoam Addition/augmented/horizontal_flip/root/frame_0002__horizontal_flip.jpg,horizontal_flip,{}
Post-Antifoam Addition,root,Post-Antifoam Addition/frame_0002.jpg,Post-Antifoam Addition/augmented/brightness/root/frame_0002__brightness.jpg,brightness,"{""factor"": 1.0947}"
Post-Antifoam Addition,root,Post-Antifoam Addition/frame_0002.jpg,Post-Antifoam Addition/augmented/contrast/root/frame_0002__contrast.jpg,contrast,"{""factor"": 0.9287}"
Post-Antifoam Addition,root,Post-Antifoam Addition/frame_0002.jpg,Post-Antifoam Addition/augmented/saturation/root/frame_0002__saturation.jpg,saturation,"{""factor"": 0.9152}"
Post-Antifoam Addition,root,Post-Antifoam Addition/frame_0002.jpg,Post-Antifoam Addition/augmented/zoom_translate/root/frame_0002__zoom_translate.jpg,zoom_translate,"{""shift_x_fraction"": -0.0324, ""shift_y_fraction"": 0.0046, ""zoom"": 1.0681}"
Post-Antifoam Addition,root,Post-Antifoam Addition/frame_0003.jpg,Post-Antifoam Addition/augmented/small_rotation/root/frame_0003__small_rotation.jpg,small_rotation,"{""angle_degrees"": -2.1127}"
Post-Antifoam Addition,root,Post-Antifoam Addition/frame_0003.jpg,Post-Antifoam Addition/augmented/horizontal_flip/root/frame_0003__horizontal_flip.jpg,horizontal_flip,{}
Post-Antifoam Addition,root,Post-Antifoam Addition/frame_0003.jpg,Post-Antifoam Addition/augmented/brightness/root/frame_0003__brightness.jpg,brightness,"{""factor"": 1.0559}"
Post-Antifoam Addition,root,Post-Antifoam Addition/frame_0003.jpg,Post-Antifoam Addition/augmented/contrast/root/frame_0003__contrast.jpg,contrast,"{""factor"": 1.0802}"
Post-Antifoam Addition,root,Post-Antifoam Addition/frame_0003.jpg,Post-Antifoam Addition/augmented/saturation/root/frame_0003__saturation.jpg,saturation,"{""factor"": 1.0214}"
Post-Antifoam Addition,root,Post-Antifoam Addition/frame_0003.jpg,Post-Antifoam Addition/augmented/zoom_translate/root/frame_0003__zoom_translate.jpg,zoom_translate,"{""shift_x_fraction"": -0.0088, ""shift_y_fraction"": -0.0181, ""zoom"": 1.0003}"
Post-Antifoam Addition,root,Post-Antifoam Addition/frame_0004.jpg,Post-Antifoam Addition/augmented/small_rotation/root/frame_0004__small_rotation.jpg,small_rotation,"{""angle_degrees"": -3.4659}"
Post-Antifoam Addition,root,Post-Antifoam Addition/frame_0004.jpg,Post-Antifoam Addition/augmented/horizontal_flip/root/frame_0004__horizontal_flip.jpg,horizontal_flip,{}
Post-Antifoam Addition,root,Post-Antifoam Addition/frame_0004.jpg,Post-Antifoam Addition/augmented/brightness/root/frame_0004__brightness.jpg,brightness,"{""factor"": 0.9939}"
Post-Antifoam Addition,root,Post-Antifoam Addition/frame_0004.jpg,Post-Antifoam Addition/augmented/contrast/root/frame_0004__contrast.jpg,contrast,"{""factor"": 0.98}"
Post-Antifoam Addition,root,Post-Antifoam Addition/frame_0004.jpg,Post-Antifoam Addition/augmented/saturation/root/frame_0004__saturation.jpg,saturation,"{""factor"": 1.0698}"
Post-Antifoam Addition,root,Post-Antifoam Addition/frame_0004.jpg,Post-Antifoam Addition/augmented/zoom_translate/root/frame_0004__zoom_translate.jpg,zoom_translate,"{""shift_x_fraction"": -0.0012, ""shift_y_fraction"": -0.0093, ""zoom"": 1.0573}"
Post-Antifoam Addition,root,Post-Antifoam Addition/frame_0005.jpg,Post-Antifoam Addition/augmented/small_rotation/root/frame_0005__small_rotation.jpg,small_rotation,"{""angle_degrees"": -4.2751}"
Post-Antifoam Addition,root,Post-Antifoam Addition/frame_0005.jpg,Post-Antifoam Addition/augmented/horizontal_flip/root/frame_0005__horizontal_flip.jpg,horizontal_flip,{}
Post-Antifoam Addition,root,Post-Antifoam Addition/frame_0005.jpg,Post-Antifoam Addition/augmented/brightness/root/frame_0005__brightness.jpg,brightness,"{""factor"": 0.9958}"
Post-Antifoam Addition,root,Post-Antifoam Addition/frame_0005.jpg,Post-Antifoam Addition/augmented/contrast/root/frame_0005__contrast.jpg,contrast,"{""factor"": 1.1223}"
Post-Antifoam Addition,root,Post-Antifoam Addition/frame_0005.jpg,Post-Antifoam Addition/augmented/saturation/root/frame_0005__saturation.jpg,saturation,"{""factor"": 1.0433}"
Post-Antifoam Addition,root,Post-Antifoam Addition/frame_0005.jpg,Post-Antifoam Addition/augmented/zoom_translate/root/frame_0005__zoom_translate.jpg,zoom_translate,"{""shift_x_fraction"": 0.0156, ""shift_y_fraction"": 0.0314, ""zoom"": 1.0296}"
Post-Antifoam Addition,root,Post-Antifoam Addition/frame_0006.jpg,Post-Antifoam Addition/augmented/small_rotation/root/frame_0006__small_rotation.jpg,small_rotation,"{""angle_degrees"": 0.35}"
Post-Antifoam Addition,root,Post-Antifoam Addition/frame_0006.jpg,Post-Antifoam Addition/augmented/horizontal_flip/root/frame_0006__horizontal_flip.jpg,horizontal_flip,{}
Post-Antifoam Addition,root,Post-Antifoam Addition/frame_0006.jpg,Post-Antifoam Addition/augmented/brightness/root/frame_0006__brightness.jpg,brightness,"{""factor"": 0.99}"
Post-Antifoam Addition,root,Post-Antifoam Addition/frame_0006.jpg,Post-Antifoam Addition/augmented/contrast/root/frame_0006__contrast.jpg,contrast,"{""factor"": 1.0414}"
Post-Antifoam Addition,root,Post-Antifoam Addition/frame_0006.jpg,Post-Antifoam Addition/augmented/saturation/root/frame_0006__saturation.jpg,saturation,"{""factor"": 0.9842}"
Post-Antifoam Addition,root,Post-Antifoam Addition/frame_0006.jpg,Post-Antifoam Addition/augmented/zoom_translate/root/frame_0006__zoom_translate.jpg,zoom_translate,"{""shift_x_fraction"": 0.0216, ""shift_y_fraction"": 0.0183, ""zoom"": 1.0185}"
Post-Antifoam Addition,root,Post-Antifoam Addition/frame_0007.jpg,Post-Antifoam Addition/augmented/small_rotation/root/frame_0007__small_rotation.jpg,small_rotation,"{""angle_degrees"": 6.3019}"
Post-Antifoam Addition,root,Post-Antifoam Addition/frame_0007.jpg,Post-Antifoam Addition/augmented/horizontal_flip/root/frame_0007__horizontal_flip.jpg,horizontal_flip,{}
Post-Antifoam Addition,root,Post-Antifoam Addition/frame_0007.jpg,Post-Antifoam Addition/augmented/brightness/root/frame_0007__brightness.jpg,brightness,"{""factor"": 0.9557}"
Post-Antifoam Addition,root,Post-Antifoam Addition/frame_0007.jpg,Post-Antifoam Addition/augmented/contrast/root/frame_0007__contrast.jpg,contrast,"{""factor"": 0.8795}"
Post-Antifoam Addition,root,Post-Antifoam Addition/frame_0007.jpg,Post-Antifoam Addition/augmented/saturation/root/frame_0007__saturation.jpg,saturation,"{""factor"": 0.9176}"
Post-Antifoam Addition,root,Post-Antifoam Addition/frame_0007.jpg,Post-Antifoam Addition/augmented/zoom_translate/root/frame_0007__zoom_translate.jpg,zoom_translate,"{""shift_x_fraction"": -0.0307, ""shift_y_fraction"": 0.0028, ""zoom"": 1.0516}"
Post-Antifoam Addition,root,Post-Antifoam Addition/frame_0008.jpg,Post-Antifoam Addition/augmented/small_rotation/root/frame_0008__small_rotation.jpg,small_rotation,"{""angle_degrees"": 3.6635}"
Post-Antifoam Addition,root,Post-Antifoam Addition/frame_0008.jpg,Post-Antifoam Addition/augmented/horizontal_flip/root/frame_0008__horizontal_flip.jpg,horizontal_flip,{}
Post-Antifoam Addition,root,Post-Antifoam Addition/frame_0008.jpg,Post-Antifoam Addition/augmented/brightness/root/frame_0008__brightness.jpg,brightness,"{""factor"": 1.1328}"
Post-Antifoam Addition,root,Post-Antifoam Addition/frame_0008.jpg,Post-Antifoam Addition/augmented/contrast/root/frame_0008__contrast.jpg,contrast,"{""factor"": 1.0809}"
Post-Antifoam Addition,root,Post-Antifoam Addition/frame_0008.jpg,Post-Antifoam Addition/augmented/saturation/root/frame_0008__saturation.jpg,saturation,"{""factor"": 0.9283}"
Post-Antifoam Addition,root,Post-Antifoam Addition/frame_0008.jpg,Post-Antifoam Addition/augmented/zoom_translate/root/frame_0008__zoom_translate.jpg,zoom_translate,"{""shift_x_fraction"": 0.0216, ""shift_y_fraction"": 0.0267, ""zoom"": 1.0583}"
Post-Antifoam Addition,root,Post-Antifoam Addition/frame_0009.jpg,Post-Antifoam Addition/augmented/small_rotation/root/frame_0009__small_rotation.jpg,small_rotation,"{""angle_degrees"": 4.5346}"
Post-Antifoam Addition,root,Post-Antifoam Addition/frame_0009.jpg,Post-Antifoam Addition/augmented/horizontal_flip/root/frame_0009__horizontal_flip.jpg,horizontal_flip,{}
Post-Antifoam Addition,root,Post-Antifoam Addition/frame_0009.jpg,Post-Antifoam Addition/augmented/brightness/root/frame_0009__brightness.jpg,brightness,"{""factor"": 0.8842}"
Post-Antifoam Addition,root,Post-Antifoam Addition/frame_0009.jpg,Post-Antifoam Addition/augmented/contrast/root/frame_0009__contrast.jpg,contrast,"{""factor"": 1.051}"
Post-Antifoam Addition,root,Post-Antifoam Addition/frame_0009.jpg,Post-Antifoam Addition/augmented/saturation/root/frame_0009__saturation.jpg,saturation,"{""factor"": 0.9538}"
Post-Antifoam Addition,root,Post-Antifoam Addition/frame_0009.jpg,Post-Antifoam Addition/augmented/zoom_translate/root/frame_0009__zoom_translate.jpg,zoom_translate,"{""shift_x_fraction"": -0.0305, ""shift_y_fraction"": 0.0035, ""zoom"": 1.0278}"
Post-Antifoam Addition,root,Post-Antifoam Addition/frame_0010.jpg,Post-Antifoam Addition/augmented/small_rotation/root/frame_0010__small_rotation.jpg,small_rotation,"{""angle_degrees"": -7.3407}"
Post-Antifoam Addition,root,Post-Antifoam Addition/frame_0010.jpg,Post-Antifoam Addition/augmented/horizontal_flip/root/frame_0010__horizontal_flip.jpg,horizontal_flip,{}
Post-Antifoam Addition,root,Post-Antifoam Addition/frame_0010.jpg,Post-Antifoam Addition/augmented/brightness/root/frame_0010__brightness.jpg,brightness,"{""factor"": 1.1095}"
Post-Antifoam Addition,root,Post-Antifoam Addition/frame_0010.jpg,Post-Antifoam Addition/augmented/contrast/root/frame_0010__contrast.jpg,contrast,"{""factor"": 1.0907}"
Post-Antifoam Addition,root,Post-Antifoam Addition/frame_0010.jpg,Post-Antifoam Addition/augmented/saturation/root/frame_0010__saturation.jpg,saturation,"{""factor"": 1.0111}"
Post-Antifoam Addition,root,Post-Antifoam Addition/frame_0010.jpg,Post-Antifoam Addition/augmented/zoom_translate/root/frame_0010__zoom_translate.jpg,zoom_translate,"{""shift_x_fraction"": -0.007, ""shift_y_fraction"": 0.0077, ""zoom"": 1.0121}"
Post-Antifoam Addition,root,Post-Antifoam Addition/frame_0011.jpg,Post-Antifoam Addition/augmented/small_rotation/root/frame_0011__small_rotation.jpg,small_rotation,"{""angle_degrees"": 2.4681}"
Post-Antifoam Addition,root,Post-Antifoam Addition/frame_0011.jpg,Post-Antifoam Addition/augmented/horizontal_flip/root/frame_0011__horizontal_flip.jpg,horizontal_flip,{}
Post-Antifoam Addition,root,Post-Antifoam Addition/frame_0011.jpg,Post-Antifoam Addition/augmented/brightness/root/frame_0011__brightness.jpg,brightness,"{""factor"": 1.1461}"
Post-Antifoam Addition,root,Post-Antifoam Addition/frame_0011.jpg,Post-Antifoam Addition/augmented/contrast/root/frame_0011__contrast.jpg,contrast,"{""factor"": 0.9042}"
Post-Antifoam Addition,root,Post-Antifoam Addition/frame_0011.jpg,Post-Antifoam Addition/augmented/saturation/root/frame_0011__saturation.jpg,saturation,"{""factor"": 1.0756}"
Post-Antifoam Addition,root,Post-Antifoam Addition/frame_0011.jpg,Post-Antifoam Addition/augmented/zoom_translate/root/frame_0011__zoom_translate.jpg,zoom_translate,"{""shift_x_fraction"": 0.0084, ""shift_y_fraction"": -0.0035, ""zoom"": 1.0233}"
Post-Antifoam Addition,root,Post-Antifoam Addition/frame_0012.jpg,Post-Antifoam Addition/augmented/small_rotation/root/frame_0012__small_rotation.jpg,small_rotation,"{""angle_degrees"": -7.3713}"
Post-Antifoam Addition,root,Post-Antifoam Addition/frame_0012.jpg,Post-Antifoam Addition/augmented/horizontal_flip/root/frame_0012__horizontal_flip.jpg,horizontal_flip,{}
Post-Antifoam Addition,root,Post-Antifoam Addition/frame_0012.jpg,Post-Antifoam Addition/augmented/brightness/root/frame_0012__brightness.jpg,brightness,"{""factor"": 1.0012}"
Post-Antifoam Addition,root,Post-Antifoam Addition/frame_0012.jpg,Post-Antifoam Addition/augmented/contrast/root/frame_0012__contrast.jpg,contrast,"{""factor"": 0.977}"
Post-Antifoam Addition,root,Post-Antifoam Addition/frame_0012.jpg,Post-Antifoam Addition/augmented/saturation/root/frame_0012__saturation.jpg,saturation,"{""factor"": 0.9166}"
Post-Antifoam Addition,root,Post-Antifoam Addition/frame_0012.jpg,Post-Antifoam Addition/augmented/zoom_translate/root/frame_0012__zoom_translate.jpg,zoom_translate,"{""shift_x_fraction"": 0.0342, ""shift_y_fraction"": 0.0051, ""zoom"": 1.014}"
Post-Antifoam Addition,root,Post-Antifoam Addition/frame_0013.jpg,Post-Antifoam Addition/augmented/small_rotation/root/frame_0013__small_rotation.jpg,small_rotation,"{""angle_degrees"": 2.3256}"
Post-Antifoam Addition,root,Post-Antifoam Addition/frame_0013.jpg,Post-Antifoam Addition/augmented/horizontal_flip/root/frame_0013__horizontal_flip.jpg,horizontal_flip,{}
Post-Antifoam Addition,root,Post-Antifoam Addition/frame_0013.jpg,Post-Antifoam Addition/augmented/brightness/root/frame_0013__brightness.jpg,brightness,"{""factor"": 0.9931}"
Post-Antifoam Addition,root,Post-Antifoam Addition/frame_0013.jpg,Post-Antifoam Addition/augmented/contrast/root/frame_0013__contrast.jpg,contrast,"{""factor"": 1.1021}"
Post-Antifoam Addition,root,Post-Antifoam Addition/frame_0013.jpg,Post-Antifoam Addition/augmented/saturation/root/frame_0013__saturation.jpg,saturation,"{""factor"": 0.9287}"
Post-Antifoam Addition,root,Post-Antifoam Addition/frame_0013.jpg,Post-Antifoam Addition/augmented/zoom_translate/root/frame_0013__zoom_translate.jpg,zoom_translate,"{""shift_x_fraction"": 0.0074, ""shift_y_fraction"": -0.0235, ""zoom"": 1.0191}"
Post-Antifoam Addition,root,Post-Antifoam Addition/frame_0014.jpg,Post-Antifoam Addition/augmented/small_rotation/root/frame_0014__small_rotation.jpg,small_rotation,"{""angle_degrees"": 0.9589}"
Post-Antifoam Addition,root,Post-Antifoam Addition/frame_0014.jpg,Post-Antifoam Addition/augmented/horizontal_flip/root/frame_0014__horizontal_flip.jpg,horizontal_flip,{}
Post-Antifoam Addition,root,Post-Antifoam Addition/frame_0014.jpg,Post-Antifoam Addition/augmented/brightness/root/frame_0014__brightness.jpg,brightness,"{""factor"": 1.1125}"
Post-Antifoam Addition,root,Post-Antifoam Addition/frame_0014.jpg,Post-Antifoam Addition/augmented/contrast/root/frame_0014__contrast.jpg,contrast,"{""factor"": 1.0012}"
Post-Antifoam Addition,root,Post-Antifoam Addition/frame_0014.jpg,Post-Antifoam Addition/augmented/saturation/root/frame_0014__saturation.jpg,saturation,"{""factor"": 1.0782}"
Post-Antifoam Addition,root,Post-Antifoam Addition/frame_0014.jpg,Post-Antifoam Addition/augmented/zoom_translate/root/frame_0014__zoom_translate.jpg,zoom_translate,"{""shift_x_fraction"": 0.0263, ""shift_y_fraction"": -0.0243, ""zoom"": 1.0276}"
Post-Antifoam Addition,root,Post-Antifoam Addition/frame_0015.jpg,Post-Antifoam Addition/augmented/small_rotation/root/frame_0015__small_rotation.jpg,small_rotation,"{""angle_degrees"": -5.1999}"
Post-Antifoam Addition,root,Post-Antifoam Addition/frame_0015.jpg,Post-Antifoam Addition/augmented/horizontal_flip/root/frame_0015__horizontal_flip.jpg,horizontal_flip,{}
Post-Antifoam Addition,root,Post-Antifoam Addition/frame_0015.jpg,Post-Antifoam Addition/augmented/brightness/root/frame_0015__brightness.jpg,brightness,"{""factor"": 0.9059}"
Post-Antifoam Addition,root,Post-Antifoam Addition/frame_0015.jpg,Post-Antifoam Addition/augmented/contrast/root/frame_0015__contrast.jpg,contrast,"{""factor"": 0.8532}"
Post-Antifoam Addition,root,Post-Antifoam Addition/frame_0015.jpg,Post-Antifoam Addition/augmented/saturation/root/frame_0015__saturation.jpg,saturation,"{""factor"": 1.0991}"
Post-Antifoam Addition,root,Post-Antifoam Addition/frame_0015.jpg,Post-Antifoam Addition/augmented/zoom_translate/root/frame_0015__zoom_translate.jpg,zoom_translate,"{""shift_x_fraction"": 0.0015, ""shift_y_fraction"": -0.0159, ""zoom"": 1.0012}"
Post-Antifoam Addition,root,Post-Antifoam Addition/frame_0016.jpg,Post-Antifoam Addition/augmented/small_rotation/root/frame_0016__small_rotation.jpg,small_rotation,"{""angle_degrees"": 4.8162}"
Post-Antifoam Addition,root,Post-Antifoam Addition/frame_0016.jpg,Post-Antifoam Addition/augmented/horizontal_flip/root/frame_0016__horizontal_flip.jpg,horizontal_flip,{}
Post-Antifoam Addition,root,Post-Antifoam Addition/frame_0016.jpg,Post-Antifoam Addition/augmented/brightness/root/frame_0016__brightness.jpg,brightness,"{""factor"": 1.0543}"
Post-Antifoam Addition,root,Post-Antifoam Addition/frame_0016.jpg,Post-Antifoam Addition/augmented/contrast/root/frame_0016__contrast.jpg,contrast,"{""factor"": 1.0522}"
Post-Antifoam Addition,root,Post-Antifoam Addition/frame_0016.jpg,Post-Antifoam Addition/augmented/saturation/root/frame_0016__saturation.jpg,saturation,"{""factor"": 1.0337}"
Post-Antifoam Addition,root,Post-Antifoam Addition/frame_0016.jpg,Post-Antifoam Addition/augmented/zoom_translate/root/frame_0016__zoom_translate.jpg,zoom_translate,"{""shift_x_fraction"": 0.0072, ""shift_y_fraction"": -0.0045, ""zoom"": 1.0218}"
Post-Antifoam Addition,root,Post-Antifoam Addition/frame_0017.jpg,Post-Antifoam Addition/augmented/small_rotation/root/frame_0017__small_rotation.jpg,small_rotation,"{""angle_degrees"": -3.6425}"
Post-Antifoam Addition,root,Post-Antifoam Addition/frame_0017.jpg,Post-Antifoam Addition/augmented/horizontal_flip/root/frame_0017__horizontal_flip.jpg,horizontal_flip,{}
Post-Antifoam Addition,root,Post-Antifoam Addition/frame_0017.jpg,Post-Antifoam Addition/augmented/brightness/root/frame_0017__brightness.jpg,brightness,"{""factor"": 1.0519}"
Post-Antifoam Addition,root,Post-Antifoam Addition/frame_0017.jpg,Post-Antifoam Addition/augmented/contrast/root/frame_0017__contrast.jpg,contrast,"{""factor"": 0.9287}"
Post-Antifoam Addition,root,Post-Antifoam Addition/frame_0017.jpg,Post-Antifoam Addition/augmented/saturation/root/frame_0017__saturation.jpg,saturation,"{""factor"": 1.0092}"
Post-Antifoam Addition,root,Post-Antifoam Addition/frame_0017.jpg,Post-Antifoam Addition/augmented/zoom_translate/root/frame_0017__zoom_translate.jpg,zoom_translate,"{""shift_x_fraction"": 0.0091, ""shift_y_fraction"": 0.0066, ""zoom"": 1.0358}"
Post-Antifoam Addition,root,Post-Antifoam Addition/frame_0018.jpg,Post-Antifoam Addition/augmented/small_rotation/root/frame_0018__small_rotation.jpg,small_rotation,"{""angle_degrees"": -2.4612}"
Post-Antifoam Addition,root,Post-Antifoam Addition/frame_0018.jpg,Post-Antifoam Addition/augmented/horizontal_flip/root/frame_0018__horizontal_flip.jpg,horizontal_flip,{}
Post-Antifoam Addition,root,Post-Antifoam Addition/frame_0018.jpg,Post-Antifoam Addition/augmented/brightness/root/frame_0018__brightness.jpg,brightness,"{""factor"": 0.9222}"
Post-Antifoam Addition,root,Post-Antifoam Addition/frame_0018.jpg,Post-Antifoam Addition/augmented/contrast/root/frame_0018__contrast.jpg,contrast,"{""factor"": 1.1427}"
Post-Antifoam Addition,root,Post-Antifoam Addition/frame_0018.jpg,Post-Antifoam Addition/augmented/saturation/root/frame_0018__saturation.jpg,saturation,"{""factor"": 0.9729}"
Post-Antifoam Addition,root,Post-Antifoam Addition/frame_0018.jpg,Post-Antifoam Addition/augmented/zoom_translate/root/frame_0018__zoom_translate.jpg,zoom_translate,"{""shift_x_fraction"": -0.0148, ""shift_y_fraction"": 0.0012, ""zoom"": 1.0456}"
Post-Antifoam Addition,root,Post-Antifoam Addition/frame_0019.jpg,Post-Antifoam Addition/augmented/small_rotation/root/frame_0019__small_rotation.jpg,small_rotation,"{""angle_degrees"": -5.7282}"
Post-Antifoam Addition,root,Post-Antifoam Addition/frame_0019.jpg,Post-Antifoam Addition/augmented/horizontal_flip/root/frame_0019__horizontal_flip.jpg,horizontal_flip,{}
Post-Antifoam Addition,root,Post-Antifoam Addition/frame_0019.jpg,Post-Antifoam Addition/augmented/brightness/root/frame_0019__brightness.jpg,brightness,"{""factor"": 1.008}"
Post-Antifoam Addition,root,Post-Antifoam Addition/frame_0019.jpg,Post-Antifoam Addition/augmented/contrast/root/frame_0019__contrast.jpg,contrast,"{""factor"": 1.0886}"
Post-Antifoam Addition,root,Post-Antifoam Addition/frame_0019.jpg,Post-Antifoam Addition/augmented/saturation/root/frame_0019__saturation.jpg,saturation,"{""factor"": 1.0697}"
Post-Antifoam Addition,root,Post-Antifoam Addition/frame_0019.jpg,Post-Antifoam Addition/augmented/zoom_translate/root/frame_0019__zoom_translate.jpg,zoom_translate,"{""shift_x_fraction"": 0.0316, ""shift_y_fraction"": 0.0194, ""zoom"": 1.0016}"
Post-Antifoam Addition,root,Post-Antifoam Addition/frame_0020.jpg,Post-Antifoam Addition/augmented/small_rotation/root/frame_0020__small_rotation.jpg,small_rotation,"{""angle_degrees"": -6.2278}"
Post-Antifoam Addition,root,Post-Antifoam Addition/frame_0020.jpg,Post-Antifoam Addition/augmented/horizontal_flip/root/frame_0020__horizontal_flip.jpg,horizontal_flip,{}
Post-Antifoam Addition,root,Post-Antifoam Addition/frame_0020.jpg,Post-Antifoam Addition/augmented/brightness/root/frame_0020__brightness.jpg,brightness,"{""factor"": 1.135}"
Post-Antifoam Addition,root,Post-Antifoam Addition/frame_0020.jpg,Post-Antifoam Addition/augmented/contrast/root/frame_0020__contrast.jpg,contrast,"{""factor"": 0.8595}"
Post-Antifoam Addition,root,Post-Antifoam Addition/frame_0020.jpg,Post-Antifoam Addition/augmented/saturation/root/frame_0020__saturation.jpg,saturation,"{""factor"": 1.0159}"
Post-Antifoam Addition,root,Post-Antifoam Addition/frame_0020.jpg,Post-Antifoam Addition/augmented/zoom_translate/root/frame_0020__zoom_translate.jpg,zoom_translate,"{""shift_x_fraction"": 0.0335, ""shift_y_fraction"": 0.0234, ""zoom"": 1.0681}"
Post-Antifoam Addition,root,Post-Antifoam Addition/frame_0021.jpg,Post-Antifoam Addition/augmented/small_rotation/root/frame_0021__small_rotation.jpg,small_rotation,"{""angle_degrees"": -5.1447}"
Post-Antifoam Addition,root,Post-Antifoam Addition/frame_0021.jpg,Post-Antifoam Addition/augmented/horizontal_flip/root/frame_0021__horizontal_flip.jpg,horizontal_flip,{}
Post-Antifoam Addition,root,Post-Antifoam Addition/frame_0021.jpg,Post-Antifoam Addition/augmented/brightness/root/frame_0021__brightness.jpg,brightness,"{""factor"": 1.0923}"
Post-Antifoam Addition,root,Post-Antifoam Addition/frame_0021.jpg,Post-Antifoam Addition/augmented/contrast/root/frame_0021__contrast.jpg,contrast,"{""factor"": 1.0681}"
Post-Antifoam Addition,root,Post-Antifoam Addition/frame_0021.jpg,Post-Antifoam Addition/augmented/saturation/root/frame_0021__saturation.jpg,saturation,"{""factor"": 1.0331}"
Post-Antifoam Addition,root,Post-Antifoam Addition/frame_0021.jpg,Post-Antifoam Addition/augmented/zoom_translate/root/frame_0021__zoom_translate.jpg,zoom_translate,"{""shift_x_fraction"": 0.0167, ""shift_y_fraction"": 0.0251, ""zoom"": 1.0679}"
Post-Antifoam Addition,root,Post-Antifoam Addition/frame_0022.jpg,Post-Antifoam Addition/augmented/small_rotation/root/frame_0022__small_rotation.jpg,small_rotation,"{""angle_degrees"": 2.1152}"
Post-Antifoam Addition,root,Post-Antifoam Addition/frame_0022.jpg,Post-Antifoam Addition/augmented/horizontal_flip/root/frame_0022__horizontal_flip.jpg,horizontal_flip,{}
Post-Antifoam Addition,root,Post-Antifoam Addition/frame_0022.jpg,Post-Antifoam Addition/augmented/brightness/root/frame_0022__brightness.jpg,brightness,"{""factor"": 1.1279}"
Post-Antifoam Addition,root,Post-Antifoam Addition/frame_0022.jpg,Post-Antifoam Addition/augmented/contrast/root/frame_0022__contrast.jpg,contrast,"{""factor"": 0.9746}"
Post-Antifoam Addition,root,Post-Antifoam Addition/frame_0022.jpg,Post-Antifoam Addition/augmented/saturation/root/frame_0022__saturation.jpg,saturation,"{""factor"": 1.0154}"
Post-Antifoam Addition,root,Post-Antifoam Addition/frame_0022.jpg,Post-Antifoam Addition/augmented/zoom_translate/root/frame_0022__zoom_translate.jpg,zoom_translate,"{""shift_x_fraction"": 0.0068, ""shift_y_fraction"": 0.0035, ""zoom"": 1.0317}"
Post-Antifoam Addition,root,Post-Antifoam Addition/frame_0023.jpg,Post-Antifoam Addition/augmented/small_rotation/root/frame_0023__small_rotation.jpg,small_rotation,"{""angle_degrees"": -3.1674}"
Post-Antifoam Addition,root,Post-Antifoam Addition/frame_0023.jpg,Post-Antifoam Addition/augmented/horizontal_flip/root/frame_0023__horizontal_flip.jpg,horizontal_flip,{}
Post-Antifoam Addition,root,Post-Antifoam Addition/frame_0023.jpg,Post-Antifoam Addition/augmented/brightness/root/frame_0023__brightness.jpg,brightness,"{""factor"": 0.985}"
Post-Antifoam Addition,root,Post-Antifoam Addition/frame_0023.jpg,Post-Antifoam Addition/augmented/contrast/root/frame_0023__contrast.jpg,contrast,"{""factor"": 0.9608}"
Post-Antifoam Addition,root,Post-Antifoam Addition/frame_0023.jpg,Post-Antifoam Addition/augmented/saturation/root/frame_0023__saturation.jpg,saturation,"{""factor"": 1.0095}"
Post-Antifoam Addition,root,Post-Antifoam Addition/frame_0023.jpg,Post-Antifoam Addition/augmented/zoom_translate/root/frame_0023__zoom_translate.jpg,zoom_translate,"{""shift_x_fraction"": 0.0041, ""shift_y_fraction"": -0.0287, ""zoom"": 1.0184}"
Post-Antifoam Addition,root,Post-Antifoam Addition/frame_0024.jpg,Post-Antifoam Addition/augmented/small_rotation/root/frame_0024__small_rotation.jpg,small_rotation,"{""angle_degrees"": 5.1818}"
Post-Antifoam Addition,root,Post-Antifoam Addition/frame_0024.jpg,Post-Antifoam Addition/augmented/horizontal_flip/root/frame_0024__horizontal_flip.jpg,horizontal_flip,{}
Post-Antifoam Addition,root,Post-Antifoam Addition/frame_0024.jpg,Post-Antifoam Addition/augmented/brightness/root/frame_0024__brightness.jpg,brightness,"{""factor"": 1.0555}"
Post-Antifoam Addition,root,Post-Antifoam Addition/frame_0024.jpg,Post-Antifoam Addition/augmented/contrast/root/frame_0024__contrast.jpg,contrast,"{""factor"": 1.1273}"
Post-Antifoam Addition,root,Post-Antifoam Addition/frame_0024.jpg,Post-Antifoam Addition/augmented/saturation/root/frame_0024__saturation.jpg,saturation,"{""factor"": 0.911}"
Post-Antifoam Addition,root,Post-Antifoam Addition/frame_0024.jpg,Post-Antifoam Addition/augmented/zoom_translate/root/frame_0024__zoom_translate.jpg,zoom_translate,"{""shift_x_fraction"": -0.0304, ""shift_y_fraction"": -0.0316, ""zoom"": 1.0695}"
Post-Antifoam Addition,root,Post-Antifoam Addition/frame_0025.jpg,Post-Antifoam Addition/augmented/small_rotation/root/frame_0025__small_rotation.jpg,small_rotation,"{""angle_degrees"": 3.1526}"
Post-Antifoam Addition,root,Post-Antifoam Addition/frame_0025.jpg,Post-Antifoam Addition/augmented/horizontal_flip/root/frame_0025__horizontal_flip.jpg,horizontal_flip,{}
Post-Antifoam Addition,root,Post-Antifoam Addition/frame_0025.jpg,Post-Antifoam Addition/augmented/brightness/root/frame_0025__brightness.jpg,brightness,"{""factor"": 1.0979}"
Post-Antifoam Addition,root,Post-Antifoam Addition/frame_0025.jpg,Post-Antifoam Addition/augmented/contrast/root/frame_0025__contrast.jpg,contrast,"{""factor"": 1.043}"
Post-Antifoam Addition,root,Post-Antifoam Addition/frame_0025.jpg,Post-Antifoam Addition/augmented/saturation/root/frame_0025__saturation.jpg,saturation,"{""factor"": 0.9446}"
Post-Antifoam Addition,root,Post-Antifoam Addition/frame_0025.jpg,Post-Antifoam Addition/augmented/zoom_translate/root/frame_0025__zoom_translate.jpg,zoom_translate,"{""shift_x_fraction"": 0.0236, ""shift_y_fraction"": -0.0001, ""zoom"": 1.0135}"
Post-Antifoam Addition,root,Post-Antifoam Addition/frame_0026.jpg,Post-Antifoam Addition/augmented/small_rotation/root/frame_0026__small_rotation.jpg,small_rotation,"{""angle_degrees"": -6.7194}"
Post-Antifoam Addition,root,Post-Antifoam Addition/frame_0026.jpg,Post-Antifoam Addition/augmented/horizontal_flip/root/frame_0026__horizontal_flip.jpg,horizontal_flip,{}
Post-Antifoam Addition,root,Post-Antifoam Addition/frame_0026.jpg,Post-Antifoam Addition/augmented/brightness/root/frame_0026__brightness.jpg,brightness,"{""factor"": 1.071}"
Post-Antifoam Addition,root,Post-Antifoam Addition/frame_0026.jpg,Post-Antifoam Addition/augmented/contrast/root/frame_0026__contrast.jpg,contrast,"{""factor"": 0.9709}"
Post-Antifoam Addition,root,Post-Antifoam Addition/frame_0026.jpg,Post-Antifoam Addition/augmented/saturation/root/frame_0026__saturation.jpg,saturation,"{""factor"": 0.9498}"
Post-Antifoam Addition,root,Post-Antifoam Addition/frame_0026.jpg,Post-Antifoam Addition/augmented/zoom_translate/root/frame_0026__zoom_translate.jpg,zoom_translate,"{""shift_x_fraction"": -0.0234, ""shift_y_fraction"": 0.0318, ""zoom"": 1.0234}"
Post-Antifoam Addition,root,Post-Antifoam Addition/frame_0027.jpg,Post-Antifoam Addition/augmented/small_rotation/root/frame_0027__small_rotation.jpg,small_rotation,"{""angle_degrees"": 7.1155}"
Post-Antifoam Addition,root,Post-Antifoam Addition/frame_0027.jpg,Post-Antifoam Addition/augmented/horizontal_flip/root/frame_0027__horizontal_flip.jpg,horizontal_flip,{}
Post-Antifoam Addition,root,Post-Antifoam Addition/frame_0027.jpg,Post-Antifoam Addition/augmented/brightness/root/frame_0027__brightness.jpg,brightness,"{""factor"": 1.1222}"
Post-Antifoam Addition,root,Post-Antifoam Addition/frame_0027.jpg,Post-Antifoam Addition/augmented/contrast/root/frame_0027__contrast.jpg,contrast,"{""factor"": 1.0798}"
Post-Antifoam Addition,root,Post-Antifoam Addition/frame_0027.jpg,Post-Antifoam Addition/augmented/saturation/root/frame_0027__saturation.jpg,saturation,"{""factor"": 0.9131}"
Post-Antifoam Addition,root,Post-Antifoam Addition/frame_0027.jpg,Post-Antifoam Addition/augmented/zoom_translate/root/frame_0027__zoom_translate.jpg,zoom_translate,"{""shift_x_fraction"": 0.0287, ""shift_y_fraction"": 0.0012, ""zoom"": 1.0601}"
Post-Antifoam Addition,root,Post-Antifoam Addition/frame_0028.jpg,Post-Antifoam Addition/augmented/small_rotation/root/frame_0028__small_rotation.jpg,small_rotation,"{""angle_degrees"": -7.95}"
Post-Antifoam Addition,root,Post-Antifoam Addition/frame_0028.jpg,Post-Antifoam Addition/augmented/horizontal_flip/root/frame_0028__horizontal_flip.jpg,horizontal_flip,{}
Post-Antifoam Addition,root,Post-Antifoam Addition/frame_0028.jpg,Post-Antifoam Addition/augmented/brightness/root/frame_0028__brightness.jpg,brightness,"{""factor"": 0.9562}"
Post-Antifoam Addition,root,Post-Antifoam Addition/frame_0028.jpg,Post-Antifoam Addition/augmented/contrast/root/frame_0028__contrast.jpg,contrast,"{""factor"": 1.0255}"
Post-Antifoam Addition,root,Post-Antifoam Addition/frame_0028.jpg,Post-Antifoam Addition/augmented/saturation/root/frame_0028__saturation.jpg,saturation,"{""factor"": 1.0239}"
Post-Antifoam Addition,root,Post-Antifoam Addition/frame_0028.jpg,Post-Antifoam Addition/augmented/zoom_translate/root/frame_0028__zoom_translate.jpg,zoom_translate,"{""shift_x_fraction"": 0.0176, ""shift_y_fraction"": 0.01, ""zoom"": 1.0184}"
Post-Antifoam Addition,root,Post-Antifoam Addition/frame_0029.jpg,Post-Antifoam Addition/augmented/small_rotation/root/frame_0029__small_rotation.jpg,small_rotation,"{""angle_degrees"": 0.9343}"
Post-Antifoam Addition,root,Post-Antifoam Addition/frame_0029.jpg,Post-Antifoam Addition/augmented/horizontal_flip/root/frame_0029__horizontal_flip.jpg,horizontal_flip,{}
Post-Antifoam Addition,root,Post-Antifoam Addition/frame_0029.jpg,Post-Antifoam Addition/augmented/brightness/root/frame_0029__brightness.jpg,brightness,"{""factor"": 1.0226}"
Post-Antifoam Addition,root,Post-Antifoam Addition/frame_0029.jpg,Post-Antifoam Addition/augmented/contrast/root/frame_0029__contrast.jpg,contrast,"{""factor"": 0.9578}"
Post-Antifoam Addition,root,Post-Antifoam Addition/frame_0029.jpg,Post-Antifoam Addition/augmented/saturation/root/frame_0029__saturation.jpg,saturation,"{""factor"": 0.9833}"
Post-Antifoam Addition,root,Post-Antifoam Addition/frame_0029.jpg,Post-Antifoam Addition/augmented/zoom_translate/root/frame_0029__zoom_translate.jpg,zoom_translate,"{""shift_x_fraction"": 0.001, ""shift_y_fraction"": 0.0107, ""zoom"": 1.034}"
Post-Antifoam Addition,root,Post-Antifoam Addition/frame_0030.jpg,Post-Antifoam Addition/augmented/small_rotation/root/frame_0030__small_rotation.jpg,small_rotation,"{""angle_degrees"": 5.5774}"
Post-Antifoam Addition,root,Post-Antifoam Addition/frame_0030.jpg,Post-Antifoam Addition/augmented/horizontal_flip/root/frame_0030__horizontal_flip.jpg,horizontal_flip,{}
Post-Antifoam Addition,root,Post-Antifoam Addition/frame_0030.jpg,Post-Antifoam Addition/augmented/brightness/root/frame_0030__brightness.jpg,brightness,"{""factor"": 0.9551}"
Post-Antifoam Addition,root,Post-Antifoam Addition/frame_0030.jpg,Post-Antifoam Addition/augmented/contrast/root/frame_0030__contrast.jpg,contrast,"{""factor"": 1.0503}"
Post-Antifoam Addition,root,Post-Antifoam Addition/frame_0030.jpg,Post-Antifoam Addition/augmented/saturation/root/frame_0030__saturation.jpg,saturation,"{""factor"": 0.9585}"
Post-Antifoam Addition,root,Post-Antifoam Addition/frame_0030.jpg,Post-Antifoam Addition/augmented/zoom_translate/root/frame_0030__zoom_translate.jpg,zoom_translate,"{""shift_x_fraction"": 0.0006, ""shift_y_fraction"": -0.0258, ""zoom"": 1.0768}"
Post-Antifoam Addition,root,Post-Antifoam Addition/frame_0031.jpg,Post-Antifoam Addition/augmented/small_rotation/root/frame_0031__small_rotation.jpg,small_rotation,"{""angle_degrees"": 4.4966}"
Post-Antifoam Addition,root,Post-Antifoam Addition/frame_0031.jpg,Post-Antifoam Addition/augmented/horizontal_flip/root/frame_0031__horizontal_flip.jpg,horizontal_flip,{}
Post-Antifoam Addition,root,Post-Antifoam Addition/frame_0031.jpg,Post-Antifoam Addition/augmented/brightness/root/frame_0031__brightness.jpg,brightness,"{""factor"": 1.0188}"
Post-Antifoam Addition,root,Post-Antifoam Addition/frame_0031.jpg,Post-Antifoam Addition/augmented/contrast/root/frame_0031__contrast.jpg,contrast,"{""factor"": 1.1069}"
Post-Antifoam Addition,root,Post-Antifoam Addition/frame_0031.jpg,Post-Antifoam Addition/augmented/saturation/root/frame_0031__saturation.jpg,saturation,"{""factor"": 0.9404}"
Post-Antifoam Addition,root,Post-Antifoam Addition/frame_0031.jpg,Post-Antifoam Addition/augmented/zoom_translate/root/frame_0031__zoom_translate.jpg,zoom_translate,"{""shift_x_fraction"": 0.0314, ""shift_y_fraction"": -0.0242, ""zoom"": 1.0029}"
Post-Antifoam Addition,root,Post-Antifoam Addition/frame_0032.jpg,Post-Antifoam Addition/augmented/small_rotation/root/frame_0032__small_rotation.jpg,small_rotation,"{""angle_degrees"": 7.6473}"
Post-Antifoam Addition,root,Post-Antifoam Addition/frame_0032.jpg,Post-Antifoam Addition/augmented/horizontal_flip/root/frame_0032__horizontal_flip.jpg,horizontal_flip,{}
Post-Antifoam Addition,root,Post-Antifoam Addition/frame_0032.jpg,Post-Antifoam Addition/augmented/brightness/root/frame_0032__brightness.jpg,brightness,"{""factor"": 0.9993}"
Post-Antifoam Addition,root,Post-Antifoam Addition/frame_0032.jpg,Post-Antifoam Addition/augmented/contrast/root/frame_0032__contrast.jpg,contrast,"{""factor"": 1.0623}"
Post-Antifoam Addition,root,Post-Antifoam Addition/frame_0032.jpg,Post-Antifoam Addition/augmented/saturation/root/frame_0032__saturation.jpg,saturation,"{""factor"": 1.0735}"
Post-Antifoam Addition,root,Post-Antifoam Addition/frame_0032.jpg,Post-Antifoam Addition/augmented/zoom_translate/root/frame_0032__zoom_translate.jpg,zoom_translate,"{""shift_x_fraction"": 0.0133, ""shift_y_fraction"": -0.0237, ""zoom"": 1.0144}"
Post-Antifoam Addition,root,Post-Antifoam Addition/frame_0033.jpg,Post-Antifoam Addition/augmented/small_rotation/root/frame_0033__small_rotation.jpg,small_rotation,"{""angle_degrees"": -7.1425}"
Post-Antifoam Addition,root,Post-Antifoam Addition/frame_0033.jpg,Post-Antifoam Addition/augmented/horizontal_flip/root/frame_0033__horizontal_flip.jpg,horizontal_flip,{}
Post-Antifoam Addition,root,Post-Antifoam Addition/frame_0033.jpg,Post-Antifoam Addition/augmented/brightness/root/frame_0033__brightness.jpg,brightness,"{""factor"": 0.9127}"
Post-Antifoam Addition,root,Post-Antifoam Addition/frame_0033.jpg,Post-Antifoam Addition/augmented/contrast/root/frame_0033__contrast.jpg,contrast,"{""factor"": 0.9101}"
Post-Antifoam Addition,root,Post-Antifoam Addition/frame_0033.jpg,Post-Antifoam Addition/augmented/saturation/root/frame_0033__saturation.jpg,saturation,"{""factor"": 0.9728}"
Post-Antifoam Addition,root,Post-Antifoam Addition/frame_0033.jpg,Post-Antifoam Addition/augmented/zoom_translate/root/frame_0033__zoom_translate.jpg,zoom_translate,"{""shift_x_fraction"": -0.0071, ""shift_y_fraction"": -0.0052, ""zoom"": 1.0074}"
Post-Antifoam Addition,root,Post-Antifoam Addition/frame_0034.jpg,Post-Antifoam Addition/augmented/small_rotation/root/frame_0034__small_rotation.jpg,small_rotation,"{""angle_degrees"": -6.2227}"
Post-Antifoam Addition,root,Post-Antifoam Addition/frame_0034.jpg,Post-Antifoam Addition/augmented/horizontal_flip/root/frame_0034__horizontal_flip.jpg,horizontal_flip,{}
Post-Antifoam Addition,root,Post-Antifoam Addition/frame_0034.jpg,Post-Antifoam Addition/augmented/brightness/root/frame_0034__brightness.jpg,brightness,"{""factor"": 0.8554}"
Post-Antifoam Addition,root,Post-Antifoam Addition/frame_0034.jpg,Post-Antifoam Addition/augmented/contrast/root/frame_0034__contrast.jpg,contrast,"{""factor"": 0.9687}"
Post-Antifoam Addition,root,Post-Antifoam Addition/frame_0034.jpg,Post-Antifoam Addition/augmented/saturation/root/frame_0034__saturation.jpg,saturation,"{""factor"": 0.9233}"
Post-Antifoam Addition,root,Post-Antifoam Addition/frame_0034.jpg,Post-Antifoam Addition/augmented/zoom_translate/root/frame_0034__zoom_translate.jpg,zoom_translate,"{""shift_x_fraction"": -0.0325, ""shift_y_fraction"": -0.0085, ""zoom"": 1.0553}"
Post-Antifoam Addition,root,Post-Antifoam Addition/frame_0035.jpg,Post-Antifoam Addition/augmented/small_rotation/root/frame_0035__small_rotation.jpg,small_rotation,"{""angle_degrees"": -2.5471}"
Post-Antifoam Addition,root,Post-Antifoam Addition/frame_0035.jpg,Post-Antifoam Addition/augmented/horizontal_flip/root/frame_0035__horizontal_flip.jpg,horizontal_flip,{}
Post-Antifoam Addition,root,Post-Antifoam Addition/frame_0035.jpg,Post-Antifoam Addition/augmented/brightness/root/frame_0035__brightness.jpg,brightness,"{""factor"": 1.0383}"
Post-Antifoam Addition,root,Post-Antifoam Addition/frame_0035.jpg,Post-Antifoam Addition/augmented/contrast/root/frame_0035__contrast.jpg,contrast,"{""factor"": 1.0959}"
Post-Antifoam Addition,root,Post-Antifoam Addition/frame_0035.jpg,Post-Antifoam Addition/augmented/saturation/root/frame_0035__saturation.jpg,saturation,"{""factor"": 1.0992}"
Post-Antifoam Addition,root,Post-Antifoam Addition/frame_0035.jpg,Post-Antifoam Addition/augmented/zoom_translate/root/frame_0035__zoom_translate.jpg,zoom_translate,"{""shift_x_fraction"": 0.026, ""shift_y_fraction"": -0.0203, ""zoom"": 1.046}"
Post-Antifoam Addition,root,Post-Antifoam Addition/frame_0036.jpg,Post-Antifoam Addition/augmented/small_rotation/root/frame_0036__small_rotation.jpg,small_rotation,"{""angle_degrees"": -5.0548}"
Post-Antifoam Addition,root,Post-Antifoam Addition/frame_0036.jpg,Post-Antifoam Addition/augmented/horizontal_flip/root/frame_0036__horizontal_flip.jpg,horizontal_flip,{}
Post-Antifoam Addition,root,Post-Antifoam Addition/frame_0036.jpg,Post-Antifoam Addition/augmented/brightness/root/frame_0036__brightness.jpg,brightness,"{""factor"": 0.9801}"
Post-Antifoam Addition,root,Post-Antifoam Addition/frame_0036.jpg,Post-Antifoam Addition/augmented/contrast/root/frame_0036__contrast.jpg,contrast,"{""factor"": 0.9021}"
Post-Antifoam Addition,root,Post-Antifoam Addition/frame_0036.jpg,Post-Antifoam Addition/augmented/saturation/root/frame_0036__saturation.jpg,saturation,"{""factor"": 1.0846}"
Post-Antifoam Addition,root,Post-Antifoam Addition/frame_0036.jpg,Post-Antifoam Addition/augmented/zoom_translate/root/frame_0036__zoom_translate.jpg,zoom_translate,"{""shift_x_fraction"": 0.0224, ""shift_y_fraction"": -0.0316, ""zoom"": 1.0078}"
Post-Antifoam Addition,root,Post-Antifoam Addition/frame_0037.jpg,Post-Antifoam Addition/augmented/small_rotation/root/frame_0037__small_rotation.jpg,small_rotation,"{""angle_degrees"": -6.7023}"
Post-Antifoam Addition,root,Post-Antifoam Addition/frame_0037.jpg,Post-Antifoam Addition/augmented/horizontal_flip/root/frame_0037__horizontal_flip.jpg,horizontal_flip,{}
Post-Antifoam Addition,root,Post-Antifoam Addition/frame_0037.jpg,Post-Antifoam Addition/augmented/brightness/root/frame_0037__brightness.jpg,brightness,"{""factor"": 0.9094}"
Post-Antifoam Addition,root,Post-Antifoam Addition/frame_0037.jpg,Post-Antifoam Addition/augmented/contrast/root/frame_0037__contrast.jpg,contrast,"{""factor"": 0.9883}"
Post-Antifoam Addition,root,Post-Antifoam Addition/frame_0037.jpg,Post-Antifoam Addition/augmented/saturation/root/frame_0037__saturation.jpg,saturation,"{""factor"": 0.9581}"
Post-Antifoam Addition,root,Post-Antifoam Addition/frame_0037.jpg,Post-Antifoam Addition/augmented/zoom_translate/root/frame_0037__zoom_translate.jpg,zoom_translate,"{""shift_x_fraction"": -0.0042, ""shift_y_fraction"": -0.0115, ""zoom"": 1.0454}"
Post-Antifoam Addition,root,Post-Antifoam Addition/frame_0038.jpg,Post-Antifoam Addition/augmented/small_rotation/root/frame_0038__small_rotation.jpg,small_rotation,"{""angle_degrees"": -2.4264}"
Post-Antifoam Addition,root,Post-Antifoam Addition/frame_0038.jpg,Post-Antifoam Addition/augmented/horizontal_flip/root/frame_0038__horizontal_flip.jpg,horizontal_flip,{}
Post-Antifoam Addition,root,Post-Antifoam Addition/frame_0038.jpg,Post-Antifoam Addition/augmented/brightness/root/frame_0038__brightness.jpg,brightness,"{""factor"": 1.0752}"
Post-Antifoam Addition,root,Post-Antifoam Addition/frame_0038.jpg,Post-Antifoam Addition/augmented/contrast/root/frame_0038__contrast.jpg,contrast,"{""factor"": 0.9522}"
Post-Antifoam Addition,root,Post-Antifoam Addition/frame_0038.jpg,Post-Antifoam Addition/augmented/saturation/root/frame_0038__saturation.jpg,saturation,"{""factor"": 0.9096}"
Post-Antifoam Addition,root,Post-Antifoam Addition/frame_0038.jpg,Post-Antifoam Addition/augmented/zoom_translate/root/frame_0038__zoom_translate.jpg,zoom_translate,"{""shift_x_fraction"": 0.0067, ""shift_y_fraction"": -0.0119, ""zoom"": 1.016}"
Post-Antifoam Addition,root,Post-Antifoam Addition/frame_0039.jpg,Post-Antifoam Addition/augmented/small_rotation/root/frame_0039__small_rotation.jpg,small_rotation,"{""angle_degrees"": -3.333}"
Post-Antifoam Addition,root,Post-Antifoam Addition/frame_0039.jpg,Post-Antifoam Addition/augmented/horizontal_flip/root/frame_0039__horizontal_flip.jpg,horizontal_flip,{}
Post-Antifoam Addition,root,Post-Antifoam Addition/frame_0039.jpg,Post-Antifoam Addition/augmented/brightness/root/frame_0039__brightness.jpg,brightness,"{""factor"": 1.0366}"
Post-Antifoam Addition,root,Post-Antifoam Addition/frame_0039.jpg,Post-Antifoam Addition/augmented/contrast/root/frame_0039__contrast.jpg,contrast,"{""factor"": 0.9765}"
Post-Antifoam Addition,root,Post-Antifoam Addition/frame_0039.jpg,Post-Antifoam Addition/augmented/saturation/root/frame_0039__saturation.jpg,saturation,"{""factor"": 1.0501}"
Post-Antifoam Addition,root,Post-Antifoam Addition/frame_0039.jpg,Post-Antifoam Addition/augmented/zoom_translate/root/frame_0039__zoom_translate.jpg,zoom_translate,"{""shift_x_fraction"": -0.0274, ""shift_y_fraction"": 0.0267, ""zoom"": 1.0239}"
Post-Antifoam Addition,root,Post-Antifoam Addition/frame_0040.jpg,Post-Antifoam Addition/augmented/small_rotation/root/frame_0040__small_rotation.jpg,small_rotation,"{""angle_degrees"": -6.6425}"
Post-Antifoam Addition,root,Post-Antifoam Addition/frame_0040.jpg,Post-Antifoam Addition/augmented/horizontal_flip/root/frame_0040__horizontal_flip.jpg,horizontal_flip,{}
Post-Antifoam Addition,root,Post-Antifoam Addition/frame_0040.jpg,Post-Antifoam Addition/augmented/brightness/root/frame_0040__brightness.jpg,brightness,"{""factor"": 1.0505}"
Post-Antifoam Addition,root,Post-Antifoam Addition/frame_0040.jpg,Post-Antifoam Addition/augmented/contrast/root/frame_0040__contrast.jpg,contrast,"{""factor"": 1.1021}"
Post-Antifoam Addition,root,Post-Antifoam Addition/frame_0040.jpg,Post-Antifoam Addition/augmented/saturation/root/frame_0040__saturation.jpg,saturation,"{""factor"": 0.9491}"
Post-Antifoam Addition,root,Post-Antifoam Addition/frame_0040.jpg,Post-Antifoam Addition/augmented/zoom_translate/root/frame_0040__zoom_translate.jpg,zoom_translate,"{""shift_x_fraction"": -0.0232, ""shift_y_fraction"": 0.0123, ""zoom"": 1.0656}"
Post-Antifoam Addition,root,Post-Antifoam Addition/frame_0041.jpg,Post-Antifoam Addition/augmented/small_rotation/root/frame_0041__small_rotation.jpg,small_rotation,"{""angle_degrees"": -4.3358}"
Post-Antifoam Addition,root,Post-Antifoam Addition/frame_0041.jpg,Post-Antifoam Addition/augmented/horizontal_flip/root/frame_0041__horizontal_flip.jpg,horizontal_flip,{}
Post-Antifoam Addition,root,Post-Antifoam Addition/frame_0041.jpg,Post-Antifoam Addition/augmented/brightness/root/frame_0041__brightness.jpg,brightness,"{""factor"": 1.1403}"
Post-Antifoam Addition,root,Post-Antifoam Addition/frame_0041.jpg,Post-Antifoam Addition/augmented/contrast/root/frame_0041__contrast.jpg,contrast,"{""factor"": 1.1416}"
Post-Antifoam Addition,root,Post-Antifoam Addition/frame_0041.jpg,Post-Antifoam Addition/augmented/saturation/root/frame_0041__saturation.jpg,saturation,"{""factor"": 1.0008}"
Post-Antifoam Addition,root,Post-Antifoam Addition/frame_0041.jpg,Post-Antifoam Addition/augmented/zoom_translate/root/frame_0041__zoom_translate.jpg,zoom_translate,"{""shift_x_fraction"": 0.0224, ""shift_y_fraction"": 0.013, ""zoom"": 1.0534}"
Post-Antifoam Addition,root,Post-Antifoam Addition/frame_0042.jpg,Post-Antifoam Addition/augmented/small_rotation/root/frame_0042__small_rotation.jpg,small_rotation,"{""angle_degrees"": -1.4327}"
Post-Antifoam Addition,root,Post-Antifoam Addition/frame_0042.jpg,Post-Antifoam Addition/augmented/horizontal_flip/root/frame_0042__horizontal_flip.jpg,horizontal_flip,{}
Post-Antifoam Addition,root,Post-Antifoam Addition/frame_0042.jpg,Post-Antifoam Addition/augmented/brightness/root/frame_0042__brightness.jpg,brightness,"{""factor"": 1.1172}"
Post-Antifoam Addition,root,Post-Antifoam Addition/frame_0042.jpg,Post-Antifoam Addition/augmented/contrast/root/frame_0042__contrast.jpg,contrast,"{""factor"": 1.0035}"
Post-Antifoam Addition,root,Post-Antifoam Addition/frame_0042.jpg,Post-Antifoam Addition/augmented/saturation/root/frame_0042__saturation.jpg,saturation,"{""factor"": 0.9193}"
Post-Antifoam Addition,root,Post-Antifoam Addition/frame_0042.jpg,Post-Antifoam Addition/augmented/zoom_translate/root/frame_0042__zoom_translate.jpg,zoom_translate,"{""shift_x_fraction"": -0.0092, ""shift_y_fraction"": -0.0111, ""zoom"": 1.0587}"
Post-Antifoam Addition,root,Post-Antifoam Addition/frame_0043.jpg,Post-Antifoam Addition/augmented/small_rotation/root/frame_0043__small_rotation.jpg,small_rotation,"{""angle_degrees"": -2.3442}"
Post-Antifoam Addition,root,Post-Antifoam Addition/frame_0043.jpg,Post-Antifoam Addition/augmented/horizontal_flip/root/frame_0043__horizontal_flip.jpg,horizontal_flip,{}
Post-Antifoam Addition,root,Post-Antifoam Addition/frame_0043.jpg,Post-Antifoam Addition/augmented/brightness/root/frame_0043__brightness.jpg,brightness,"{""factor"": 0.931}"
Post-Antifoam Addition,root,Post-Antifoam Addition/frame_0043.jpg,Post-Antifoam Addition/augmented/contrast/root/frame_0043__contrast.jpg,contrast,"{""factor"": 0.98}"
Post-Antifoam Addition,root,Post-Antifoam Addition/frame_0043.jpg,Post-Antifoam Addition/augmented/saturation/root/frame_0043__saturation.jpg,saturation,"{""factor"": 0.9929}"
Post-Antifoam Addition,root,Post-Antifoam Addition/frame_0043.jpg,Post-Antifoam Addition/augmented/zoom_translate/root/frame_0043__zoom_translate.jpg,zoom_translate,"{""shift_x_fraction"": -0.0016, ""shift_y_fraction"": 0.033, ""zoom"": 1.0224}"
Post-Antifoam Addition,root,Post-Antifoam Addition/frame_0044.jpg,Post-Antifoam Addition/augmented/small_rotation/root/frame_0044__small_rotation.jpg,small_rotation,"{""angle_degrees"": 7.9298}"
Post-Antifoam Addition,root,Post-Antifoam Addition/frame_0044.jpg,Post-Antifoam Addition/augmented/horizontal_flip/root/frame_0044__horizontal_flip.jpg,horizontal_flip,{}
Post-Antifoam Addition,root,Post-Antifoam Addition/frame_0044.jpg,Post-Antifoam Addition/augmented/brightness/root/frame_0044__brightness.jpg,brightness,"{""factor"": 0.8736}"
Post-Antifoam Addition,root,Post-Antifoam Addition/frame_0044.jpg,Post-Antifoam Addition/augmented/contrast/root/frame_0044__contrast.jpg,contrast,"{""factor"": 0.9305}"
Post-Antifoam Addition,root,Post-Antifoam Addition/frame_0044.jpg,Post-Antifoam Addition/augmented/saturation/root/frame_0044__saturation.jpg,saturation,"{""factor"": 1.058}"
Post-Antifoam Addition,root,Post-Antifoam Addition/frame_0044.jpg,Post-Antifoam Addition/augmented/zoom_translate/root/frame_0044__zoom_translate.jpg,zoom_translate,"{""shift_x_fraction"": 0.0224, ""shift_y_fraction"": -0.0288, ""zoom"": 1.0249}"
Post-Antifoam Addition,root,Post-Antifoam Addition/frame_0045.jpg,Post-Antifoam Addition/augmented/small_rotation/root/frame_0045__small_rotation.jpg,small_rotation,"{""angle_degrees"": -6.606}"
Post-Antifoam Addition,root,Post-Antifoam Addition/frame_0045.jpg,Post-Antifoam Addition/augmented/horizontal_flip/root/frame_0045__horizontal_flip.jpg,horizontal_flip,{}
Post-Antifoam Addition,root,Post-Antifoam Addition/frame_0045.jpg,Post-Antifoam Addition/augmented/brightness/root/frame_0045__brightness.jpg,brightness,"{""factor"": 0.9102}"
Post-Antifoam Addition,root,Post-Antifoam Addition/frame_0045.jpg,Post-Antifoam Addition/augmented/contrast/root/frame_0045__contrast.jpg,contrast,"{""factor"": 1.0245}"
Post-Antifoam Addition,root,Post-Antifoam Addition/frame_0045.jpg,Post-Antifoam Addition/augmented/saturation/root/frame_0045__saturation.jpg,saturation,"{""factor"": 1.094}"
Post-Antifoam Addition,root,Post-Antifoam Addition/frame_0045.jpg,Post-Antifoam Addition/augmented/zoom_translate/root/frame_0045__zoom_translate.jpg,zoom_translate,"{""shift_x_fraction"": -0.0114, ""shift_y_fraction"": 0.0328, ""zoom"": 1.0767}"
Post-Antifoam Addition,root,Post-Antifoam Addition/frame_0046.jpg,Post-Antifoam Addition/augmented/small_rotation/root/frame_0046__small_rotation.jpg,small_rotation,"{""angle_degrees"": -0.6014}"
Post-Antifoam Addition,root,Post-Antifoam Addition/frame_0046.jpg,Post-Antifoam Addition/augmented/horizontal_flip/root/frame_0046__horizontal_flip.jpg,horizontal_flip,{}
Post-Antifoam Addition,root,Post-Antifoam Addition/frame_0046.jpg,Post-Antifoam Addition/augmented/brightness/root/frame_0046__brightness.jpg,brightness,"{""factor"": 0.9743}"
Post-Antifoam Addition,root,Post-Antifoam Addition/frame_0046.jpg,Post-Antifoam Addition/augmented/contrast/root/frame_0046__contrast.jpg,contrast,"{""factor"": 0.9585}"
Post-Antifoam Addition,root,Post-Antifoam Addition/frame_0046.jpg,Post-Antifoam Addition/augmented/saturation/root/frame_0046__saturation.jpg,saturation,"{""factor"": 0.9687}"
Post-Antifoam Addition,root,Post-Antifoam Addition/frame_0046.jpg,Post-Antifoam Addition/augmented/zoom_translate/root/frame_0046__zoom_translate.jpg,zoom_translate,"{""shift_x_fraction"": -0.0288, ""shift_y_fraction"": -0.0261, ""zoom"": 1.0131}"
Post-Antifoam Addition,root,Post-Antifoam Addition/frame_0047.jpg,Post-Antifoam Addition/augmented/small_rotation/root/frame_0047__small_rotation.jpg,small_rotation,"{""angle_degrees"": 2.1337}"
Post-Antifoam Addition,root,Post-Antifoam Addition/frame_0047.jpg,Post-Antifoam Addition/augmented/horizontal_flip/root/frame_0047__horizontal_flip.jpg,horizontal_flip,{}
Post-Antifoam Addition,root,Post-Antifoam Addition/frame_0047.jpg,Post-Antifoam Addition/augmented/brightness/root/frame_0047__brightness.jpg,brightness,"{""factor"": 0.8647}"
Post-Antifoam Addition,root,Post-Antifoam Addition/frame_0047.jpg,Post-Antifoam Addition/augmented/contrast/root/frame_0047__contrast.jpg,contrast,"{""factor"": 1.0057}"
Post-Antifoam Addition,root,Post-Antifoam Addition/frame_0047.jpg,Post-Antifoam Addition/augmented/saturation/root/frame_0047__saturation.jpg,saturation,"{""factor"": 1.0101}"
Post-Antifoam Addition,root,Post-Antifoam Addition/frame_0047.jpg,Post-Antifoam Addition/augmented/zoom_translate/root/frame_0047__zoom_translate.jpg,zoom_translate,"{""shift_x_fraction"": -0.0015, ""shift_y_fraction"": -0.01, ""zoom"": 1.0279}"
Post-Antifoam Addition,root,Post-Antifoam Addition/frame_0048.jpg,Post-Antifoam Addition/augmented/small_rotation/root/frame_0048__small_rotation.jpg,small_rotation,"{""angle_degrees"": 4.9305}"
Post-Antifoam Addition,root,Post-Antifoam Addition/frame_0048.jpg,Post-Antifoam Addition/augmented/horizontal_flip/root/frame_0048__horizontal_flip.jpg,horizontal_flip,{}
Post-Antifoam Addition,root,Post-Antifoam Addition/frame_0048.jpg,Post-Antifoam Addition/augmented/brightness/root/frame_0048__brightness.jpg,brightness,"{""factor"": 1.1442}"
Post-Antifoam Addition,root,Post-Antifoam Addition/frame_0048.jpg,Post-Antifoam Addition/augmented/contrast/root/frame_0048__contrast.jpg,contrast,"{""factor"": 0.8977}"
Post-Antifoam Addition,root,Post-Antifoam Addition/frame_0048.jpg,Post-Antifoam Addition/augmented/saturation/root/frame_0048__saturation.jpg,saturation,"{""factor"": 0.9639}"
Post-Antifoam Addition,root,Post-Antifoam Addition/frame_0048.jpg,Post-Antifoam Addition/augmented/zoom_translate/root/frame_0048__zoom_translate.jpg,zoom_translate,"{""shift_x_fraction"": 0.0082, ""shift_y_fraction"": -0.0177, ""zoom"": 1.0253}"
Post-Antifoam Addition,root,Post-Antifoam Addition/frame_0049.jpg,Post-Antifoam Addition/augmented/small_rotation/root/frame_0049__small_rotation.jpg,small_rotation,"{""angle_degrees"": 7.4942}"
Post-Antifoam Addition,root,Post-Antifoam Addition/frame_0049.jpg,Post-Antifoam Addition/augmented/horizontal_flip/root/frame_0049__horizontal_flip.jpg,horizontal_flip,{}
Post-Antifoam Addition,root,Post-Antifoam Addition/frame_0049.jpg,Post-Antifoam Addition/augmented/brightness/root/frame_0049__brightness.jpg,brightness,"{""factor"": 0.9644}"
Post-Antifoam Addition,root,Post-Antifoam Addition/frame_0049.jpg,Post-Antifoam Addition/augmented/contrast/root/frame_0049__contrast.jpg,contrast,"{""factor"": 0.9892}"
Post-Antifoam Addition,root,Post-Antifoam Addition/frame_0049.jpg,Post-Antifoam Addition/augmented/saturation/root/frame_0049__saturation.jpg,saturation,"{""factor"": 0.9542}"
Post-Antifoam Addition,root,Post-Antifoam Addition/frame_0049.jpg,Post-Antifoam Addition/augmented/zoom_translate/root/frame_0049__zoom_translate.jpg,zoom_translate,"{""shift_x_fraction"": 0.0115, ""shift_y_fraction"": 0.007, ""zoom"": 1.0282}"
Post-Antifoam Addition,root,Post-Antifoam Addition/frame_0050.jpg,Post-Antifoam Addition/augmented/small_rotation/root/frame_0050__small_rotation.jpg,small_rotation,"{""angle_degrees"": 2.9001}"
Post-Antifoam Addition,root,Post-Antifoam Addition/frame_0050.jpg,Post-Antifoam Addition/augmented/horizontal_flip/root/frame_0050__horizontal_flip.jpg,horizontal_flip,{}
Post-Antifoam Addition,root,Post-Antifoam Addition/frame_0050.jpg,Post-Antifoam Addition/augmented/brightness/root/frame_0050__brightness.jpg,brightness,"{""factor"": 0.8696}"
Post-Antifoam Addition,root,Post-Antifoam Addition/frame_0050.jpg,Post-Antifoam Addition/augmented/contrast/root/frame_0050__contrast.jpg,contrast,"{""factor"": 1.0996}"
Post-Antifoam Addition,root,Post-Antifoam Addition/frame_0050.jpg,Post-Antifoam Addition/augmented/saturation/root/frame_0050__saturation.jpg,saturation,"{""factor"": 0.9682}"
Post-Antifoam Addition,root,Post-Antifoam Addition/frame_0050.jpg,Post-Antifoam Addition/augmented/zoom_translate/root/frame_0050__zoom_translate.jpg,zoom_translate,"{""shift_x_fraction"": 0.019, ""shift_y_fraction"": -0.0266, ""zoom"": 1.0733}"
Post-Antifoam Addition,root,Post-Antifoam Addition/frame_0051.jpg,Post-Antifoam Addition/augmented/small_rotation/root/frame_0051__small_rotation.jpg,small_rotation,"{""angle_degrees"": -3.1175}"
Post-Antifoam Addition,root,Post-Antifoam Addition/frame_0051.jpg,Post-Antifoam Addition/augmented/horizontal_flip/root/frame_0051__horizontal_flip.jpg,horizontal_flip,{}
Post-Antifoam Addition,root,Post-Antifoam Addition/frame_0051.jpg,Post-Antifoam Addition/augmented/brightness/root/frame_0051__brightness.jpg,brightness,"{""factor"": 0.9693}"
Post-Antifoam Addition,root,Post-Antifoam Addition/frame_0051.jpg,Post-Antifoam Addition/augmented/contrast/root/frame_0051__contrast.jpg,contrast,"{""factor"": 1.0218}"
Post-Antifoam Addition,root,Post-Antifoam Addition/frame_0051.jpg,Post-Antifoam Addition/augmented/saturation/root/frame_0051__saturation.jpg,saturation,"{""factor"": 0.9031}"
Post-Antifoam Addition,root,Post-Antifoam Addition/frame_0051.jpg,Post-Antifoam Addition/augmented/zoom_translate/root/frame_0051__zoom_translate.jpg,zoom_translate,"{""shift_x_fraction"": 0.0213, ""shift_y_fraction"": 0.0198, ""zoom"": 1.0192}"
Post-Antifoam Addition,root,Post-Antifoam Addition/frame_0052.jpg,Post-Antifoam Addition/augmented/small_rotation/root/frame_0052__small_rotation.jpg,small_rotation,"{""angle_degrees"": -4.2524}"
Post-Antifoam Addition,root,Post-Antifoam Addition/frame_0052.jpg,Post-Antifoam Addition/augmented/horizontal_flip/root/frame_0052__horizontal_flip.jpg,horizontal_flip,{}
Post-Antifoam Addition,root,Post-Antifoam Addition/frame_0052.jpg,Post-Antifoam Addition/augmented/brightness/root/frame_0052__brightness.jpg,brightness,"{""factor"": 0.99}"
Post-Antifoam Addition,root,Post-Antifoam Addition/frame_0052.jpg,Post-Antifoam Addition/augmented/contrast/root/frame_0052__contrast.jpg,contrast,"{""factor"": 0.9976}"
Post-Antifoam Addition,root,Post-Antifoam Addition/frame_0052.jpg,Post-Antifoam Addition/augmented/saturation/root/frame_0052__saturation.jpg,saturation,"{""factor"": 0.9422}"
Post-Antifoam Addition,root,Post-Antifoam Addition/frame_0052.jpg,Post-Antifoam Addition/augmented/zoom_translate/root/frame_0052__zoom_translate.jpg,zoom_translate,"{""shift_x_fraction"": 0.0245, ""shift_y_fraction"": -0.0139, ""zoom"": 1.0193}"
Post-Antifoam Addition,root,Post-Antifoam Addition/frame_0053.jpg,Post-Antifoam Addition/augmented/small_rotation/root/frame_0053__small_rotation.jpg,small_rotation,"{""angle_degrees"": -4.9074}"
Post-Antifoam Addition,root,Post-Antifoam Addition/frame_0053.jpg,Post-Antifoam Addition/augmented/horizontal_flip/root/frame_0053__horizontal_flip.jpg,horizontal_flip,{}
Post-Antifoam Addition,root,Post-Antifoam Addition/frame_0053.jpg,Post-Antifoam Addition/augmented/brightness/root/frame_0053__brightness.jpg,brightness,"{""factor"": 0.9635}"
Post-Antifoam Addition,root,Post-Antifoam Addition/frame_0053.jpg,Post-Antifoam Addition/augmented/contrast/root/frame_0053__contrast.jpg,contrast,"{""factor"": 0.9286}"
Post-Antifoam Addition,root,Post-Antifoam Addition/frame_0053.jpg,Post-Antifoam Addition/augmented/saturation/root/frame_0053__saturation.jpg,saturation,"{""factor"": 1.0584}"
Post-Antifoam Addition,root,Post-Antifoam Addition/frame_0053.jpg,Post-Antifoam Addition/augmented/zoom_translate/root/frame_0053__zoom_translate.jpg,zoom_translate,"{""shift_x_fraction"": -0.0288, ""shift_y_fraction"": 0.0299, ""zoom"": 1.0154}"
Post-Antifoam Addition,root,Post-Antifoam Addition/frame_0054.jpg,Post-Antifoam Addition/augmented/small_rotation/root/frame_0054__small_rotation.jpg,small_rotation,"{""angle_degrees"": 5.7507}"
Post-Antifoam Addition,root,Post-Antifoam Addition/frame_0054.jpg,Post-Antifoam Addition/augmented/horizontal_flip/root/frame_0054__horizontal_flip.jpg,horizontal_flip,{}
Post-Antifoam Addition,root,Post-Antifoam Addition/frame_0054.jpg,Post-Antifoam Addition/augmented/brightness/root/frame_0054__brightness.jpg,brightness,"{""factor"": 0.8819}"
Post-Antifoam Addition,root,Post-Antifoam Addition/frame_0054.jpg,Post-Antifoam Addition/augmented/contrast/root/frame_0054__contrast.jpg,contrast,"{""factor"": 0.9285}"
Post-Antifoam Addition,root,Post-Antifoam Addition/frame_0054.jpg,Post-Antifoam Addition/augmented/saturation/root/frame_0054__saturation.jpg,saturation,"{""factor"": 0.9895}"
Post-Antifoam Addition,root,Post-Antifoam Addition/frame_0054.jpg,Post-Antifoam Addition/augmented/zoom_translate/root/frame_0054__zoom_translate.jpg,zoom_translate,"{""shift_x_fraction"": 0.0349, ""shift_y_fraction"": -0.014, ""zoom"": 1.0475}"
Post-Antifoam Addition,root,Post-Antifoam Addition/frame_0055.jpg,Post-Antifoam Addition/augmented/small_rotation/root/frame_0055__small_rotation.jpg,small_rotation,"{""angle_degrees"": -0.7794}"
Post-Antifoam Addition,root,Post-Antifoam Addition/frame_0055.jpg,Post-Antifoam Addition/augmented/horizontal_flip/root/frame_0055__horizontal_flip.jpg,horizontal_flip,{}
Post-Antifoam Addition,root,Post-Antifoam Addition/frame_0055.jpg,Post-Antifoam Addition/augmented/brightness/root/frame_0055__brightness.jpg,brightness,"{""factor"": 0.8525}"
Post-Antifoam Addition,root,Post-Antifoam Addition/frame_0055.jpg,Post-Antifoam Addition/augmented/contrast/root/frame_0055__contrast.jpg,contrast,"{""factor"": 0.985}"
Post-Antifoam Addition,root,Post-Antifoam Addition/frame_0055.jpg,Post-Antifoam Addition/augmented/saturation/root/frame_0055__saturation.jpg,saturation,"{""factor"": 1.0569}"
Post-Antifoam Addition,root,Post-Antifoam Addition/frame_0055.jpg,Post-Antifoam Addition/augmented/zoom_translate/root/frame_0055__zoom_translate.jpg,zoom_translate,"{""shift_x_fraction"": 0.0271, ""shift_y_fraction"": 0.03, ""zoom"": 1.0355}"
Post-Antifoam Addition,root,Post-Antifoam Addition/frame_0056.jpg,Post-Antifoam Addition/augmented/small_rotation/root/frame_0056__small_rotation.jpg,small_rotation,"{""angle_degrees"": 7.7874}"
Post-Antifoam Addition,root,Post-Antifoam Addition/frame_0056.jpg,Post-Antifoam Addition/augmented/horizontal_flip/root/frame_0056__horizontal_flip.jpg,horizontal_flip,{}
Post-Antifoam Addition,root,Post-Antifoam Addition/frame_0056.jpg,Post-Antifoam Addition/augmented/brightness/root/frame_0056__brightness.jpg,brightness,"{""factor"": 0.9805}"
Post-Antifoam Addition,root,Post-Antifoam Addition/frame_0056.jpg,Post-Antifoam Addition/augmented/contrast/root/frame_0056__contrast.jpg,contrast,"{""factor"": 1.048}"
Post-Antifoam Addition,root,Post-Antifoam Addition/frame_0056.jpg,Post-Antifoam Addition/augmented/saturation/root/frame_0056__saturation.jpg,saturation,"{""factor"": 1.0373}"
Post-Antifoam Addition,root,Post-Antifoam Addition/frame_0056.jpg,Post-Antifoam Addition/augmented/zoom_translate/root/frame_0056__zoom_translate.jpg,zoom_translate,"{""shift_x_fraction"": -0.0126, ""shift_y_fraction"": 0.0056, ""zoom"": 1.0653}"
Post-Antifoam Addition,root,Post-Antifoam Addition/frame_0057.jpg,Post-Antifoam Addition/augmented/small_rotation/root/frame_0057__small_rotation.jpg,small_rotation,"{""angle_degrees"": 3.4432}"
Post-Antifoam Addition,root,Post-Antifoam Addition/frame_0057.jpg,Post-Antifoam Addition/augmented/horizontal_flip/root/frame_0057__horizontal_flip.jpg,horizontal_flip,{}
Post-Antifoam Addition,root,Post-Antifoam Addition/frame_0057.jpg,Post-Antifoam Addition/augmented/brightness/root/frame_0057__brightness.jpg,brightness,"{""factor"": 1.1307}"
Post-Antifoam Addition,root,Post-Antifoam Addition/frame_0057.jpg,Post-Antifoam Addition/augmented/contrast/root/frame_0057__contrast.jpg,contrast,"{""factor"": 1.1216}"
Post-Antifoam Addition,root,Post-Antifoam Addition/frame_0057.jpg,Post-Antifoam Addition/augmented/saturation/root/frame_0057__saturation.jpg,saturation,"{""factor"": 0.9361}"
Post-Antifoam Addition,root,Post-Antifoam Addition/frame_0057.jpg,Post-Antifoam Addition/augmented/zoom_translate/root/frame_0057__zoom_translate.jpg,zoom_translate,"{""shift_x_fraction"": -0.0144, ""shift_y_fraction"": 0.0237, ""zoom"": 1.014}"
Post-Antifoam Addition,root,Post-Antifoam Addition/frame_0058.jpg,Post-Antifoam Addition/augmented/small_rotation/root/frame_0058__small_rotation.jpg,small_rotation,"{""angle_degrees"": -2.2965}"
Post-Antifoam Addition,root,Post-Antifoam Addition/frame_0058.jpg,Post-Antifoam Addition/augmented/horizontal_flip/root/frame_0058__horizontal_flip.jpg,horizontal_flip,{}
Post-Antifoam Addition,root,Post-Antifoam Addition/frame_0058.jpg,Post-Antifoam Addition/augmented/brightness/root/frame_0058__brightness.jpg,brightness,"{""factor"": 1.1372}"
Post-Antifoam Addition,root,Post-Antifoam Addition/frame_0058.jpg,Post-Antifoam Addition/augmented/contrast/root/frame_0058__contrast.jpg,contrast,"{""factor"": 0.9379}"
Post-Antifoam Addition,root,Post-Antifoam Addition/frame_0058.jpg,Post-Antifoam Addition/augmented/saturation/root/frame_0058__saturation.jpg,saturation,"{""factor"": 1.0773}"
Post-Antifoam Addition,root,Post-Antifoam Addition/frame_0058.jpg,Post-Antifoam Addition/augmented/zoom_translate/root/frame_0058__zoom_translate.jpg,zoom_translate,"{""shift_x_fraction"": -0.0257, ""shift_y_fraction"": -0.0329, ""zoom"": 1.0663}"
Post-Antifoam Addition,root,Post-Antifoam Addition/frame_0059.jpg,Post-Antifoam Addition/augmented/small_rotation/root/frame_0059__small_rotation.jpg,small_rotation,"{""angle_degrees"": 1.6935}"
Post-Antifoam Addition,root,Post-Antifoam Addition/frame_0059.jpg,Post-Antifoam Addition/augmented/horizontal_flip/root/frame_0059__horizontal_flip.jpg,horizontal_flip,{}
Post-Antifoam Addition,root,Post-Antifoam Addition/frame_0059.jpg,Post-Antifoam Addition/augmented/brightness/root/frame_0059__brightness.jpg,brightness,"{""factor"": 1.0615}"
Post-Antifoam Addition,root,Post-Antifoam Addition/frame_0059.jpg,Post-Antifoam Addition/augmented/contrast/root/frame_0059__contrast.jpg,contrast,"{""factor"": 1.1152}"
Post-Antifoam Addition,root,Post-Antifoam Addition/frame_0059.jpg,Post-Antifoam Addition/augmented/saturation/root/frame_0059__saturation.jpg,saturation,"{""factor"": 0.9877}"
Post-Antifoam Addition,root,Post-Antifoam Addition/frame_0059.jpg,Post-Antifoam Addition/augmented/zoom_translate/root/frame_0059__zoom_translate.jpg,zoom_translate,"{""shift_x_fraction"": -0.0025, ""shift_y_fraction"": 0.0114, ""zoom"": 1.0736}"
Post-Antifoam Addition,root,Post-Antifoam Addition/frame_0060.jpg,Post-Antifoam Addition/augmented/small_rotation/root/frame_0060__small_rotation.jpg,small_rotation,"{""angle_degrees"": 5.6214}"
Post-Antifoam Addition,root,Post-Antifoam Addition/frame_0060.jpg,Post-Antifoam Addition/augmented/horizontal_flip/root/frame_0060__horizontal_flip.jpg,horizontal_flip,{}
Post-Antifoam Addition,root,Post-Antifoam Addition/frame_0060.jpg,Post-Antifoam Addition/augmented/brightness/root/frame_0060__brightness.jpg,brightness,"{""factor"": 1.074}"
Post-Antifoam Addition,root,Post-Antifoam Addition/frame_0060.jpg,Post-Antifoam Addition/augmented/contrast/root/frame_0060__contrast.jpg,contrast,"{""factor"": 1.0831}"
Post-Antifoam Addition,root,Post-Antifoam Addition/frame_0060.jpg,Post-Antifoam Addition/augmented/saturation/root/frame_0060__saturation.jpg,saturation,"{""factor"": 0.9779}"
Post-Antifoam Addition,root,Post-Antifoam Addition/frame_0060.jpg,Post-Antifoam Addition/augmented/zoom_translate/root/frame_0060__zoom_translate.jpg,zoom_translate,"{""shift_x_fraction"": -0.0347, ""shift_y_fraction"": 0.0092, ""zoom"": 1.0705}"
Post-Antifoam Addition,root,Post-Antifoam Addition/frame_0061.jpg,Post-Antifoam Addition/augmented/small_rotation/root/frame_0061__small_rotation.jpg,small_rotation,"{""angle_degrees"": 3.7391}"
Post-Antifoam Addition,root,Post-Antifoam Addition/frame_0061.jpg,Post-Antifoam Addition/augmented/horizontal_flip/root/frame_0061__horizontal_flip.jpg,horizontal_flip,{}
Post-Antifoam Addition,root,Post-Antifoam Addition/frame_0061.jpg,Post-Antifoam Addition/augmented/brightness/root/frame_0061__brightness.jpg,brightness,"{""factor"": 1.0267}"
Post-Antifoam Addition,root,Post-Antifoam Addition/frame_0061.jpg,Post-Antifoam Addition/augmented/contrast/root/frame_0061__contrast.jpg,contrast,"{""factor"": 0.9523}"
Post-Antifoam Addition,root,Post-Antifoam Addition/frame_0061.jpg,Post-Antifoam Addition/augmented/saturation/root/frame_0061__saturation.jpg,saturation,"{""factor"": 0.9568}"
Post-Antifoam Addition,root,Post-Antifoam Addition/frame_0061.jpg,Post-Antifoam Addition/augmented/zoom_translate/root/frame_0061__zoom_translate.jpg,zoom_translate,"{""shift_x_fraction"": 0.0338, ""shift_y_fraction"": -0.0283, ""zoom"": 1.0261}"
Post-Antifoam Addition,root,Post-Antifoam Addition/frame_0062.jpg,Post-Antifoam Addition/augmented/small_rotation/root/frame_0062__small_rotation.jpg,small_rotation,"{""angle_degrees"": -5.6125}"
Post-Antifoam Addition,root,Post-Antifoam Addition/frame_0062.jpg,Post-Antifoam Addition/augmented/horizontal_flip/root/frame_0062__horizontal_flip.jpg,horizontal_flip,{}
Post-Antifoam Addition,root,Post-Antifoam Addition/frame_0062.jpg,Post-Antifoam Addition/augmented/brightness/root/frame_0062__brightness.jpg,brightness,"{""factor"": 1.0702}"
Post-Antifoam Addition,root,Post-Antifoam Addition/frame_0062.jpg,Post-Antifoam Addition/augmented/contrast/root/frame_0062__contrast.jpg,contrast,"{""factor"": 1.0379}"
Post-Antifoam Addition,root,Post-Antifoam Addition/frame_0062.jpg,Post-Antifoam Addition/augmented/saturation/root/frame_0062__saturation.jpg,saturation,"{""factor"": 1.0479}"
Post-Antifoam Addition,root,Post-Antifoam Addition/frame_0062.jpg,Post-Antifoam Addition/augmented/zoom_translate/root/frame_0062__zoom_translate.jpg,zoom_translate,"{""shift_x_fraction"": 0.0177, ""shift_y_fraction"": 0.0033, ""zoom"": 1.0432}"
Post-Antifoam Addition,root,Post-Antifoam Addition/frame_0063.jpg,Post-Antifoam Addition/augmented/small_rotation/root/frame_0063__small_rotation.jpg,small_rotation,"{""angle_degrees"": 0.9621}"
Post-Antifoam Addition,root,Post-Antifoam Addition/frame_0063.jpg,Post-Antifoam Addition/augmented/horizontal_flip/root/frame_0063__horizontal_flip.jpg,horizontal_flip,{}
Post-Antifoam Addition,root,Post-Antifoam Addition/frame_0063.jpg,Post-Antifoam Addition/augmented/brightness/root/frame_0063__brightness.jpg,brightness,"{""factor"": 1.0129}"
Post-Antifoam Addition,root,Post-Antifoam Addition/frame_0063.jpg,Post-Antifoam Addition/augmented/contrast/root/frame_0063__contrast.jpg,contrast,"{""factor"": 1.0405}"
Post-Antifoam Addition,root,Post-Antifoam Addition/frame_0063.jpg,Post-Antifoam Addition/augmented/saturation/root/frame_0063__saturation.jpg,saturation,"{""factor"": 0.9304}"
Post-Antifoam Addition,root,Post-Antifoam Addition/frame_0063.jpg,Post-Antifoam Addition/augmented/zoom_translate/root/frame_0063__zoom_translate.jpg,zoom_translate,"{""shift_x_fraction"": 0.0145, ""shift_y_fraction"": -0.0316, ""zoom"": 1.0709}"
Post-Antifoam Addition,root,Post-Antifoam Addition/frame_0064.jpg,Post-Antifoam Addition/augmented/small_rotation/root/frame_0064__small_rotation.jpg,small_rotation,"{""angle_degrees"": -0.1313}"
Post-Antifoam Addition,root,Post-Antifoam Addition/frame_0064.jpg,Post-Antifoam Addition/augmented/horizontal_flip/root/frame_0064__horizontal_flip.jpg,horizontal_flip,{}
Post-Antifoam Addition,root,Post-Antifoam Addition/frame_0064.jpg,Post-Antifoam Addition/augmented/brightness/root/frame_0064__brightness.jpg,brightness,"{""factor"": 0.9921}"
Post-Antifoam Addition,root,Post-Antifoam Addition/frame_0064.jpg,Post-Antifoam Addition/augmented/contrast/root/frame_0064__contrast.jpg,contrast,"{""factor"": 1.097}"
Post-Antifoam Addition,root,Post-Antifoam Addition/frame_0064.jpg,Post-Antifoam Addition/augmented/saturation/root/frame_0064__saturation.jpg,saturation,"{""factor"": 1.0941}"
Post-Antifoam Addition,root,Post-Antifoam Addition/frame_0064.jpg,Post-Antifoam Addition/augmented/zoom_translate/root/frame_0064__zoom_translate.jpg,zoom_translate,"{""shift_x_fraction"": 0.0117, ""shift_y_fraction"": 0.0247, ""zoom"": 1.0558}"
Post-Antifoam Addition,root,Post-Antifoam Addition/frame_0065.jpg,Post-Antifoam Addition/augmented/small_rotation/root/frame_0065__small_rotation.jpg,small_rotation,"{""angle_degrees"": -3.6407}"
Post-Antifoam Addition,root,Post-Antifoam Addition/frame_0065.jpg,Post-Antifoam Addition/augmented/horizontal_flip/root/frame_0065__horizontal_flip.jpg,horizontal_flip,{}
Post-Antifoam Addition,root,Post-Antifoam Addition/frame_0065.jpg,Post-Antifoam Addition/augmented/brightness/root/frame_0065__brightness.jpg,brightness,"{""factor"": 1.1312}"
Post-Antifoam Addition,root,Post-Antifoam Addition/frame_0065.jpg,Post-Antifoam Addition/augmented/contrast/root/frame_0065__contrast.jpg,contrast,"{""factor"": 1.0154}"
Post-Antifoam Addition,root,Post-Antifoam Addition/frame_0065.jpg,Post-Antifoam Addition/augmented/saturation/root/frame_0065__saturation.jpg,saturation,"{""factor"": 0.9603}"
Post-Antifoam Addition,root,Post-Antifoam Addition/frame_0065.jpg,Post-Antifoam Addition/augmented/zoom_translate/root/frame_0065__zoom_translate.jpg,zoom_translate,"{""shift_x_fraction"": 0.0305, ""shift_y_fraction"": -0.0208, ""zoom"": 1.0293}"
Post-Antifoam Addition,root,Post-Antifoam Addition/frame_0066.jpg,Post-Antifoam Addition/augmented/small_rotation/root/frame_0066__small_rotation.jpg,small_rotation,"{""angle_degrees"": -6.2157}"
Post-Antifoam Addition,root,Post-Antifoam Addition/frame_0066.jpg,Post-Antifoam Addition/augmented/horizontal_flip/root/frame_0066__horizontal_flip.jpg,horizontal_flip,{}
Post-Antifoam Addition,root,Post-Antifoam Addition/frame_0066.jpg,Post-Antifoam Addition/augmented/brightness/root/frame_0066__brightness.jpg,brightness,"{""factor"": 1.0535}"
Post-Antifoam Addition,root,Post-Antifoam Addition/frame_0066.jpg,Post-Antifoam Addition/augmented/contrast/root/frame_0066__contrast.jpg,contrast,"{""factor"": 0.8551}"
Post-Antifoam Addition,root,Post-Antifoam Addition/frame_0066.jpg,Post-Antifoam Addition/augmented/saturation/root/frame_0066__saturation.jpg,saturation,"{""factor"": 0.9027}"
Post-Antifoam Addition,root,Post-Antifoam Addition/frame_0066.jpg,Post-Antifoam Addition/augmented/zoom_translate/root/frame_0066__zoom_translate.jpg,zoom_translate,"{""shift_x_fraction"": 0.006, ""shift_y_fraction"": -0.0035, ""zoom"": 1.0109}"
Post-Antifoam Addition,root,Post-Antifoam Addition/frame_0067.jpg,Post-Antifoam Addition/augmented/small_rotation/root/frame_0067__small_rotation.jpg,small_rotation,"{""angle_degrees"": -7.0273}"
Post-Antifoam Addition,root,Post-Antifoam Addition/frame_0067.jpg,Post-Antifoam Addition/augmented/horizontal_flip/root/frame_0067__horizontal_flip.jpg,horizontal_flip,{}
Post-Antifoam Addition,root,Post-Antifoam Addition/frame_0067.jpg,Post-Antifoam Addition/augmented/brightness/root/frame_0067__brightness.jpg,brightness,"{""factor"": 1.0088}"
Post-Antifoam Addition,root,Post-Antifoam Addition/frame_0067.jpg,Post-Antifoam Addition/augmented/contrast/root/frame_0067__contrast.jpg,contrast,"{""factor"": 0.9602}"
Post-Antifoam Addition,root,Post-Antifoam Addition/frame_0067.jpg,Post-Antifoam Addition/augmented/saturation/root/frame_0067__saturation.jpg,saturation,"{""factor"": 0.9518}"
Post-Antifoam Addition,root,Post-Antifoam Addition/frame_0067.jpg,Post-Antifoam Addition/augmented/zoom_translate/root/frame_0067__zoom_translate.jpg,zoom_translate,"{""shift_x_fraction"": 0.0244, ""shift_y_fraction"": -0.0019, ""zoom"": 1.0475}"
Post-Antifoam Addition,root,Post-Antifoam Addition/frame_0068.jpg,Post-Antifoam Addition/augmented/small_rotation/root/frame_0068__small_rotation.jpg,small_rotation,"{""angle_degrees"": -0.3665}"
Post-Antifoam Addition,root,Post-Antifoam Addition/frame_0068.jpg,Post-Antifoam Addition/augmented/horizontal_flip/root/frame_0068__horizontal_flip.jpg,horizontal_flip,{}
Post-Antifoam Addition,root,Post-Antifoam Addition/frame_0068.jpg,Post-Antifoam Addition/augmented/brightness/root/frame_0068__brightness.jpg,brightness,"{""factor"": 1.1004}"
Post-Antifoam Addition,root,Post-Antifoam Addition/frame_0068.jpg,Post-Antifoam Addition/augmented/contrast/root/frame_0068__contrast.jpg,contrast,"{""factor"": 1.0399}"
Post-Antifoam Addition,root,Post-Antifoam Addition/frame_0068.jpg,Post-Antifoam Addition/augmented/saturation/root/frame_0068__saturation.jpg,saturation,"{""factor"": 1.0949}"
Post-Antifoam Addition,root,Post-Antifoam Addition/frame_0068.jpg,Post-Antifoam Addition/augmented/zoom_translate/root/frame_0068__zoom_translate.jpg,zoom_translate,"{""shift_x_fraction"": -0.0041, ""shift_y_fraction"": 0.0301, ""zoom"": 1.0181}"
Post-Antifoam Addition,root,Post-Antifoam Addition/frame_0069.jpg,Post-Antifoam Addition/augmented/small_rotation/root/frame_0069__small_rotation.jpg,small_rotation,"{""angle_degrees"": 2.2849}"
Post-Antifoam Addition,root,Post-Antifoam Addition/frame_0069.jpg,Post-Antifoam Addition/augmented/horizontal_flip/root/frame_0069__horizontal_flip.jpg,horizontal_flip,{}
Post-Antifoam Addition,root,Post-Antifoam Addition/frame_0069.jpg,Post-Antifoam Addition/augmented/brightness/root/frame_0069__brightness.jpg,brightness,"{""factor"": 1.0701}"
Post-Antifoam Addition,root,Post-Antifoam Addition/frame_0069.jpg,Post-Antifoam Addition/augmented/contrast/root/frame_0069__contrast.jpg,contrast,"{""factor"": 1.0624}"
Post-Antifoam Addition,root,Post-Antifoam Addition/frame_0069.jpg,Post-Antifoam Addition/augmented/saturation/root/frame_0069__saturation.jpg,saturation,"{""factor"": 0.9284}"
Post-Antifoam Addition,root,Post-Antifoam Addition/frame_0069.jpg,Post-Antifoam Addition/augmented/zoom_translate/root/frame_0069__zoom_translate.jpg,zoom_translate,"{""shift_x_fraction"": 0.0145, ""shift_y_fraction"": -0.0065, ""zoom"": 1.0294}"
Post-Antifoam Addition,root,Post-Antifoam Addition/frame_0070.jpg,Post-Antifoam Addition/augmented/small_rotation/root/frame_0070__small_rotation.jpg,small_rotation,"{""angle_degrees"": -2.211}"
Post-Antifoam Addition,root,Post-Antifoam Addition/frame_0070.jpg,Post-Antifoam Addition/augmented/horizontal_flip/root/frame_0070__horizontal_flip.jpg,horizontal_flip,{}
Post-Antifoam Addition,root,Post-Antifoam Addition/frame_0070.jpg,Post-Antifoam Addition/augmented/brightness/root/frame_0070__brightness.jpg,brightness,"{""factor"": 0.9959}"
Post-Antifoam Addition,root,Post-Antifoam Addition/frame_0070.jpg,Post-Antifoam Addition/augmented/contrast/root/frame_0070__contrast.jpg,contrast,"{""factor"": 1.0955}"
Post-Antifoam Addition,root,Post-Antifoam Addition/frame_0070.jpg,Post-Antifoam Addition/augmented/saturation/root/frame_0070__saturation.jpg,saturation,"{""factor"": 1.0284}"
Post-Antifoam Addition,root,Post-Antifoam Addition/frame_0070.jpg,Post-Antifoam Addition/augmented/zoom_translate/root/frame_0070__zoom_translate.jpg,zoom_translate,"{""shift_x_fraction"": -0.0138, ""shift_y_fraction"": 0.0348, ""zoom"": 1.0257}"
Post-Antifoam Addition,root,Post-Antifoam Addition/frame_0071.jpg,Post-Antifoam Addition/augmented/small_rotation/root/frame_0071__small_rotation.jpg,small_rotation,"{""angle_degrees"": 2.1807}"
Post-Antifoam Addition,root,Post-Antifoam Addition/frame_0071.jpg,Post-Antifoam Addition/augmented/horizontal_flip/root/frame_0071__horizontal_flip.jpg,horizontal_flip,{}
Post-Antifoam Addition,root,Post-Antifoam Addition/frame_0071.jpg,Post-Antifoam Addition/augmented/brightness/root/frame_0071__brightness.jpg,brightness,"{""factor"": 0.9585}"
Post-Antifoam Addition,root,Post-Antifoam Addition/frame_0071.jpg,Post-Antifoam Addition/augmented/contrast/root/frame_0071__contrast.jpg,contrast,"{""factor"": 1.1407}"
Post-Antifoam Addition,root,Post-Antifoam Addition/frame_0071.jpg,Post-Antifoam Addition/augmented/saturation/root/frame_0071__saturation.jpg,saturation,"{""factor"": 0.9712}"
Post-Antifoam Addition,root,Post-Antifoam Addition/frame_0071.jpg,Post-Antifoam Addition/augmented/zoom_translate/root/frame_0071__zoom_translate.jpg,zoom_translate,"{""shift_x_fraction"": 0.0254, ""shift_y_fraction"": 0.0134, ""zoom"": 1.0013}"
Post-Antifoam Addition,root,Post-Antifoam Addition/frame_0072.jpg,Post-Antifoam Addition/augmented/small_rotation/root/frame_0072__small_rotation.jpg,small_rotation,"{""angle_degrees"": -2.2927}"
Post-Antifoam Addition,root,Post-Antifoam Addition/frame_0072.jpg,Post-Antifoam Addition/augmented/horizontal_flip/root/frame_0072__horizontal_flip.jpg,horizontal_flip,{}
Post-Antifoam Addition,root,Post-Antifoam Addition/frame_0072.jpg,Post-Antifoam Addition/augmented/brightness/root/frame_0072__brightness.jpg,brightness,"{""factor"": 0.9391}"
Post-Antifoam Addition,root,Post-Antifoam Addition/frame_0072.jpg,Post-Antifoam Addition/augmented/contrast/root/frame_0072__contrast.jpg,contrast,"{""factor"": 0.9443}"
Post-Antifoam Addition,root,Post-Antifoam Addition/frame_0072.jpg,Post-Antifoam Addition/augmented/saturation/root/frame_0072__saturation.jpg,saturation,"{""factor"": 0.9164}"
Post-Antifoam Addition,root,Post-Antifoam Addition/frame_0072.jpg,Post-Antifoam Addition/augmented/zoom_translate/root/frame_0072__zoom_translate.jpg,zoom_translate,"{""shift_x_fraction"": 0.0292, ""shift_y_fraction"": 0.0287, ""zoom"": 1.0364}"
Post-Antifoam Addition,root,Post-Antifoam Addition/frame_0073.jpg,Post-Antifoam Addition/augmented/small_rotation/root/frame_0073__small_rotation.jpg,small_rotation,"{""angle_degrees"": 3.1216}"
Post-Antifoam Addition,root,Post-Antifoam Addition/frame_0073.jpg,Post-Antifoam Addition/augmented/horizontal_flip/root/frame_0073__horizontal_flip.jpg,horizontal_flip,{}
Post-Antifoam Addition,root,Post-Antifoam Addition/frame_0073.jpg,Post-Antifoam Addition/augmented/brightness/root/frame_0073__brightness.jpg,brightness,"{""factor"": 0.9195}"
Post-Antifoam Addition,root,Post-Antifoam Addition/frame_0073.jpg,Post-Antifoam Addition/augmented/contrast/root/frame_0073__contrast.jpg,contrast,"{""factor"": 1.0368}"
Post-Antifoam Addition,root,Post-Antifoam Addition/frame_0073.jpg,Post-Antifoam Addition/augmented/saturation/root/frame_0073__saturation.jpg,saturation,"{""factor"": 0.9464}"
Post-Antifoam Addition,root,Post-Antifoam Addition/frame_0073.jpg,Post-Antifoam Addition/augmented/zoom_translate/root/frame_0073__zoom_translate.jpg,zoom_translate,"{""shift_x_fraction"": -0.0132, ""shift_y_fraction"": 0.0104, ""zoom"": 1.0085}"
Post-Antifoam Addition,root,Post-Antifoam Addition/frame_0074.jpg,Post-Antifoam Addition/augmented/small_rotation/root/frame_0074__small_rotation.jpg,small_rotation,"{""angle_degrees"": -3.0044}"
Post-Antifoam Addition,root,Post-Antifoam Addition/frame_0074.jpg,Post-Antifoam Addition/augmented/horizontal_flip/root/frame_0074__horizontal_flip.jpg,horizontal_flip,{}
Post-Antifoam Addition,root,Post-Antifoam Addition/frame_0074.jpg,Post-Antifoam Addition/augmented/brightness/root/frame_0074__brightness.jpg,brightness,"{""factor"": 1.0048}"
Post-Antifoam Addition,root,Post-Antifoam Addition/frame_0074.jpg,Post-Antifoam Addition/augmented/contrast/root/frame_0074__contrast.jpg,contrast,"{""factor"": 1.0383}"
Post-Antifoam Addition,root,Post-Antifoam Addition/frame_0074.jpg,Post-Antifoam Addition/augmented/saturation/root/frame_0074__saturation.jpg,saturation,"{""factor"": 0.9131}"
Post-Antifoam Addition,root,Post-Antifoam Addition/frame_0074.jpg,Post-Antifoam Addition/augmented/zoom_translate/root/frame_0074__zoom_translate.jpg,zoom_translate,"{""shift_x_fraction"": -0.0078, ""shift_y_fraction"": 0.0058, ""zoom"": 1.0572}"
Post-Antifoam Addition,root,Post-Antifoam Addition/frame_0075.jpg,Post-Antifoam Addition/augmented/small_rotation/root/frame_0075__small_rotation.jpg,small_rotation,"{""angle_degrees"": 2.8612}"
Post-Antifoam Addition,root,Post-Antifoam Addition/frame_0075.jpg,Post-Antifoam Addition/augmented/horizontal_flip/root/frame_0075__horizontal_flip.jpg,horizontal_flip,{}
Post-Antifoam Addition,root,Post-Antifoam Addition/frame_0075.jpg,Post-Antifoam Addition/augmented/brightness/root/frame_0075__brightness.jpg,brightness,"{""factor"": 1.0397}"
Post-Antifoam Addition,root,Post-Antifoam Addition/frame_0075.jpg,Post-Antifoam Addition/augmented/contrast/root/frame_0075__contrast.jpg,contrast,"{""factor"": 1.1078}"
Post-Antifoam Addition,root,Post-Antifoam Addition/frame_0075.jpg,Post-Antifoam Addition/augmented/saturation/root/frame_0075__saturation.jpg,saturation,"{""factor"": 1.0956}"
Post-Antifoam Addition,root,Post-Antifoam Addition/frame_0075.jpg,Post-Antifoam Addition/augmented/zoom_translate/root/frame_0075__zoom_translate.jpg,zoom_translate,"{""shift_x_fraction"": 0.016, ""shift_y_fraction"": 0.0003, ""zoom"": 1.0322}"
Post-Antifoam Addition,root,Post-Antifoam Addition/frame_0076.jpg,Post-Antifoam Addition/augmented/small_rotation/root/frame_0076__small_rotation.jpg,small_rotation,"{""angle_degrees"": -4.8295}"
Post-Antifoam Addition,root,Post-Antifoam Addition/frame_0076.jpg,Post-Antifoam Addition/augmented/horizontal_flip/root/frame_0076__horizontal_flip.jpg,horizontal_flip,{}
Post-Antifoam Addition,root,Post-Antifoam Addition/frame_0076.jpg,Post-Antifoam Addition/augmented/brightness/root/frame_0076__brightness.jpg,brightness,"{""factor"": 0.9329}"
Post-Antifoam Addition,root,Post-Antifoam Addition/frame_0076.jpg,Post-Antifoam Addition/augmented/contrast/root/frame_0076__contrast.jpg,contrast,"{""factor"": 0.9499}"
Post-Antifoam Addition,root,Post-Antifoam Addition/frame_0076.jpg,Post-Antifoam Addition/augmented/saturation/root/frame_0076__saturation.jpg,saturation,"{""factor"": 1.0232}"
Post-Antifoam Addition,root,Post-Antifoam Addition/frame_0076.jpg,Post-Antifoam Addition/augmented/zoom_translate/root/frame_0076__zoom_translate.jpg,zoom_translate,"{""shift_x_fraction"": 0.0125, ""shift_y_fraction"": -0.0195, ""zoom"": 1.0259}"
Post-Antifoam Addition,root,Post-Antifoam Addition/frame_0077.jpg,Post-Antifoam Addition/augmented/small_rotation/root/frame_0077__small_rotation.jpg,small_rotation,"{""angle_degrees"": 3.5335}"
Post-Antifoam Addition,root,Post-Antifoam Addition/frame_0077.jpg,Post-Antifoam Addition/augmented/horizontal_flip/root/frame_0077__horizontal_flip.jpg,horizontal_flip,{}
Post-Antifoam Addition,root,Post-Antifoam Addition/frame_0077.jpg,Post-Antifoam Addition/augmented/brightness/root/frame_0077__brightness.jpg,brightness,"{""factor"": 1.1271}"
Post-Antifoam Addition,root,Post-Antifoam Addition/frame_0077.jpg,Post-Antifoam Addition/augmented/contrast/root/frame_0077__contrast.jpg,contrast,"{""factor"": 1.0718}"
Post-Antifoam Addition,root,Post-Antifoam Addition/frame_0077.jpg,Post-Antifoam Addition/augmented/saturation/root/frame_0077__saturation.jpg,saturation,"{""factor"": 0.9354}"
Post-Antifoam Addition,root,Post-Antifoam Addition/frame_0077.jpg,Post-Antifoam Addition/augmented/zoom_translate/root/frame_0077__zoom_translate.jpg,zoom_translate,"{""shift_x_fraction"": -0.0215, ""shift_y_fraction"": -0.0036, ""zoom"": 1.0095}"
Post-Antifoam Addition,root,Post-Antifoam Addition/frame_0078.jpg,Post-Antifoam Addition/augmented/small_rotation/root/frame_0078__small_rotation.jpg,small_rotation,"{""angle_degrees"": 2.7276}"
Post-Antifoam Addition,root,Post-Antifoam Addition/frame_0078.jpg,Post-Antifoam Addition/augmented/horizontal_flip/root/frame_0078__horizontal_flip.jpg,horizontal_flip,{}
Post-Antifoam Addition,root,Post-Antifoam Addition/frame_0078.jpg,Post-Antifoam Addition/augmented/brightness/root/frame_0078__brightness.jpg,brightness,"{""factor"": 1.144}"
Post-Antifoam Addition,root,Post-Antifoam Addition/frame_0078.jpg,Post-Antifoam Addition/augmented/contrast/root/frame_0078__contrast.jpg,contrast,"{""factor"": 1.0685}"
Post-Antifoam Addition,root,Post-Antifoam Addition/frame_0078.jpg,Post-Antifoam Addition/augmented/saturation/root/frame_0078__saturation.jpg,saturation,"{""factor"": 0.9788}"
Post-Antifoam Addition,root,Post-Antifoam Addition/frame_0078.jpg,Post-Antifoam Addition/augmented/zoom_translate/root/frame_0078__zoom_translate.jpg,zoom_translate,"{""shift_x_fraction"": -0.0071, ""shift_y_fraction"": 0.0176, ""zoom"": 1.0283}"
Post-Antifoam Addition,root,Post-Antifoam Addition/frame_0079.jpg,Post-Antifoam Addition/augmented/small_rotation/root/frame_0079__small_rotation.jpg,small_rotation,"{""angle_degrees"": -7.9304}"
Post-Antifoam Addition,root,Post-Antifoam Addition/frame_0079.jpg,Post-Antifoam Addition/augmented/horizontal_flip/root/frame_0079__horizontal_flip.jpg,horizontal_flip,{}
Post-Antifoam Addition,root,Post-Antifoam Addition/frame_0079.jpg,Post-Antifoam Addition/augmented/brightness/root/frame_0079__brightness.jpg,brightness,"{""factor"": 1.1425}"
Post-Antifoam Addition,root,Post-Antifoam Addition/frame_0079.jpg,Post-Antifoam Addition/augmented/contrast/root/frame_0079__contrast.jpg,contrast,"{""factor"": 1.0347}"
Post-Antifoam Addition,root,Post-Antifoam Addition/frame_0079.jpg,Post-Antifoam Addition/augmented/saturation/root/frame_0079__saturation.jpg,saturation,"{""factor"": 0.9686}"
Post-Antifoam Addition,root,Post-Antifoam Addition/frame_0079.jpg,Post-Antifoam Addition/augmented/zoom_translate/root/frame_0079__zoom_translate.jpg,zoom_translate,"{""shift_x_fraction"": -0.0091, ""shift_y_fraction"": 0.0075, ""zoom"": 1.0488}"
Post-Antifoam Addition,root,Post-Antifoam Addition/frame_0080.jpg,Post-Antifoam Addition/augmented/small_rotation/root/frame_0080__small_rotation.jpg,small_rotation,"{""angle_degrees"": 4.3993}"
Post-Antifoam Addition,root,Post-Antifoam Addition/frame_0080.jpg,Post-Antifoam Addition/augmented/horizontal_flip/root/frame_0080__horizontal_flip.jpg,horizontal_flip,{}
Post-Antifoam Addition,root,Post-Antifoam Addition/frame_0080.jpg,Post-Antifoam Addition/augmented/brightness/root/frame_0080__brightness.jpg,brightness,"{""factor"": 0.9812}"
Post-Antifoam Addition,root,Post-Antifoam Addition/frame_0080.jpg,Post-Antifoam Addition/augmented/contrast/root/frame_0080__contrast.jpg,contrast,"{""factor"": 1.0929}"
Post-Antifoam Addition,root,Post-Antifoam Addition/frame_0080.jpg,Post-Antifoam Addition/augmented/saturation/root/frame_0080__saturation.jpg,saturation,"{""factor"": 1.0444}"
Post-Antifoam Addition,root,Post-Antifoam Addition/frame_0080.jpg,Post-Antifoam Addition/augmented/zoom_translate/root/frame_0080__zoom_translate.jpg,zoom_translate,"{""shift_x_fraction"": -0.0344, ""shift_y_fraction"": 0.0282, ""zoom"": 1.06}"
Post-Antifoam Addition,root,Post-Antifoam Addition/frame_0081.jpg,Post-Antifoam Addition/augmented/small_rotation/root/frame_0081__small_rotation.jpg,small_rotation,"{""angle_degrees"": 0.1862}"
Post-Antifoam Addition,root,Post-Antifoam Addition/frame_0081.jpg,Post-Antifoam Addition/augmented/horizontal_flip/root/frame_0081__horizontal_flip.jpg,horizontal_flip,{}
Post-Antifoam Addition,root,Post-Antifoam Addition/frame_0081.jpg,Post-Antifoam Addition/augmented/brightness/root/frame_0081__brightness.jpg,brightness,"{""factor"": 0.8684}"
Post-Antifoam Addition,root,Post-Antifoam Addition/frame_0081.jpg,Post-Antifoam Addition/augmented/contrast/root/frame_0081__contrast.jpg,contrast,"{""factor"": 1.1268}"
Post-Antifoam Addition,root,Post-Antifoam Addition/frame_0081.jpg,Post-Antifoam Addition/augmented/saturation/root/frame_0081__saturation.jpg,saturation,"{""factor"": 1.0612}"
Post-Antifoam Addition,root,Post-Antifoam Addition/frame_0081.jpg,Post-Antifoam Addition/augmented/zoom_translate/root/frame_0081__zoom_translate.jpg,zoom_translate,"{""shift_x_fraction"": -0.0053, ""shift_y_fraction"": -0.0251, ""zoom"": 1.0633}"
Post-Antifoam Addition,root,Post-Antifoam Addition/frame_0082.jpg,Post-Antifoam Addition/augmented/small_rotation/root/frame_0082__small_rotation.jpg,small_rotation,"{""angle_degrees"": -7.766}"
Post-Antifoam Addition,root,Post-Antifoam Addition/frame_0082.jpg,Post-Antifoam Addition/augmented/horizontal_flip/root/frame_0082__horizontal_flip.jpg,horizontal_flip,{}
Post-Antifoam Addition,root,Post-Antifoam Addition/frame_0082.jpg,Post-Antifoam Addition/augmented/brightness/root/frame_0082__brightness.jpg,brightness,"{""factor"": 0.9685}"
Post-Antifoam Addition,root,Post-Antifoam Addition/frame_0082.jpg,Post-Antifoam Addition/augmented/contrast/root/frame_0082__contrast.jpg,contrast,"{""factor"": 0.8986}"
Post-Antifoam Addition,root,Post-Antifoam Addition/frame_0082.jpg,Post-Antifoam Addition/augmented/saturation/root/frame_0082__saturation.jpg,saturation,"{""factor"": 1.0335}"
Post-Antifoam Addition,root,Post-Antifoam Addition/frame_0082.jpg,Post-Antifoam Addition/augmented/zoom_translate/root/frame_0082__zoom_translate.jpg,zoom_translate,"{""shift_x_fraction"": 0.0008, ""shift_y_fraction"": -0.0132, ""zoom"": 1.0289}"
Post-Antifoam Addition,root,Post-Antifoam Addition/frame_0083.jpg,Post-Antifoam Addition/augmented/small_rotation/root/frame_0083__small_rotation.jpg,small_rotation,"{""angle_degrees"": 2.9717}"
Post-Antifoam Addition,root,Post-Antifoam Addition/frame_0083.jpg,Post-Antifoam Addition/augmented/horizontal_flip/root/frame_0083__horizontal_flip.jpg,horizontal_flip,{}
Post-Antifoam Addition,root,Post-Antifoam Addition/frame_0083.jpg,Post-Antifoam Addition/augmented/brightness/root/frame_0083__brightness.jpg,brightness,"{""factor"": 0.9643}"
Post-Antifoam Addition,root,Post-Antifoam Addition/frame_0083.jpg,Post-Antifoam Addition/augmented/contrast/root/frame_0083__contrast.jpg,contrast,"{""factor"": 1.0207}"
Post-Antifoam Addition,root,Post-Antifoam Addition/frame_0083.jpg,Post-Antifoam Addition/augmented/saturation/root/frame_0083__saturation.jpg,saturation,"{""factor"": 1.0817}"
Post-Antifoam Addition,root,Post-Antifoam Addition/frame_0083.jpg,Post-Antifoam Addition/augmented/zoom_translate/root/frame_0083__zoom_translate.jpg,zoom_translate,"{""shift_x_fraction"": 0.0168, ""shift_y_fraction"": -0.0252, ""zoom"": 1.0286}"
Post-Antifoam Addition,root,Post-Antifoam Addition/frame_0084.jpg,Post-Antifoam Addition/augmented/small_rotation/root/frame_0084__small_rotation.jpg,small_rotation,"{""angle_degrees"": 7.8167}"
Post-Antifoam Addition,root,Post-Antifoam Addition/frame_0084.jpg,Post-Antifoam Addition/augmented/horizontal_flip/root/frame_0084__horizontal_flip.jpg,horizontal_flip,{}
Post-Antifoam Addition,root,Post-Antifoam Addition/frame_0084.jpg,Post-Antifoam Addition/augmented/brightness/root/frame_0084__brightness.jpg,brightness,"{""factor"": 1.0424}"
Post-Antifoam Addition,root,Post-Antifoam Addition/frame_0084.jpg,Post-Antifoam Addition/augmented/contrast/root/frame_0084__contrast.jpg,contrast,"{""factor"": 1.0418}"
Post-Antifoam Addition,root,Post-Antifoam Addition/frame_0084.jpg,Post-Antifoam Addition/augmented/saturation/root/frame_0084__saturation.jpg,saturation,"{""factor"": 1.0829}"
Post-Antifoam Addition,root,Post-Antifoam Addition/frame_0084.jpg,Post-Antifoam Addition/augmented/zoom_translate/root/frame_0084__zoom_translate.jpg,zoom_translate,"{""shift_x_fraction"": -0.0042, ""shift_y_fraction"": 0.0326, ""zoom"": 1.0594}"
Post-Antifoam Addition,root,Post-Antifoam Addition/frame_0085.jpg,Post-Antifoam Addition/augmented/small_rotation/root/frame_0085__small_rotation.jpg,small_rotation,"{""angle_degrees"": -4.6058}"
Post-Antifoam Addition,root,Post-Antifoam Addition/frame_0085.jpg,Post-Antifoam Addition/augmented/horizontal_flip/root/frame_0085__horizontal_flip.jpg,horizontal_flip,{}
Post-Antifoam Addition,root,Post-Antifoam Addition/frame_0085.jpg,Post-Antifoam Addition/augmented/brightness/root/frame_0085__brightness.jpg,brightness,"{""factor"": 1.0086}"
Post-Antifoam Addition,root,Post-Antifoam Addition/frame_0085.jpg,Post-Antifoam Addition/augmented/contrast/root/frame_0085__contrast.jpg,contrast,"{""factor"": 1.0031}"
Post-Antifoam Addition,root,Post-Antifoam Addition/frame_0085.jpg,Post-Antifoam Addition/augmented/saturation/root/frame_0085__saturation.jpg,saturation,"{""factor"": 1.0461}"
Post-Antifoam Addition,root,Post-Antifoam Addition/frame_0085.jpg,Post-Antifoam Addition/augmented/zoom_translate/root/frame_0085__zoom_translate.jpg,zoom_translate,"{""shift_x_fraction"": -0.0153, ""shift_y_fraction"": 0.0277, ""zoom"": 1.0737}"
Post-Antifoam Addition,root,Post-Antifoam Addition/frame_0086.jpg,Post-Antifoam Addition/augmented/small_rotation/root/frame_0086__small_rotation.jpg,small_rotation,"{""angle_degrees"": -6.2942}"
Post-Antifoam Addition,root,Post-Antifoam Addition/frame_0086.jpg,Post-Antifoam Addition/augmented/horizontal_flip/root/frame_0086__horizontal_flip.jpg,horizontal_flip,{}
Post-Antifoam Addition,root,Post-Antifoam Addition/frame_0086.jpg,Post-Antifoam Addition/augmented/brightness/root/frame_0086__brightness.jpg,brightness,"{""factor"": 1.0081}"
Post-Antifoam Addition,root,Post-Antifoam Addition/frame_0086.jpg,Post-Antifoam Addition/augmented/contrast/root/frame_0086__contrast.jpg,contrast,"{""factor"": 1.0897}"
Post-Antifoam Addition,root,Post-Antifoam Addition/frame_0086.jpg,Post-Antifoam Addition/augmented/saturation/root/frame_0086__saturation.jpg,saturation,"{""factor"": 0.9321}"
Post-Antifoam Addition,root,Post-Antifoam Addition/frame_0086.jpg,Post-Antifoam Addition/augmented/zoom_translate/root/frame_0086__zoom_translate.jpg,zoom_translate,"{""shift_x_fraction"": -0.0083, ""shift_y_fraction"": 0.0114, ""zoom"": 1.0579}"
Post-Antifoam Addition,root,Post-Antifoam Addition/frame_0087.jpg,Post-Antifoam Addition/augmented/small_rotation/root/frame_0087__small_rotation.jpg,small_rotation,"{""angle_degrees"": 7.0011}"
Post-Antifoam Addition,root,Post-Antifoam Addition/frame_0087.jpg,Post-Antifoam Addition/augmented/horizontal_flip/root/frame_0087__horizontal_flip.jpg,horizontal_flip,{}
Post-Antifoam Addition,root,Post-Antifoam Addition/frame_0087.jpg,Post-Antifoam Addition/augmented/brightness/root/frame_0087__brightness.jpg,brightness,"{""factor"": 0.8688}"
Post-Antifoam Addition,root,Post-Antifoam Addition/frame_0087.jpg,Post-Antifoam Addition/augmented/contrast/root/frame_0087__contrast.jpg,contrast,"{""factor"": 1.0571}"
Post-Antifoam Addition,root,Post-Antifoam Addition/frame_0087.jpg,Post-Antifoam Addition/augmented/saturation/root/frame_0087__saturation.jpg,saturation,"{""factor"": 0.9343}"
Post-Antifoam Addition,root,Post-Antifoam Addition/frame_0087.jpg,Post-Antifoam Addition/augmented/zoom_translate/root/frame_0087__zoom_translate.jpg,zoom_translate,"{""shift_x_fraction"": 0.0152, ""shift_y_fraction"": -0.0032, ""zoom"": 1.0004}"
Post-Antifoam Addition,root,Post-Antifoam Addition/frame_0088.jpg,Post-Antifoam Addition/augmented/small_rotation/root/frame_0088__small_rotation.jpg,small_rotation,"{""angle_degrees"": -4.3553}"
Post-Antifoam Addition,root,Post-Antifoam Addition/frame_0088.jpg,Post-Antifoam Addition/augmented/horizontal_flip/root/frame_0088__horizontal_flip.jpg,horizontal_flip,{}
Post-Antifoam Addition,root,Post-Antifoam Addition/frame_0088.jpg,Post-Antifoam Addition/augmented/brightness/root/frame_0088__brightness.jpg,brightness,"{""factor"": 1.0808}"
Post-Antifoam Addition,root,Post-Antifoam Addition/frame_0088.jpg,Post-Antifoam Addition/augmented/contrast/root/frame_0088__contrast.jpg,contrast,"{""factor"": 1.0044}"
Post-Antifoam Addition,root,Post-Antifoam Addition/frame_0088.jpg,Post-Antifoam Addition/augmented/saturation/root/frame_0088__saturation.jpg,saturation,"{""factor"": 1.0241}"
Post-Antifoam Addition,root,Post-Antifoam Addition/frame_0088.jpg,Post-Antifoam Addition/augmented/zoom_translate/root/frame_0088__zoom_translate.jpg,zoom_translate,"{""shift_x_fraction"": -0.0109, ""shift_y_fraction"": 0.0065, ""zoom"": 1.0756}"
Post-Antifoam Addition,root,Post-Antifoam Addition/frame_0089.jpg,Post-Antifoam Addition/augmented/small_rotation/root/frame_0089__small_rotation.jpg,small_rotation,"{""angle_degrees"": 6.1999}"
Post-Antifoam Addition,root,Post-Antifoam Addition/frame_0089.jpg,Post-Antifoam Addition/augmented/horizontal_flip/root/frame_0089__horizontal_flip.jpg,horizontal_flip,{}
Post-Antifoam Addition,root,Post-Antifoam Addition/frame_0089.jpg,Post-Antifoam Addition/augmented/brightness/root/frame_0089__brightness.jpg,brightness,"{""factor"": 1.119}"
Post-Antifoam Addition,root,Post-Antifoam Addition/frame_0089.jpg,Post-Antifoam Addition/augmented/contrast/root/frame_0089__contrast.jpg,contrast,"{""factor"": 0.9279}"
Post-Antifoam Addition,root,Post-Antifoam Addition/frame_0089.jpg,Post-Antifoam Addition/augmented/saturation/root/frame_0089__saturation.jpg,saturation,"{""factor"": 1.0094}"
Post-Antifoam Addition,root,Post-Antifoam Addition/frame_0089.jpg,Post-Antifoam Addition/augmented/zoom_translate/root/frame_0089__zoom_translate.jpg,zoom_translate,"{""shift_x_fraction"": -0.0036, ""shift_y_fraction"": 0.0205, ""zoom"": 1.0736}"
Post-Antifoam Addition,root,Post-Antifoam Addition/frame_0090.jpg,Post-Antifoam Addition/augmented/small_rotation/root/frame_0090__small_rotation.jpg,small_rotation,"{""angle_degrees"": 1.8332}"
Post-Antifoam Addition,root,Post-Antifoam Addition/frame_0090.jpg,Post-Antifoam Addition/augmented/horizontal_flip/root/frame_0090__horizontal_flip.jpg,horizontal_flip,{}
Post-Antifoam Addition,root,Post-Antifoam Addition/frame_0090.jpg,Post-Antifoam Addition/augmented/brightness/root/frame_0090__brightness.jpg,brightness,"{""factor"": 0.9111}"
Post-Antifoam Addition,root,Post-Antifoam Addition/frame_0090.jpg,Post-Antifoam Addition/augmented/contrast/root/frame_0090__contrast.jpg,contrast,"{""factor"": 1.0771}"
Post-Antifoam Addition,root,Post-Antifoam Addition/frame_0090.jpg,Post-Antifoam Addition/augmented/saturation/root/frame_0090__saturation.jpg,saturation,"{""factor"": 1.0443}"
Post-Antifoam Addition,root,Post-Antifoam Addition/frame_0090.jpg,Post-Antifoam Addition/augmented/zoom_translate/root/frame_0090__zoom_translate.jpg,zoom_translate,"{""shift_x_fraction"": 0.0003, ""shift_y_fraction"": -0.0324, ""zoom"": 1.0742}"
Post-Antifoam Addition,root,Post-Antifoam Addition/frame_0091.jpg,Post-Antifoam Addition/augmented/small_rotation/root/frame_0091__small_rotation.jpg,small_rotation,"{""angle_degrees"": -1.9095}"
Post-Antifoam Addition,root,Post-Antifoam Addition/frame_0091.jpg,Post-Antifoam Addition/augmented/horizontal_flip/root/frame_0091__horizontal_flip.jpg,horizontal_flip,{}
Post-Antifoam Addition,root,Post-Antifoam Addition/frame_0091.jpg,Post-Antifoam Addition/augmented/brightness/root/frame_0091__brightness.jpg,brightness,"{""factor"": 1.0962}"
Post-Antifoam Addition,root,Post-Antifoam Addition/frame_0091.jpg,Post-Antifoam Addition/augmented/contrast/root/frame_0091__contrast.jpg,contrast,"{""factor"": 0.959}"
Post-Antifoam Addition,root,Post-Antifoam Addition/frame_0091.jpg,Post-Antifoam Addition/augmented/saturation/root/frame_0091__saturation.jpg,saturation,"{""factor"": 1.0536}"
Post-Antifoam Addition,root,Post-Antifoam Addition/frame_0091.jpg,Post-Antifoam Addition/augmented/zoom_translate/root/frame_0091__zoom_translate.jpg,zoom_translate,"{""shift_x_fraction"": 0.0081, ""shift_y_fraction"": -0.0313, ""zoom"": 1.0748}"
Post-Antifoam Addition,root,Post-Antifoam Addition/frame_0092.jpg,Post-Antifoam Addition/augmented/small_rotation/root/frame_0092__small_rotation.jpg,small_rotation,"{""angle_degrees"": 7.559}"
Post-Antifoam Addition,root,Post-Antifoam Addition/frame_0092.jpg,Post-Antifoam Addition/augmented/horizontal_flip/root/frame_0092__horizontal_flip.jpg,horizontal_flip,{}
Post-Antifoam Addition,root,Post-Antifoam Addition/frame_0092.jpg,Post-Antifoam Addition/augmented/brightness/root/frame_0092__brightness.jpg,brightness,"{""factor"": 1.0251}"
Post-Antifoam Addition,root,Post-Antifoam Addition/frame_0092.jpg,Post-Antifoam Addition/augmented/contrast/root/frame_0092__contrast.jpg,contrast,"{""factor"": 0.9511}"
Post-Antifoam Addition,root,Post-Antifoam Addition/frame_0092.jpg,Post-Antifoam Addition/augmented/saturation/root/frame_0092__saturation.jpg,saturation,"{""factor"": 0.9563}"
Post-Antifoam Addition,root,Post-Antifoam Addition/frame_0092.jpg,Post-Antifoam Addition/augmented/zoom_translate/root/frame_0092__zoom_translate.jpg,zoom_translate,"{""shift_x_fraction"": -0.0121, ""shift_y_fraction"": -0.0347, ""zoom"": 1.0007}"
Post-Antifoam Addition,root,Post-Antifoam Addition/frame_0093.jpg,Post-Antifoam Addition/augmented/small_rotation/root/frame_0093__small_rotation.jpg,small_rotation,"{""angle_degrees"": -5.2428}"
Post-Antifoam Addition,root,Post-Antifoam Addition/frame_0093.jpg,Post-Antifoam Addition/augmented/horizontal_flip/root/frame_0093__horizontal_flip.jpg,horizontal_flip,{}
Post-Antifoam Addition,root,Post-Antifoam Addition/frame_0093.jpg,Post-Antifoam Addition/augmented/brightness/root/frame_0093__brightness.jpg,brightness,"{""factor"": 1.1422}"
Post-Antifoam Addition,root,Post-Antifoam Addition/frame_0093.jpg,Post-Antifoam Addition/augmented/contrast/root/frame_0093__contrast.jpg,contrast,"{""factor"": 0.8726}"
Post-Antifoam Addition,root,Post-Antifoam Addition/frame_0093.jpg,Post-Antifoam Addition/augmented/saturation/root/frame_0093__saturation.jpg,saturation,"{""factor"": 1.0223}"
Post-Antifoam Addition,root,Post-Antifoam Addition/frame_0093.jpg,Post-Antifoam Addition/augmented/zoom_translate/root/frame_0093__zoom_translate.jpg,zoom_translate,"{""shift_x_fraction"": -0.018, ""shift_y_fraction"": -0.0287, ""zoom"": 1.0582}"
Post-Antifoam Addition,root,Post-Antifoam Addition/frame_0094.jpg,Post-Antifoam Addition/augmented/small_rotation/root/frame_0094__small_rotation.jpg,small_rotation,"{""angle_degrees"": -1.7883}"
Post-Antifoam Addition,root,Post-Antifoam Addition/frame_0094.jpg,Post-Antifoam Addition/augmented/horizontal_flip/root/frame_0094__horizontal_flip.jpg,horizontal_flip,{}
Post-Antifoam Addition,root,Post-Antifoam Addition/frame_0094.jpg,Post-Antifoam Addition/augmented/brightness/root/frame_0094__brightness.jpg,brightness,"{""factor"": 1.0375}"
Post-Antifoam Addition,root,Post-Antifoam Addition/frame_0094.jpg,Post-Antifoam Addition/augmented/contrast/root/frame_0094__contrast.jpg,contrast,"{""factor"": 1.0602}"
Post-Antifoam Addition,root,Post-Antifoam Addition/frame_0094.jpg,Post-Antifoam Addition/augmented/saturation/root/frame_0094__saturation.jpg,saturation,"{""factor"": 1.0382}"
Post-Antifoam Addition,root,Post-Antifoam Addition/frame_0094.jpg,Post-Antifoam Addition/augmented/zoom_translate/root/frame_0094__zoom_translate.jpg,zoom_translate,"{""shift_x_fraction"": -0.0283, ""shift_y_fraction"": -0.026, ""zoom"": 1.0432}"
Post-Antifoam Addition,root,Post-Antifoam Addition/frame_0095.jpg,Post-Antifoam Addition/augmented/small_rotation/root/frame_0095__small_rotation.jpg,small_rotation,"{""angle_degrees"": 7.4208}"
Post-Antifoam Addition,root,Post-Antifoam Addition/frame_0095.jpg,Post-Antifoam Addition/augmented/horizontal_flip/root/frame_0095__horizontal_flip.jpg,horizontal_flip,{}
Post-Antifoam Addition,root,Post-Antifoam Addition/frame_0095.jpg,Post-Antifoam Addition/augmented/brightness/root/frame_0095__brightness.jpg,brightness,"{""factor"": 1.0088}"
Post-Antifoam Addition,root,Post-Antifoam Addition/frame_0095.jpg,Post-Antifoam Addition/augmented/contrast/root/frame_0095__contrast.jpg,contrast,"{""factor"": 1.0451}"
Post-Antifoam Addition,root,Post-Antifoam Addition/frame_0095.jpg,Post-Antifoam Addition/augmented/saturation/root/frame_0095__saturation.jpg,saturation,"{""factor"": 1.0738}"
Post-Antifoam Addition,root,Post-Antifoam Addition/frame_0095.jpg,Post-Antifoam Addition/augmented/zoom_translate/root/frame_0095__zoom_translate.jpg,zoom_translate,"{""shift_x_fraction"": 0.0269, ""shift_y_fraction"": 0.0325, ""zoom"": 1.0608}"
Post-Antifoam Addition,root,Post-Antifoam Addition/frame_0096.jpg,Post-Antifoam Addition/augmented/small_rotation/root/frame_0096__small_rotation.jpg,small_rotation,"{""angle_degrees"": -6.5968}"
Post-Antifoam Addition,root,Post-Antifoam Addition/frame_0096.jpg,Post-Antifoam Addition/augmented/horizontal_flip/root/frame_0096__horizontal_flip.jpg,horizontal_flip,{}
Post-Antifoam Addition,root,Post-Antifoam Addition/frame_0096.jpg,Post-Antifoam Addition/augmented/brightness/root/frame_0096__brightness.jpg,brightness,"{""factor"": 1.0266}"
Post-Antifoam Addition,root,Post-Antifoam Addition/frame_0096.jpg,Post-Antifoam Addition/augmented/contrast/root/frame_0096__contrast.jpg,contrast,"{""factor"": 0.972}"
Post-Antifoam Addition,root,Post-Antifoam Addition/frame_0096.jpg,Post-Antifoam Addition/augmented/saturation/root/frame_0096__saturation.jpg,saturation,"{""factor"": 1.0767}"
Post-Antifoam Addition,root,Post-Antifoam Addition/frame_0096.jpg,Post-Antifoam Addition/augmented/zoom_translate/root/frame_0096__zoom_translate.jpg,zoom_translate,"{""shift_x_fraction"": 0.0185, ""shift_y_fraction"": 0.0234, ""zoom"": 1.0784}"
Post-Antifoam Addition,root,Post-Antifoam Addition/frame_0097.jpg,Post-Antifoam Addition/augmented/small_rotation/root/frame_0097__small_rotation.jpg,small_rotation,"{""angle_degrees"": 7.4012}"
Post-Antifoam Addition,root,Post-Antifoam Addition/frame_0097.jpg,Post-Antifoam Addition/augmented/horizontal_flip/root/frame_0097__horizontal_flip.jpg,horizontal_flip,{}
Post-Antifoam Addition,root,Post-Antifoam Addition/frame_0097.jpg,Post-Antifoam Addition/augmented/brightness/root/frame_0097__brightness.jpg,brightness,"{""factor"": 1.1422}"
Post-Antifoam Addition,root,Post-Antifoam Addition/frame_0097.jpg,Post-Antifoam Addition/augmented/contrast/root/frame_0097__contrast.jpg,contrast,"{""factor"": 1.1265}"
Post-Antifoam Addition,root,Post-Antifoam Addition/frame_0097.jpg,Post-Antifoam Addition/augmented/saturation/root/frame_0097__saturation.jpg,saturation,"{""factor"": 1.0935}"
Post-Antifoam Addition,root,Post-Antifoam Addition/frame_0097.jpg,Post-Antifoam Addition/augmented/zoom_translate/root/frame_0097__zoom_translate.jpg,zoom_translate,"{""shift_x_fraction"": 0.0347, ""shift_y_fraction"": -0.0293, ""zoom"": 1.0319}"
Post-Antifoam Addition,root,Post-Antifoam Addition/frame_0098.jpg,Post-Antifoam Addition/augmented/small_rotation/root/frame_0098__small_rotation.jpg,small_rotation,"{""angle_degrees"": -5.4958}"
Post-Antifoam Addition,root,Post-Antifoam Addition/frame_0098.jpg,Post-Antifoam Addition/augmented/horizontal_flip/root/frame_0098__horizontal_flip.jpg,horizontal_flip,{}
Post-Antifoam Addition,root,Post-Antifoam Addition/frame_0098.jpg,Post-Antifoam Addition/augmented/brightness/root/frame_0098__brightness.jpg,brightness,"{""factor"": 1.1354}"
Post-Antifoam Addition,root,Post-Antifoam Addition/frame_0098.jpg,Post-Antifoam Addition/augmented/contrast/root/frame_0098__contrast.jpg,contrast,"{""factor"": 1.0108}"
Post-Antifoam Addition,root,Post-Antifoam Addition/frame_0098.jpg,Post-Antifoam Addition/augmented/saturation/root/frame_0098__saturation.jpg,saturation,"{""factor"": 1.0622}"
Post-Antifoam Addition,root,Post-Antifoam Addition/frame_0098.jpg,Post-Antifoam Addition/augmented/zoom_translate/root/frame_0098__zoom_translate.jpg,zoom_translate,"{""shift_x_fraction"": 0.0032, ""shift_y_fraction"": 0.034, ""zoom"": 1.0207}"
Post-Antifoam Addition,root,Post-Antifoam Addition/frame_0099.jpg,Post-Antifoam Addition/augmented/small_rotation/root/frame_0099__small_rotation.jpg,small_rotation,"{""angle_degrees"": 1.0653}"
Post-Antifoam Addition,root,Post-Antifoam Addition/frame_0099.jpg,Post-Antifoam Addition/augmented/horizontal_flip/root/frame_0099__horizontal_flip.jpg,horizontal_flip,{}
Post-Antifoam Addition,root,Post-Antifoam Addition/frame_0099.jpg,Post-Antifoam Addition/augmented/brightness/root/frame_0099__brightness.jpg,brightness,"{""factor"": 0.9505}"
Post-Antifoam Addition,root,Post-Antifoam Addition/frame_0099.jpg,Post-Antifoam Addition/augmented/contrast/root/frame_0099__contrast.jpg,contrast,"{""factor"": 1.0799}"
Post-Antifoam Addition,root,Post-Antifoam Addition/frame_0099.jpg,Post-Antifoam Addition/augmented/saturation/root/frame_0099__saturation.jpg,saturation,"{""factor"": 1.0954}"
Post-Antifoam Addition,root,Post-Antifoam Addition/frame_0099.jpg,Post-Antifoam Addition/augmented/zoom_translate/root/frame_0099__zoom_translate.jpg,zoom_translate,"{""shift_x_fraction"": -0.0312, ""shift_y_fraction"": 0.0109, ""zoom"": 1.047}"
Post-Antifoam Addition,root,Post-Antifoam Addition/frame_0100.jpg,Post-Antifoam Addition/augmented/small_rotation/root/frame_0100__small_rotation.jpg,small_rotation,"{""angle_degrees"": -0.9737}"
Post-Antifoam Addition,root,Post-Antifoam Addition/frame_0100.jpg,Post-Antifoam Addition/augmented/horizontal_flip/root/frame_0100__horizontal_flip.jpg,horizontal_flip,{}
Post-Antifoam Addition,root,Post-Antifoam Addition/frame_0100.jpg,Post-Antifoam Addition/augmented/brightness/root/frame_0100__brightness.jpg,brightness,"{""factor"": 1.0164}"
Post-Antifoam Addition,root,Post-Antifoam Addition/frame_0100.jpg,Post-Antifoam Addition/augmented/contrast/root/frame_0100__contrast.jpg,contrast,"{""factor"": 0.9371}"
Post-Antifoam Addition,root,Post-Antifoam Addition/frame_0100.jpg,Post-Antifoam Addition/augmented/saturation/root/frame_0100__saturation.jpg,saturation,"{""factor"": 0.9621}"
Post-Antifoam Addition,root,Post-Antifoam Addition/frame_0100.jpg,Post-Antifoam Addition/augmented/zoom_translate/root/frame_0100__zoom_translate.jpg,zoom_translate,"{""shift_x_fraction"": 0.0106, ""shift_y_fraction"": 0.034, ""zoom"": 1.0756}"
Post-Antifoam Addition,root,Post-Antifoam Addition/frame_0101.jpg,Post-Antifoam Addition/augmented/small_rotation/root/frame_0101__small_rotation.jpg,small_rotation,"{""angle_degrees"": 7.65}"
Post-Antifoam Addition,root,Post-Antifoam Addition/frame_0101.jpg,Post-Antifoam Addition/augmented/horizontal_flip/root/frame_0101__horizontal_flip.jpg,horizontal_flip,{}
Post-Antifoam Addition,root,Post-Antifoam Addition/frame_0101.jpg,Post-Antifoam Addition/augmented/brightness/root/frame_0101__brightness.jpg,brightness,"{""factor"": 1.0566}"
Post-Antifoam Addition,root,Post-Antifoam Addition/frame_0101.jpg,Post-Antifoam Addition/augmented/contrast/root/frame_0101__contrast.jpg,contrast,"{""factor"": 1.0242}"
Post-Antifoam Addition,root,Post-Antifoam Addition/frame_0101.jpg,Post-Antifoam Addition/augmented/saturation/root/frame_0101__saturation.jpg,saturation,"{""factor"": 1.0434}"
Post-Antifoam Addition,root,Post-Antifoam Addition/frame_0101.jpg,Post-Antifoam Addition/augmented/zoom_translate/root/frame_0101__zoom_translate.jpg,zoom_translate,"{""shift_x_fraction"": -0.0071, ""shift_y_fraction"": -0.0201, ""zoom"": 1.072}"
Post-Antifoam Addition,root,Post-Antifoam Addition/frame_0102.jpg,Post-Antifoam Addition/augmented/small_rotation/root/frame_0102__small_rotation.jpg,small_rotation,"{""angle_degrees"": 1.1966}"
Post-Antifoam Addition,root,Post-Antifoam Addition/frame_0102.jpg,Post-Antifoam Addition/augmented/horizontal_flip/root/frame_0102__horizontal_flip.jpg,horizontal_flip,{}
Post-Antifoam Addition,root,Post-Antifoam Addition/frame_0102.jpg,Post-Antifoam Addition/augmented/brightness/root/frame_0102__brightness.jpg,brightness,"{""factor"": 0.9433}"
Post-Antifoam Addition,root,Post-Antifoam Addition/frame_0102.jpg,Post-Antifoam Addition/augmented/contrast/root/frame_0102__contrast.jpg,contrast,"{""factor"": 0.9638}"
Post-Antifoam Addition,root,Post-Antifoam Addition/frame_0102.jpg,Post-Antifoam Addition/augmented/saturation/root/frame_0102__saturation.jpg,saturation,"{""factor"": 0.9646}"
Post-Antifoam Addition,root,Post-Antifoam Addition/frame_0102.jpg,Post-Antifoam Addition/augmented/zoom_translate/root/frame_0102__zoom_translate.jpg,zoom_translate,"{""shift_x_fraction"": 0.0244, ""shift_y_fraction"": -0.0302, ""zoom"": 1.0404}"
Post-Antifoam Addition,root,Post-Antifoam Addition/frame_0103.jpg,Post-Antifoam Addition/augmented/small_rotation/root/frame_0103__small_rotation.jpg,small_rotation,"{""angle_degrees"": 3.1804}"
Post-Antifoam Addition,root,Post-Antifoam Addition/frame_0103.jpg,Post-Antifoam Addition/augmented/horizontal_flip/root/frame_0103__horizontal_flip.jpg,horizontal_flip,{}
Post-Antifoam Addition,root,Post-Antifoam Addition/frame_0103.jpg,Post-Antifoam Addition/augmented/brightness/root/frame_0103__brightness.jpg,brightness,"{""factor"": 1.0273}"
Post-Antifoam Addition,root,Post-Antifoam Addition/frame_0103.jpg,Post-Antifoam Addition/augmented/contrast/root/frame_0103__contrast.jpg,contrast,"{""factor"": 0.8503}"
Post-Antifoam Addition,root,Post-Antifoam Addition/frame_0103.jpg,Post-Antifoam Addition/augmented/saturation/root/frame_0103__saturation.jpg,saturation,"{""factor"": 1.0302}"
Post-Antifoam Addition,root,Post-Antifoam Addition/frame_0103.jpg,Post-Antifoam Addition/augmented/zoom_translate/root/frame_0103__zoom_translate.jpg,zoom_translate,"{""shift_x_fraction"": 0.023, ""shift_y_fraction"": -0.0119, ""zoom"": 1.0492}"
Post-Antifoam Addition,root,Post-Antifoam Addition/frame_0104.jpg,Post-Antifoam Addition/augmented/small_rotation/root/frame_0104__small_rotation.jpg,small_rotation,"{""angle_degrees"": -3.4105}"
Post-Antifoam Addition,root,Post-Antifoam Addition/frame_0104.jpg,Post-Antifoam Addition/augmented/horizontal_flip/root/frame_0104__horizontal_flip.jpg,horizontal_flip,{}
Post-Antifoam Addition,root,Post-Antifoam Addition/frame_0104.jpg,Post-Antifoam Addition/augmented/brightness/root/frame_0104__brightness.jpg,brightness,"{""factor"": 1.0472}"
Post-Antifoam Addition,root,Post-Antifoam Addition/frame_0104.jpg,Post-Antifoam Addition/augmented/contrast/root/frame_0104__contrast.jpg,contrast,"{""factor"": 1.0677}"
Post-Antifoam Addition,root,Post-Antifoam Addition/frame_0104.jpg,Post-Antifoam Addition/augmented/saturation/root/frame_0104__saturation.jpg,saturation,"{""factor"": 0.9643}"
Post-Antifoam Addition,root,Post-Antifoam Addition/frame_0104.jpg,Post-Antifoam Addition/augmented/zoom_translate/root/frame_0104__zoom_translate.jpg,zoom_translate,"{""shift_x_fraction"": 0.0224, ""shift_y_fraction"": 0.0138, ""zoom"": 1.0015}"
Foam-Medium,root,Foam-Medium/IMG_5488.png,Foam-Medium/augmented/small_rotation/root/IMG_5488__small_rotation.jpg,small_rotation,"{""angle_degrees"": -1.322}"
Foam-Medium,root,Foam-Medium/IMG_5488.png,Foam-Medium/augmented/horizontal_flip/root/IMG_5488__horizontal_flip.jpg,horizontal_flip,{}
Foam-Medium,root,Foam-Medium/IMG_5488.png,Foam-Medium/augmented/brightness/root/IMG_5488__brightness.jpg,brightness,"{""factor"": 0.9276}"
Foam-Medium,root,Foam-Medium/IMG_5488.png,Foam-Medium/augmented/contrast/root/IMG_5488__contrast.jpg,contrast,"{""factor"": 0.8792}"
Foam-Medium,root,Foam-Medium/IMG_5488.png,Foam-Medium/augmented/saturation/root/IMG_5488__saturation.jpg,saturation,"{""factor"": 0.9192}"
Foam-Medium,root,Foam-Medium/IMG_5488.png,Foam-Medium/augmented/zoom_translate/root/IMG_5488__zoom_translate.jpg,zoom_translate,"{""shift_x_fraction"": 0.0251, ""shift_y_fraction"": -0.0206, ""zoom"": 1.0487}"
Foam-Medium,root,Foam-Medium/IMG_5490.png,Foam-Medium/augmented/small_rotation/root/IMG_5490__small_rotation.jpg,small_rotation,"{""angle_degrees"": -1.6697}"
Foam-Medium,root,Foam-Medium/IMG_5490.png,Foam-Medium/augmented/horizontal_flip/root/IMG_5490__horizontal_flip.jpg,horizontal_flip,{}
Foam-Medium,root,Foam-Medium/IMG_5490.png,Foam-Medium/augmented/brightness/root/IMG_5490__brightness.jpg,brightness,"{""factor"": 0.9093}"
Foam-Medium,root,Foam-Medium/IMG_5490.png,Foam-Medium/augmented/contrast/root/IMG_5490__contrast.jpg,contrast,"{""factor"": 1.0398}"
Foam-Medium,root,Foam-Medium/IMG_5490.png,Foam-Medium/augmented/saturation/root/IMG_5490__saturation.jpg,saturation,"{""factor"": 1.0703}"
Foam-Medium,root,Foam-Medium/IMG_5490.png,Foam-Medium/augmented/zoom_translate/root/IMG_5490__zoom_translate.jpg,zoom_translate,"{""shift_x_fraction"": 0.0088, ""shift_y_fraction"": 0.0151, ""zoom"": 1.0665}"
Foam-Medium,root,Foam-Medium/IMG_5491.png,Foam-Medium/augmented/small_rotation/root/IMG_5491__small_rotation.jpg,small_rotation,"{""angle_degrees"": -7.0105}"
Foam-Medium,root,Foam-Medium/IMG_5491.png,Foam-Medium/augmented/horizontal_flip/root/IMG_5491__horizontal_flip.jpg,horizontal_flip,{}
Foam-Medium,root,Foam-Medium/IMG_5491.png,Foam-Medium/augmented/brightness/root/IMG_5491__brightness.jpg,brightness,"{""factor"": 0.8607}"
Foam-Medium,root,Foam-Medium/IMG_5491.png,Foam-Medium/augmented/contrast/root/IMG_5491__contrast.jpg,contrast,"{""factor"": 1.0758}"
Foam-Medium,root,Foam-Medium/IMG_5491.png,Foam-Medium/augmented/saturation/root/IMG_5491__saturation.jpg,saturation,"{""factor"": 0.904}"
Foam-Medium,root,Foam-Medium/IMG_5491.png,Foam-Medium/augmented/zoom_translate/root/IMG_5491__zoom_translate.jpg,zoom_translate,"{""shift_x_fraction"": 0.0081, ""shift_y_fraction"": 0.021, ""zoom"": 1.0501}"
Foam-Medium,root,Foam-Medium/IMG_5492.png,Foam-Medium/augmented/small_rotation/root/IMG_5492__small_rotation.jpg,small_rotation,"{""angle_degrees"": 1.759}"
Foam-Medium,root,Foam-Medium/IMG_5492.png,Foam-Medium/augmented/horizontal_flip/root/IMG_5492__horizontal_flip.jpg,horizontal_flip,{}
Foam-Medium,root,Foam-Medium/IMG_5492.png,Foam-Medium/augmented/brightness/root/IMG_5492__brightness.jpg,brightness,"{""factor"": 0.8981}"
Foam-Medium,root,Foam-Medium/IMG_5492.png,Foam-Medium/augmented/contrast/root/IMG_5492__contrast.jpg,contrast,"{""factor"": 0.8987}"
Foam-Medium,root,Foam-Medium/IMG_5492.png,Foam-Medium/augmented/saturation/root/IMG_5492__saturation.jpg,saturation,"{""factor"": 0.958}"
Foam-Medium,root,Foam-Medium/IMG_5492.png,Foam-Medium/augmented/zoom_translate/root/IMG_5492__zoom_translate.jpg,zoom_translate,"{""shift_x_fraction"": 0.0051, ""shift_y_fraction"": -0.0172, ""zoom"": 1.0099}"
Foam-Medium,root,Foam-Medium/IMG_5493.png,Foam-Medium/augmented/small_rotation/root/IMG_5493__small_rotation.jpg,small_rotation,"{""angle_degrees"": -2.5617}"
Foam-Medium,root,Foam-Medium/IMG_5493.png,Foam-Medium/augmented/horizontal_flip/root/IMG_5493__horizontal_flip.jpg,horizontal_flip,{}
Foam-Medium,root,Foam-Medium/IMG_5493.png,Foam-Medium/augmented/brightness/root/IMG_5493__brightness.jpg,brightness,"{""factor"": 1.0163}"
Foam-Medium,root,Foam-Medium/IMG_5493.png,Foam-Medium/augmented/contrast/root/IMG_5493__contrast.jpg,contrast,"{""factor"": 0.9483}"
Foam-Medium,root,Foam-Medium/IMG_5493.png,Foam-Medium/augmented/saturation/root/IMG_5493__saturation.jpg,saturation,"{""factor"": 1.0205}"
Foam-Medium,root,Foam-Medium/IMG_5493.png,Foam-Medium/augmented/zoom_translate/root/IMG_5493__zoom_translate.jpg,zoom_translate,"{""shift_x_fraction"": 0.0302, ""shift_y_fraction"": -0.0321, ""zoom"": 1.0649}"
Foam-Medium,root,Foam-Medium/WIN_20260707_13_26_30_Pro.jpg,Foam-Medium/augmented/small_rotation/root/WIN_20260707_13_26_30_Pro__small_rotation.jpg,small_rotation,"{""angle_degrees"": 2.2362}"
Foam-Medium,root,Foam-Medium/WIN_20260707_13_26_30_Pro.jpg,Foam-Medium/augmented/horizontal_flip/root/WIN_20260707_13_26_30_Pro__horizontal_flip.jpg,horizontal_flip,{}
Foam-Medium,root,Foam-Medium/WIN_20260707_13_26_30_Pro.jpg,Foam-Medium/augmented/brightness/root/WIN_20260707_13_26_30_Pro__brightness.jpg,brightness,"{""factor"": 0.9879}"
Foam-Medium,root,Foam-Medium/WIN_20260707_13_26_30_Pro.jpg,Foam-Medium/augmented/contrast/root/WIN_20260707_13_26_30_Pro__contrast.jpg,contrast,"{""factor"": 1.0155}"
Foam-Medium,root,Foam-Medium/WIN_20260707_13_26_30_Pro.jpg,Foam-Medium/augmented/saturation/root/WIN_20260707_13_26_30_Pro__saturation.jpg,saturation,"{""factor"": 0.9658}"
Foam-Medium,root,Foam-Medium/WIN_20260707_13_26_30_Pro.jpg,Foam-Medium/augmented/zoom_translate/root/WIN_20260707_13_26_30_Pro__zoom_translate.jpg,zoom_translate,"{""shift_x_fraction"": -0.0199, ""shift_y_fraction"": 0.02, ""zoom"": 1.0388}"
Foam-Medium,root,Foam-Medium/WIN_20260707_13_26_31_Pro (2).jpg,Foam-Medium/augmented/small_rotation/root/WIN_20260707_13_26_31_Pro (2)__small_rotation.jpg,small_rotation,"{""angle_degrees"": -1.4335}"
Foam-Medium,root,Foam-Medium/WIN_20260707_13_26_31_Pro (2).jpg,Foam-Medium/augmented/horizontal_flip/root/WIN_20260707_13_26_31_Pro (2)__horizontal_flip.jpg,horizontal_flip,{}
Foam-Medium,root,Foam-Medium/WIN_20260707_13_26_31_Pro (2).jpg,Foam-Medium/augmented/brightness/root/WIN_20260707_13_26_31_Pro (2)__brightness.jpg,brightness,"{""factor"": 1.0093}"
Foam-Medium,root,Foam-Medium/WIN_20260707_13_26_31_Pro (2).jpg,Foam-Medium/augmented/contrast/root/WIN_20260707_13_26_31_Pro (2)__contrast.jpg,contrast,"{""factor"": 0.8564}"
Foam-Medium,root,Foam-Medium/WIN_20260707_13_26_31_Pro (2).jpg,Foam-Medium/augmented/saturation/root/WIN_20260707_13_26_31_Pro (2)__saturation.jpg,saturation,"{""factor"": 1.0482}"
Foam-Medium,root,Foam-Medium/WIN_20260707_13_26_31_Pro (2).jpg,Foam-Medium/augmented/zoom_translate/root/WIN_20260707_13_26_31_Pro (2)__zoom_translate.jpg,zoom_translate,"{""shift_x_fraction"": -0.0143, ""shift_y_fraction"": 0.0346, ""zoom"": 1.0282}"
Foam-Medium,root,Foam-Medium/WIN_20260707_13_26_31_Pro.jpg,Foam-Medium/augmented/small_rotation/root/WIN_20260707_13_26_31_Pro__small_rotation.jpg,small_rotation,"{""angle_degrees"": -5.9786}"
Foam-Medium,root,Foam-Medium/WIN_20260707_13_26_31_Pro.jpg,Foam-Medium/augmented/horizontal_flip/root/WIN_20260707_13_26_31_Pro__horizontal_flip.jpg,horizontal_flip,{}
Foam-Medium,root,Foam-Medium/WIN_20260707_13_26_31_Pro.jpg,Foam-Medium/augmented/brightness/root/WIN_20260707_13_26_31_Pro__brightness.jpg,brightness,"{""factor"": 1.1382}"
Foam-Medium,root,Foam-Medium/WIN_20260707_13_26_31_Pro.jpg,Foam-Medium/augmented/contrast/root/WIN_20260707_13_26_31_Pro__contrast.jpg,contrast,"{""factor"": 1.0779}"
Foam-Medium,root,Foam-Medium/WIN_20260707_13_26_31_Pro.jpg,Foam-Medium/augmented/saturation/root/WIN_20260707_13_26_31_Pro__saturation.jpg,saturation,"{""factor"": 0.9455}"
Foam-Medium,root,Foam-Medium/WIN_20260707_13_26_31_Pro.jpg,Foam-Medium/augmented/zoom_translate/root/WIN_20260707_13_26_31_Pro__zoom_translate.jpg,zoom_translate,"{""shift_x_fraction"": 0.017, ""shift_y_fraction"": -0.0094, ""zoom"": 1.0617}"
Foam-Medium,root,Foam-Medium/WIN_20260707_13_26_37_Pro.jpg,Foam-Medium/augmented/small_rotation/root/WIN_20260707_13_26_37_Pro__small_rotation.jpg,small_rotation,"{""angle_degrees"": 3.3695}"
Foam-Medium,root,Foam-Medium/WIN_20260707_13_26_37_Pro.jpg,Foam-Medium/augmented/horizontal_flip/root/WIN_20260707_13_26_37_Pro__horizontal_flip.jpg,horizontal_flip,{}
Foam-Medium,root,Foam-Medium/WIN_20260707_13_26_37_Pro.jpg,Foam-Medium/augmented/brightness/root/WIN_20260707_13_26_37_Pro__brightness.jpg,brightness,"{""factor"": 0.953}"
Foam-Medium,root,Foam-Medium/WIN_20260707_13_26_37_Pro.jpg,Foam-Medium/augmented/contrast/root/WIN_20260707_13_26_37_Pro__contrast.jpg,contrast,"{""factor"": 0.8684}"
Foam-Medium,root,Foam-Medium/WIN_20260707_13_26_37_Pro.jpg,Foam-Medium/augmented/saturation/root/WIN_20260707_13_26_37_Pro__saturation.jpg,saturation,"{""factor"": 1.0255}"
Foam-Medium,root,Foam-Medium/WIN_20260707_13_26_37_Pro.jpg,Foam-Medium/augmented/zoom_translate/root/WIN_20260707_13_26_37_Pro__zoom_translate.jpg,zoom_translate,"{""shift_x_fraction"": -0.0222, ""shift_y_fraction"": 0.0301, ""zoom"": 1.0073}"
Foam-Medium,root,Foam-Medium/WIN_20260707_13_26_52_Pro.jpg,Foam-Medium/augmented/small_rotation/root/WIN_20260707_13_26_52_Pro__small_rotation.jpg,small_rotation,"{""angle_degrees"": -1.2965}"
Foam-Medium,root,Foam-Medium/WIN_20260707_13_26_52_Pro.jpg,Foam-Medium/augmented/horizontal_flip/root/WIN_20260707_13_26_52_Pro__horizontal_flip.jpg,horizontal_flip,{}
Foam-Medium,root,Foam-Medium/WIN_20260707_13_26_52_Pro.jpg,Foam-Medium/augmented/brightness/root/WIN_20260707_13_26_52_Pro__brightness.jpg,brightness,"{""factor"": 0.8699}"
Foam-Medium,root,Foam-Medium/WIN_20260707_13_26_52_Pro.jpg,Foam-Medium/augmented/contrast/root/WIN_20260707_13_26_52_Pro__contrast.jpg,contrast,"{""factor"": 0.896}"
Foam-Medium,root,Foam-Medium/WIN_20260707_13_26_52_Pro.jpg,Foam-Medium/augmented/saturation/root/WIN_20260707_13_26_52_Pro__saturation.jpg,saturation,"{""factor"": 0.9629}"
Foam-Medium,root,Foam-Medium/WIN_20260707_13_26_52_Pro.jpg,Foam-Medium/augmented/zoom_translate/root/WIN_20260707_13_26_52_Pro__zoom_translate.jpg,zoom_translate,"{""shift_x_fraction"": 0.0259, ""shift_y_fraction"": 0.0086, ""zoom"": 1.0129}"
Foam-Medium,root,Foam-Medium/WIN_20260707_13_26_56_Pro.jpg,Foam-Medium/augmented/small_rotation/root/WIN_20260707_13_26_56_Pro__small_rotation.jpg,small_rotation,"{""angle_degrees"": -1.4478}"
Foam-Medium,root,Foam-Medium/WIN_20260707_13_26_56_Pro.jpg,Foam-Medium/augmented/horizontal_flip/root/WIN_20260707_13_26_56_Pro__horizontal_flip.jpg,horizontal_flip,{}
Foam-Medium,root,Foam-Medium/WIN_20260707_13_26_56_Pro.jpg,Foam-Medium/augmented/brightness/root/WIN_20260707_13_26_56_Pro__brightness.jpg,brightness,"{""factor"": 0.9479}"
Foam-Medium,root,Foam-Medium/WIN_20260707_13_26_56_Pro.jpg,Foam-Medium/augmented/contrast/root/WIN_20260707_13_26_56_Pro__contrast.jpg,contrast,"{""factor"": 0.9075}"
Foam-Medium,root,Foam-Medium/WIN_20260707_13_26_56_Pro.jpg,Foam-Medium/augmented/saturation/root/WIN_20260707_13_26_56_Pro__saturation.jpg,saturation,"{""factor"": 1.0807}"
Foam-Medium,root,Foam-Medium/WIN_20260707_13_26_56_Pro.jpg,Foam-Medium/augmented/zoom_translate/root/WIN_20260707_13_26_56_Pro__zoom_translate.jpg,zoom_translate,"{""shift_x_fraction"": -0.0323, ""shift_y_fraction"": -0.0012, ""zoom"": 1.0394}"
Foam-Medium,root,Foam-Medium/WIN_20260707_13_26_57_Pro (2).jpg,Foam-Medium/augmented/small_rotation/root/WIN_20260707_13_26_57_Pro (2)__small_rotation.jpg,small_rotation,"{""angle_degrees"": 3.9979}"
Foam-Medium,root,Foam-Medium/WIN_20260707_13_26_57_Pro (2).jpg,Foam-Medium/augmented/horizontal_flip/root/WIN_20260707_13_26_57_Pro (2)__horizontal_flip.jpg,horizontal_flip,{}
Foam-Medium,root,Foam-Medium/WIN_20260707_13_26_57_Pro (2).jpg,Foam-Medium/augmented/brightness/root/WIN_20260707_13_26_57_Pro (2)__brightness.jpg,brightness,"{""factor"": 0.9918}"
Foam-Medium,root,Foam-Medium/WIN_20260707_13_26_57_Pro (2).jpg,Foam-Medium/augmented/contrast/root/WIN_20260707_13_26_57_Pro (2)__contrast.jpg,contrast,"{""factor"": 1.12}"
Foam-Medium,root,Foam-Medium/WIN_20260707_13_26_57_Pro (2).jpg,Foam-Medium/augmented/saturation/root/WIN_20260707_13_26_57_Pro (2)__saturation.jpg,saturation,"{""factor"": 1.0103}"
Foam-Medium,root,Foam-Medium/WIN_20260707_13_26_57_Pro (2).jpg,Foam-Medium/augmented/zoom_translate/root/WIN_20260707_13_26_57_Pro (2)__zoom_translate.jpg,zoom_translate,"{""shift_x_fraction"": 0.0202, ""shift_y_fraction"": 0.0309, ""zoom"": 1.013}"
Foam-Medium,root,Foam-Medium/WIN_20260707_13_26_57_Pro.jpg,Foam-Medium/augmented/small_rotation/root/WIN_20260707_13_26_57_Pro__small_rotation.jpg,small_rotation,"{""angle_degrees"": -4.4127}"
Foam-Medium,root,Foam-Medium/WIN_20260707_13_26_57_Pro.jpg,Foam-Medium/augmented/horizontal_flip/root/WIN_20260707_13_26_57_Pro__horizontal_flip.jpg,horizontal_flip,{}
Foam-Medium,root,Foam-Medium/WIN_20260707_13_26_57_Pro.jpg,Foam-Medium/augmented/brightness/root/WIN_20260707_13_26_57_Pro__brightness.jpg,brightness,"{""factor"": 1.0311}"
Foam-Medium,root,Foam-Medium/WIN_20260707_13_26_57_Pro.jpg,Foam-Medium/augmented/contrast/root/WIN_20260707_13_26_57_Pro__contrast.jpg,contrast,"{""factor"": 1.1396}"
Foam-Medium,root,Foam-Medium/WIN_20260707_13_26_57_Pro.jpg,Foam-Medium/augmented/saturation/root/WIN_20260707_13_26_57_Pro__saturation.jpg,saturation,"{""factor"": 0.997}"
Foam-Medium,root,Foam-Medium/WIN_20260707_13_26_57_Pro.jpg,Foam-Medium/augmented/zoom_translate/root/WIN_20260707_13_26_57_Pro__zoom_translate.jpg,zoom_translate,"{""shift_x_fraction"": 0.0217, ""shift_y_fraction"": 0.009, ""zoom"": 1.0053}"
Foam-Medium,root,Foam-Medium/WIN_20260707_13_27_55_Pro.jpg,Foam-Medium/augmented/small_rotation/root/WIN_20260707_13_27_55_Pro__small_rotation.jpg,small_rotation,"{""angle_degrees"": -7.3856}"
Foam-Medium,root,Foam-Medium/WIN_20260707_13_27_55_Pro.jpg,Foam-Medium/augmented/horizontal_flip/root/WIN_20260707_13_27_55_Pro__horizontal_flip.jpg,horizontal_flip,{}
Foam-Medium,root,Foam-Medium/WIN_20260707_13_27_55_Pro.jpg,Foam-Medium/augmented/brightness/root/WIN_20260707_13_27_55_Pro__brightness.jpg,brightness,"{""factor"": 1.0688}"
Foam-Medium,root,Foam-Medium/WIN_20260707_13_27_55_Pro.jpg,Foam-Medium/augmented/contrast/root/WIN_20260707_13_27_55_Pro__contrast.jpg,contrast,"{""factor"": 1.125}"
Foam-Medium,root,Foam-Medium/WIN_20260707_13_27_55_Pro.jpg,Foam-Medium/augmented/saturation/root/WIN_20260707_13_27_55_Pro__saturation.jpg,saturation,"{""factor"": 1.0521}"
Foam-Medium,root,Foam-Medium/WIN_20260707_13_27_55_Pro.jpg,Foam-Medium/augmented/zoom_translate/root/WIN_20260707_13_27_55_Pro__zoom_translate.jpg,zoom_translate,"{""shift_x_fraction"": -0.0301, ""shift_y_fraction"": 0.0337, ""zoom"": 1.0041}"
Foam-Medium,root,Foam-Medium/WIN_20260707_13_28_02_Pro.jpg,Foam-Medium/augmented/small_rotation/root/WIN_20260707_13_28_02_Pro__small_rotation.jpg,small_rotation,"{""angle_degrees"": -5.2999}"
Foam-Medium,root,Foam-Medium/WIN_20260707_13_28_02_Pro.jpg,Foam-Medium/augmented/horizontal_flip/root/WIN_20260707_13_28_02_Pro__horizontal_flip.jpg,horizontal_flip,{}
Foam-Medium,root,Foam-Medium/WIN_20260707_13_28_02_Pro.jpg,Foam-Medium/augmented/brightness/root/WIN_20260707_13_28_02_Pro__brightness.jpg,brightness,"{""factor"": 0.8733}"
Foam-Medium,root,Foam-Medium/WIN_20260707_13_28_02_Pro.jpg,Foam-Medium/augmented/contrast/root/WIN_20260707_13_28_02_Pro__contrast.jpg,contrast,"{""factor"": 0.9316}"
Foam-Medium,root,Foam-Medium/WIN_20260707_13_28_02_Pro.jpg,Foam-Medium/augmented/saturation/root/WIN_20260707_13_28_02_Pro__saturation.jpg,saturation,"{""factor"": 1.0298}"
Foam-Medium,root,Foam-Medium/WIN_20260707_13_28_02_Pro.jpg,Foam-Medium/augmented/zoom_translate/root/WIN_20260707_13_28_02_Pro__zoom_translate.jpg,zoom_translate,"{""shift_x_fraction"": -0.0177, ""shift_y_fraction"": -0.0166, ""zoom"": 1.002}"
Foam-Medium,root,Foam-Medium/WIN_20260707_13_28_03_Pro.jpg,Foam-Medium/augmented/small_rotation/root/WIN_20260707_13_28_03_Pro__small_rotation.jpg,small_rotation,"{""angle_degrees"": 5.1964}"
Foam-Medium,root,Foam-Medium/WIN_20260707_13_28_03_Pro.jpg,Foam-Medium/augmented/horizontal_flip/root/WIN_20260707_13_28_03_Pro__horizontal_flip.jpg,horizontal_flip,{}
Foam-Medium,root,Foam-Medium/WIN_20260707_13_28_03_Pro.jpg,Foam-Medium/augmented/brightness/root/WIN_20260707_13_28_03_Pro__brightness.jpg,brightness,"{""factor"": 0.8726}"
Foam-Medium,root,Foam-Medium/WIN_20260707_13_28_03_Pro.jpg,Foam-Medium/augmented/contrast/root/WIN_20260707_13_28_03_Pro__contrast.jpg,contrast,"{""factor"": 0.8753}"
Foam-Medium,root,Foam-Medium/WIN_20260707_13_28_03_Pro.jpg,Foam-Medium/augmented/saturation/root/WIN_20260707_13_28_03_Pro__saturation.jpg,saturation,"{""factor"": 0.9174}"
Foam-Medium,root,Foam-Medium/WIN_20260707_13_28_03_Pro.jpg,Foam-Medium/augmented/zoom_translate/root/WIN_20260707_13_28_03_Pro__zoom_translate.jpg,zoom_translate,"{""shift_x_fraction"": 0.0035, ""shift_y_fraction"": 0.0068, ""zoom"": 1.0574}"
Foam-Medium,root,Foam-Medium/WIN_20260707_13_28_04_Pro.jpg,Foam-Medium/augmented/small_rotation/root/WIN_20260707_13_28_04_Pro__small_rotation.jpg,small_rotation,"{""angle_degrees"": 6.0589}"
Foam-Medium,root,Foam-Medium/WIN_20260707_13_28_04_Pro.jpg,Foam-Medium/augmented/horizontal_flip/root/WIN_20260707_13_28_04_Pro__horizontal_flip.jpg,horizontal_flip,{}
Foam-Medium,root,Foam-Medium/WIN_20260707_13_28_04_Pro.jpg,Foam-Medium/augmented/brightness/root/WIN_20260707_13_28_04_Pro__brightness.jpg,brightness,"{""factor"": 1.0514}"
Foam-Medium,root,Foam-Medium/WIN_20260707_13_28_04_Pro.jpg,Foam-Medium/augmented/contrast/root/WIN_20260707_13_28_04_Pro__contrast.jpg,contrast,"{""factor"": 0.8969}"
Foam-Medium,root,Foam-Medium/WIN_20260707_13_28_04_Pro.jpg,Foam-Medium/augmented/saturation/root/WIN_20260707_13_28_04_Pro__saturation.jpg,saturation,"{""factor"": 0.9039}"
Foam-Medium,root,Foam-Medium/WIN_20260707_13_28_04_Pro.jpg,Foam-Medium/augmented/zoom_translate/root/WIN_20260707_13_28_04_Pro__zoom_translate.jpg,zoom_translate,"{""shift_x_fraction"": -0.0122, ""shift_y_fraction"": 0.0251, ""zoom"": 1.0569}"
Foam-Medium,root,Foam-Medium/WIN_20260707_13_28_29_Pro.jpg,Foam-Medium/augmented/small_rotation/root/WIN_20260707_13_28_29_Pro__small_rotation.jpg,small_rotation,"{""angle_degrees"": 2.7036}"
Foam-Medium,root,Foam-Medium/WIN_20260707_13_28_29_Pro.jpg,Foam-Medium/augmented/horizontal_flip/root/WIN_20260707_13_28_29_Pro__horizontal_flip.jpg,horizontal_flip,{}
Foam-Medium,root,Foam-Medium/WIN_20260707_13_28_29_Pro.jpg,Foam-Medium/augmented/brightness/root/WIN_20260707_13_28_29_Pro__brightness.jpg,brightness,"{""factor"": 0.8843}"
Foam-Medium,root,Foam-Medium/WIN_20260707_13_28_29_Pro.jpg,Foam-Medium/augmented/contrast/root/WIN_20260707_13_28_29_Pro__contrast.jpg,contrast,"{""factor"": 1.0236}"
Foam-Medium,root,Foam-Medium/WIN_20260707_13_28_29_Pro.jpg,Foam-Medium/augmented/saturation/root/WIN_20260707_13_28_29_Pro__saturation.jpg,saturation,"{""factor"": 1.0524}"
Foam-Medium,root,Foam-Medium/WIN_20260707_13_28_29_Pro.jpg,Foam-Medium/augmented/zoom_translate/root/WIN_20260707_13_28_29_Pro__zoom_translate.jpg,zoom_translate,"{""shift_x_fraction"": 0.0228, ""shift_y_fraction"": -0.0348, ""zoom"": 1.0607}"
Foam-Medium,root,Foam-Medium/WIN_20260707_13_29_40_Pro.jpg,Foam-Medium/augmented/small_rotation/root/WIN_20260707_13_29_40_Pro__small_rotation.jpg,small_rotation,"{""angle_degrees"": 2.1891}"
Foam-Medium,root,Foam-Medium/WIN_20260707_13_29_40_Pro.jpg,Foam-Medium/augmented/horizontal_flip/root/WIN_20260707_13_29_40_Pro__horizontal_flip.jpg,horizontal_flip,{}
Foam-Medium,root,Foam-Medium/WIN_20260707_13_29_40_Pro.jpg,Foam-Medium/augmented/brightness/root/WIN_20260707_13_29_40_Pro__brightness.jpg,brightness,"{""factor"": 0.9172}"
Foam-Medium,root,Foam-Medium/WIN_20260707_13_29_40_Pro.jpg,Foam-Medium/augmented/contrast/root/WIN_20260707_13_29_40_Pro__contrast.jpg,contrast,"{""factor"": 1.1318}"
Foam-Medium,root,Foam-Medium/WIN_20260707_13_29_40_Pro.jpg,Foam-Medium/augmented/saturation/root/WIN_20260707_13_29_40_Pro__saturation.jpg,saturation,"{""factor"": 1.0193}"
Foam-Medium,root,Foam-Medium/WIN_20260707_13_29_40_Pro.jpg,Foam-Medium/augmented/zoom_translate/root/WIN_20260707_13_29_40_Pro__zoom_translate.jpg,zoom_translate,"{""shift_x_fraction"": 0.0071, ""shift_y_fraction"": 0.0119, ""zoom"": 1.0133}"
Foam-Medium,root,Foam-Medium/WIN_20260707_13_29_43_Pro.jpg,Foam-Medium/augmented/small_rotation/root/WIN_20260707_13_29_43_Pro__small_rotation.jpg,small_rotation,"{""angle_degrees"": 3.9701}"
Foam-Medium,root,Foam-Medium/WIN_20260707_13_29_43_Pro.jpg,Foam-Medium/augmented/horizontal_flip/root/WIN_20260707_13_29_43_Pro__horizontal_flip.jpg,horizontal_flip,{}
Foam-Medium,root,Foam-Medium/WIN_20260707_13_29_43_Pro.jpg,Foam-Medium/augmented/brightness/root/WIN_20260707_13_29_43_Pro__brightness.jpg,brightness,"{""factor"": 1.1034}"
Foam-Medium,root,Foam-Medium/WIN_20260707_13_29_43_Pro.jpg,Foam-Medium/augmented/contrast/root/WIN_20260707_13_29_43_Pro__contrast.jpg,contrast,"{""factor"": 0.9488}"
Foam-Medium,root,Foam-Medium/WIN_20260707_13_29_43_Pro.jpg,Foam-Medium/augmented/saturation/root/WIN_20260707_13_29_43_Pro__saturation.jpg,saturation,"{""factor"": 0.9147}"
Foam-Medium,root,Foam-Medium/WIN_20260707_13_29_43_Pro.jpg,Foam-Medium/augmented/zoom_translate/root/WIN_20260707_13_29_43_Pro__zoom_translate.jpg,zoom_translate,"{""shift_x_fraction"": -0.0259, ""shift_y_fraction"": -0.017, ""zoom"": 1.0101}"
Foam-Medium,root,Foam-Medium/WIN_20260707_13_29_45_Pro.jpg,Foam-Medium/augmented/small_rotation/root/WIN_20260707_13_29_45_Pro__small_rotation.jpg,small_rotation,"{""angle_degrees"": -2.4424}"
Foam-Medium,root,Foam-Medium/WIN_20260707_13_29_45_Pro.jpg,Foam-Medium/augmented/horizontal_flip/root/WIN_20260707_13_29_45_Pro__horizontal_flip.jpg,horizontal_flip,{}
Foam-Medium,root,Foam-Medium/WIN_20260707_13_29_45_Pro.jpg,Foam-Medium/augmented/brightness/root/WIN_20260707_13_29_45_Pro__brightness.jpg,brightness,"{""factor"": 1.0776}"
Foam-Medium,root,Foam-Medium/WIN_20260707_13_29_45_Pro.jpg,Foam-Medium/augmented/contrast/root/WIN_20260707_13_29_45_Pro__contrast.jpg,contrast,"{""factor"": 0.9776}"
Foam-Medium,root,Foam-Medium/WIN_20260707_13_29_45_Pro.jpg,Foam-Medium/augmented/saturation/root/WIN_20260707_13_29_45_Pro__saturation.jpg,saturation,"{""factor"": 0.9978}"
Foam-Medium,root,Foam-Medium/WIN_20260707_13_29_45_Pro.jpg,Foam-Medium/augmented/zoom_translate/root/WIN_20260707_13_29_45_Pro__zoom_translate.jpg,zoom_translate,"{""shift_x_fraction"": 0.021, ""shift_y_fraction"": -0.0333, ""zoom"": 1.0174}"
Foam-Medium,root,Foam-Medium/WIN_20260707_13_31_08_Pro.jpg,Foam-Medium/augmented/small_rotation/root/WIN_20260707_13_31_08_Pro__small_rotation.jpg,small_rotation,"{""angle_degrees"": 7.9509}"
Foam-Medium,root,Foam-Medium/WIN_20260707_13_31_08_Pro.jpg,Foam-Medium/augmented/horizontal_flip/root/WIN_20260707_13_31_08_Pro__horizontal_flip.jpg,horizontal_flip,{}
Foam-Medium,root,Foam-Medium/WIN_20260707_13_31_08_Pro.jpg,Foam-Medium/augmented/brightness/root/WIN_20260707_13_31_08_Pro__brightness.jpg,brightness,"{""factor"": 1.0599}"
Foam-Medium,root,Foam-Medium/WIN_20260707_13_31_08_Pro.jpg,Foam-Medium/augmented/contrast/root/WIN_20260707_13_31_08_Pro__contrast.jpg,contrast,"{""factor"": 0.8794}"
Foam-Medium,root,Foam-Medium/WIN_20260707_13_31_08_Pro.jpg,Foam-Medium/augmented/saturation/root/WIN_20260707_13_31_08_Pro__saturation.jpg,saturation,"{""factor"": 1.0363}"
Foam-Medium,root,Foam-Medium/WIN_20260707_13_31_08_Pro.jpg,Foam-Medium/augmented/zoom_translate/root/WIN_20260707_13_31_08_Pro__zoom_translate.jpg,zoom_translate,"{""shift_x_fraction"": 0.0188, ""shift_y_fraction"": 0.0063, ""zoom"": 1.0552}"
Foam-Medium,root,Foam-Medium/WIN_20260707_13_31_09_Pro.jpg,Foam-Medium/augmented/small_rotation/root/WIN_20260707_13_31_09_Pro__small_rotation.jpg,small_rotation,"{""angle_degrees"": -2.9847}"
Foam-Medium,root,Foam-Medium/WIN_20260707_13_31_09_Pro.jpg,Foam-Medium/augmented/horizontal_flip/root/WIN_20260707_13_31_09_Pro__horizontal_flip.jpg,horizontal_flip,{}
Foam-Medium,root,Foam-Medium/WIN_20260707_13_31_09_Pro.jpg,Foam-Medium/augmented/brightness/root/WIN_20260707_13_31_09_Pro__brightness.jpg,brightness,"{""factor"": 1.0667}"
Foam-Medium,root,Foam-Medium/WIN_20260707_13_31_09_Pro.jpg,Foam-Medium/augmented/contrast/root/WIN_20260707_13_31_09_Pro__contrast.jpg,contrast,"{""factor"": 1.1349}"
Foam-Medium,root,Foam-Medium/WIN_20260707_13_31_09_Pro.jpg,Foam-Medium/augmented/saturation/root/WIN_20260707_13_31_09_Pro__saturation.jpg,saturation,"{""factor"": 1.0667}"
Foam-Medium,root,Foam-Medium/WIN_20260707_13_31_09_Pro.jpg,Foam-Medium/augmented/zoom_translate/root/WIN_20260707_13_31_09_Pro__zoom_translate.jpg,zoom_translate,"{""shift_x_fraction"": 0.0228, ""shift_y_fraction"": -0.0166, ""zoom"": 1.0204}"
Foam-Medium,root,Foam-Medium/WIN_20260707_13_31_11_Pro.jpg,Foam-Medium/augmented/small_rotation/root/WIN_20260707_13_31_11_Pro__small_rotation.jpg,small_rotation,"{""angle_degrees"": 4.704}"
Foam-Medium,root,Foam-Medium/WIN_20260707_13_31_11_Pro.jpg,Foam-Medium/augmented/horizontal_flip/root/WIN_20260707_13_31_11_Pro__horizontal_flip.jpg,horizontal_flip,{}
Foam-Medium,root,Foam-Medium/WIN_20260707_13_31_11_Pro.jpg,Foam-Medium/augmented/brightness/root/WIN_20260707_13_31_11_Pro__brightness.jpg,brightness,"{""factor"": 0.8671}"
Foam-Medium,root,Foam-Medium/WIN_20260707_13_31_11_Pro.jpg,Foam-Medium/augmented/contrast/root/WIN_20260707_13_31_11_Pro__contrast.jpg,contrast,"{""factor"": 1.0286}"
Foam-Medium,root,Foam-Medium/WIN_20260707_13_31_11_Pro.jpg,Foam-Medium/augmented/saturation/root/WIN_20260707_13_31_11_Pro__saturation.jpg,saturation,"{""factor"": 1.0994}"
Foam-Medium,root,Foam-Medium/WIN_20260707_13_31_11_Pro.jpg,Foam-Medium/augmented/zoom_translate/root/WIN_20260707_13_31_11_Pro__zoom_translate.jpg,zoom_translate,"{""shift_x_fraction"": -0.0309, ""shift_y_fraction"": 0.0244, ""zoom"": 1.0035}"
Foam-Medium,root,Foam-Medium/WIN_20260707_13_31_12_Pro.jpg,Foam-Medium/augmented/small_rotation/root/WIN_20260707_13_31_12_Pro__small_rotation.jpg,small_rotation,"{""angle_degrees"": 1.4322}"
Foam-Medium,root,Foam-Medium/WIN_20260707_13_31_12_Pro.jpg,Foam-Medium/augmented/horizontal_flip/root/WIN_20260707_13_31_12_Pro__horizontal_flip.jpg,horizontal_flip,{}
Foam-Medium,root,Foam-Medium/WIN_20260707_13_31_12_Pro.jpg,Foam-Medium/augmented/brightness/root/WIN_20260707_13_31_12_Pro__brightness.jpg,brightness,"{""factor"": 1.0415}"
Foam-Medium,root,Foam-Medium/WIN_20260707_13_31_12_Pro.jpg,Foam-Medium/augmented/contrast/root/WIN_20260707_13_31_12_Pro__contrast.jpg,contrast,"{""factor"": 1.0613}"
Foam-Medium,root,Foam-Medium/WIN_20260707_13_31_12_Pro.jpg,Foam-Medium/augmented/saturation/root/WIN_20260707_13_31_12_Pro__saturation.jpg,saturation,"{""factor"": 1.0933}"
Foam-Medium,root,Foam-Medium/WIN_20260707_13_31_12_Pro.jpg,Foam-Medium/augmented/zoom_translate/root/WIN_20260707_13_31_12_Pro__zoom_translate.jpg,zoom_translate,"{""shift_x_fraction"": 0.0084, ""shift_y_fraction"": 0.0035, ""zoom"": 1.0354}"
Foam-Medium,root,Foam-Medium/WIN_20260707_13_31_57_Pro.jpg,Foam-Medium/augmented/small_rotation/root/WIN_20260707_13_31_57_Pro__small_rotation.jpg,small_rotation,"{""angle_degrees"": 4.033}"
Foam-Medium,root,Foam-Medium/WIN_20260707_13_31_57_Pro.jpg,Foam-Medium/augmented/horizontal_flip/root/WIN_20260707_13_31_57_Pro__horizontal_flip.jpg,horizontal_flip,{}
Foam-Medium,root,Foam-Medium/WIN_20260707_13_31_57_Pro.jpg,Foam-Medium/augmented/brightness/root/WIN_20260707_13_31_57_Pro__brightness.jpg,brightness,"{""factor"": 0.9724}"
Foam-Medium,root,Foam-Medium/WIN_20260707_13_31_57_Pro.jpg,Foam-Medium/augmented/contrast/root/WIN_20260707_13_31_57_Pro__contrast.jpg,contrast,"{""factor"": 1.0328}"
Foam-Medium,root,Foam-Medium/WIN_20260707_13_31_57_Pro.jpg,Foam-Medium/augmented/saturation/root/WIN_20260707_13_31_57_Pro__saturation.jpg,saturation,"{""factor"": 1.0789}"
Foam-Medium,root,Foam-Medium/WIN_20260707_13_31_57_Pro.jpg,Foam-Medium/augmented/zoom_translate/root/WIN_20260707_13_31_57_Pro__zoom_translate.jpg,zoom_translate,"{""shift_x_fraction"": -0.0194, ""shift_y_fraction"": 0.0227, ""zoom"": 1.0127}"
Foam-Medium,root,Foam-Medium/WIN_20260707_13_31_59_Pro.jpg,Foam-Medium/augmented/small_rotation/root/WIN_20260707_13_31_59_Pro__small_rotation.jpg,small_rotation,"{""angle_degrees"": 3.3558}"
Foam-Medium,root,Foam-Medium/WIN_20260707_13_31_59_Pro.jpg,Foam-Medium/augmented/horizontal_flip/root/WIN_20260707_13_31_59_Pro__horizontal_flip.jpg,horizontal_flip,{}
Foam-Medium,root,Foam-Medium/WIN_20260707_13_31_59_Pro.jpg,Foam-Medium/augmented/brightness/root/WIN_20260707_13_31_59_Pro__brightness.jpg,brightness,"{""factor"": 0.9169}"
Foam-Medium,root,Foam-Medium/WIN_20260707_13_31_59_Pro.jpg,Foam-Medium/augmented/contrast/root/WIN_20260707_13_31_59_Pro__contrast.jpg,contrast,"{""factor"": 0.9035}"
Foam-Medium,root,Foam-Medium/WIN_20260707_13_31_59_Pro.jpg,Foam-Medium/augmented/saturation/root/WIN_20260707_13_31_59_Pro__saturation.jpg,saturation,"{""factor"": 0.9948}"
Foam-Medium,root,Foam-Medium/WIN_20260707_13_31_59_Pro.jpg,Foam-Medium/augmented/zoom_translate/root/WIN_20260707_13_31_59_Pro__zoom_translate.jpg,zoom_translate,"{""shift_x_fraction"": -0.0048, ""shift_y_fraction"": -0.0159, ""zoom"": 1.0747}"
Foam-Medium,root,Foam-Medium/WIN_20260707_13_32_01_Pro.jpg,Foam-Medium/augmented/small_rotation/root/WIN_20260707_13_32_01_Pro__small_rotation.jpg,small_rotation,"{""angle_degrees"": 2.4097}"
Foam-Medium,root,Foam-Medium/WIN_20260707_13_32_01_Pro.jpg,Foam-Medium/augmented/horizontal_flip/root/WIN_20260707_13_32_01_Pro__horizontal_flip.jpg,horizontal_flip,{}
Foam-Medium,root,Foam-Medium/WIN_20260707_13_32_01_Pro.jpg,Foam-Medium/augmented/brightness/root/WIN_20260707_13_32_01_Pro__brightness.jpg,brightness,"{""factor"": 1.0792}"
Foam-Medium,root,Foam-Medium/WIN_20260707_13_32_01_Pro.jpg,Foam-Medium/augmented/contrast/root/WIN_20260707_13_32_01_Pro__contrast.jpg,contrast,"{""factor"": 1.0872}"
Foam-Medium,root,Foam-Medium/WIN_20260707_13_32_01_Pro.jpg,Foam-Medium/augmented/saturation/root/WIN_20260707_13_32_01_Pro__saturation.jpg,saturation,"{""factor"": 1.0216}"
Foam-Medium,root,Foam-Medium/WIN_20260707_13_32_01_Pro.jpg,Foam-Medium/augmented/zoom_translate/root/WIN_20260707_13_32_01_Pro__zoom_translate.jpg,zoom_translate,"{""shift_x_fraction"": 0.0227, ""shift_y_fraction"": 0.0189, ""zoom"": 1.0043}"
Foam-Medium,root,Foam-Medium/WIN_20260707_13_32_02_Pro.jpg,Foam-Medium/augmented/small_rotation/root/WIN_20260707_13_32_02_Pro__small_rotation.jpg,small_rotation,"{""angle_degrees"": -2.1598}"
Foam-Medium,root,Foam-Medium/WIN_20260707_13_32_02_Pro.jpg,Foam-Medium/augmented/horizontal_flip/root/WIN_20260707_13_32_02_Pro__horizontal_flip.jpg,horizontal_flip,{}
Foam-Medium,root,Foam-Medium/WIN_20260707_13_32_02_Pro.jpg,Foam-Medium/augmented/brightness/root/WIN_20260707_13_32_02_Pro__brightness.jpg,brightness,"{""factor"": 0.8887}"
Foam-Medium,root,Foam-Medium/WIN_20260707_13_32_02_Pro.jpg,Foam-Medium/augmented/contrast/root/WIN_20260707_13_32_02_Pro__contrast.jpg,contrast,"{""factor"": 0.881}"
Foam-Medium,root,Foam-Medium/WIN_20260707_13_32_02_Pro.jpg,Foam-Medium/augmented/saturation/root/WIN_20260707_13_32_02_Pro__saturation.jpg,saturation,"{""factor"": 0.9784}"
Foam-Medium,root,Foam-Medium/WIN_20260707_13_32_02_Pro.jpg,Foam-Medium/augmented/zoom_translate/root/WIN_20260707_13_32_02_Pro__zoom_translate.jpg,zoom_translate,"{""shift_x_fraction"": -0.0054, ""shift_y_fraction"": 0.0072, ""zoom"": 1.0282}"
Foam-Medium,root,Foam-Medium/WIN_20260707_13_32_04_Pro.jpg,Foam-Medium/augmented/small_rotation/root/WIN_20260707_13_32_04_Pro__small_rotation.jpg,small_rotation,"{""angle_degrees"": -0.124}"
Foam-Medium,root,Foam-Medium/WIN_20260707_13_32_04_Pro.jpg,Foam-Medium/augmented/horizontal_flip/root/WIN_20260707_13_32_04_Pro__horizontal_flip.jpg,horizontal_flip,{}
Foam-Medium,root,Foam-Medium/WIN_20260707_13_32_04_Pro.jpg,Foam-Medium/augmented/brightness/root/WIN_20260707_13_32_04_Pro__brightness.jpg,brightness,"{""factor"": 0.9807}"
Foam-Medium,root,Foam-Medium/WIN_20260707_13_32_04_Pro.jpg,Foam-Medium/augmented/contrast/root/WIN_20260707_13_32_04_Pro__contrast.jpg,contrast,"{""factor"": 0.9742}"
Foam-Medium,root,Foam-Medium/WIN_20260707_13_32_04_Pro.jpg,Foam-Medium/augmented/saturation/root/WIN_20260707_13_32_04_Pro__saturation.jpg,saturation,"{""factor"": 0.9155}"
Foam-Medium,root,Foam-Medium/WIN_20260707_13_32_04_Pro.jpg,Foam-Medium/augmented/zoom_translate/root/WIN_20260707_13_32_04_Pro__zoom_translate.jpg,zoom_translate,"{""shift_x_fraction"": 0.0017, ""shift_y_fraction"": 0.0056, ""zoom"": 1.0077}"
Foam-Medium,root,Foam-Medium/WIN_20260707_13_32_06_Pro.jpg,Foam-Medium/augmented/small_rotation/root/WIN_20260707_13_32_06_Pro__small_rotation.jpg,small_rotation,"{""angle_degrees"": -6.6268}"
Foam-Medium,root,Foam-Medium/WIN_20260707_13_32_06_Pro.jpg,Foam-Medium/augmented/horizontal_flip/root/WIN_20260707_13_32_06_Pro__horizontal_flip.jpg,horizontal_flip,{}
Foam-Medium,root,Foam-Medium/WIN_20260707_13_32_06_Pro.jpg,Foam-Medium/augmented/brightness/root/WIN_20260707_13_32_06_Pro__brightness.jpg,brightness,"{""factor"": 1.0217}"
Foam-Medium,root,Foam-Medium/WIN_20260707_13_32_06_Pro.jpg,Foam-Medium/augmented/contrast/root/WIN_20260707_13_32_06_Pro__contrast.jpg,contrast,"{""factor"": 0.9611}"
Foam-Medium,root,Foam-Medium/WIN_20260707_13_32_06_Pro.jpg,Foam-Medium/augmented/saturation/root/WIN_20260707_13_32_06_Pro__saturation.jpg,saturation,"{""factor"": 1.0835}"
Foam-Medium,root,Foam-Medium/WIN_20260707_13_32_06_Pro.jpg,Foam-Medium/augmented/zoom_translate/root/WIN_20260707_13_32_06_Pro__zoom_translate.jpg,zoom_translate,"{""shift_x_fraction"": 0.0001, ""shift_y_fraction"": 0.0084, ""zoom"": 1.0712}"
Foam-Medium,root,Foam-Medium/WIN_20260707_13_32_54_Pro.jpg,Foam-Medium/augmented/small_rotation/root/WIN_20260707_13_32_54_Pro__small_rotation.jpg,small_rotation,"{""angle_degrees"": -1.4866}"
Foam-Medium,root,Foam-Medium/WIN_20260707_13_32_54_Pro.jpg,Foam-Medium/augmented/horizontal_flip/root/WIN_20260707_13_32_54_Pro__horizontal_flip.jpg,horizontal_flip,{}
Foam-Medium,root,Foam-Medium/WIN_20260707_13_32_54_Pro.jpg,Foam-Medium/augmented/brightness/root/WIN_20260707_13_32_54_Pro__brightness.jpg,brightness,"{""factor"": 0.9898}"
Foam-Medium,root,Foam-Medium/WIN_20260707_13_32_54_Pro.jpg,Foam-Medium/augmented/contrast/root/WIN_20260707_13_32_54_Pro__contrast.jpg,contrast,"{""factor"": 1.0218}"
Foam-Medium,root,Foam-Medium/WIN_20260707_13_32_54_Pro.jpg,Foam-Medium/augmented/saturation/root/WIN_20260707_13_32_54_Pro__saturation.jpg,saturation,"{""factor"": 1.0422}"
Foam-Medium,root,Foam-Medium/WIN_20260707_13_32_54_Pro.jpg,Foam-Medium/augmented/zoom_translate/root/WIN_20260707_13_32_54_Pro__zoom_translate.jpg,zoom_translate,"{""shift_x_fraction"": 0.007, ""shift_y_fraction"": 0.0051, ""zoom"": 1.0375}"
Foam-Medium,root,Foam-Medium/WIN_20260707_13_32_56_Pro.jpg,Foam-Medium/augmented/small_rotation/root/WIN_20260707_13_32_56_Pro__small_rotation.jpg,small_rotation,"{""angle_degrees"": -6.405}"
Foam-Medium,root,Foam-Medium/WIN_20260707_13_32_56_Pro.jpg,Foam-Medium/augmented/horizontal_flip/root/WIN_20260707_13_32_56_Pro__horizontal_flip.jpg,horizontal_flip,{}
Foam-Medium,root,Foam-Medium/WIN_20260707_13_32_56_Pro.jpg,Foam-Medium/augmented/brightness/root/WIN_20260707_13_32_56_Pro__brightness.jpg,brightness,"{""factor"": 1.0235}"
Foam-Medium,root,Foam-Medium/WIN_20260707_13_32_56_Pro.jpg,Foam-Medium/augmented/contrast/root/WIN_20260707_13_32_56_Pro__contrast.jpg,contrast,"{""factor"": 1.033}"
Foam-Medium,root,Foam-Medium/WIN_20260707_13_32_56_Pro.jpg,Foam-Medium/augmented/saturation/root/WIN_20260707_13_32_56_Pro__saturation.jpg,saturation,"{""factor"": 0.9102}"
Foam-Medium,root,Foam-Medium/WIN_20260707_13_32_56_Pro.jpg,Foam-Medium/augmented/zoom_translate/root/WIN_20260707_13_32_56_Pro__zoom_translate.jpg,zoom_translate,"{""shift_x_fraction"": 0.0303, ""shift_y_fraction"": -0.022, ""zoom"": 1.0334}"
Foam-Medium,root,Foam-Medium/WIN_20260707_13_32_57_Pro.jpg,Foam-Medium/augmented/small_rotation/root/WIN_20260707_13_32_57_Pro__small_rotation.jpg,small_rotation,"{""angle_degrees"": 2.9969}"
Foam-Medium,root,Foam-Medium/WIN_20260707_13_32_57_Pro.jpg,Foam-Medium/augmented/horizontal_flip/root/WIN_20260707_13_32_57_Pro__horizontal_flip.jpg,horizontal_flip,{}
Foam-Medium,root,Foam-Medium/WIN_20260707_13_32_57_Pro.jpg,Foam-Medium/augmented/brightness/root/WIN_20260707_13_32_57_Pro__brightness.jpg,brightness,"{""factor"": 0.8676}"
Foam-Medium,root,Foam-Medium/WIN_20260707_13_32_57_Pro.jpg,Foam-Medium/augmented/contrast/root/WIN_20260707_13_32_57_Pro__contrast.jpg,contrast,"{""factor"": 1.1278}"
Foam-Medium,root,Foam-Medium/WIN_20260707_13_32_57_Pro.jpg,Foam-Medium/augmented/saturation/root/WIN_20260707_13_32_57_Pro__saturation.jpg,saturation,"{""factor"": 0.9371}"
Foam-Medium,root,Foam-Medium/WIN_20260707_13_32_57_Pro.jpg,Foam-Medium/augmented/zoom_translate/root/WIN_20260707_13_32_57_Pro__zoom_translate.jpg,zoom_translate,"{""shift_x_fraction"": -0.0003, ""shift_y_fraction"": -0.0032, ""zoom"": 1.0016}"
Foam-Medium,root,Foam-Medium/WIN_20260707_13_32_59_Pro.jpg,Foam-Medium/augmented/small_rotation/root/WIN_20260707_13_32_59_Pro__small_rotation.jpg,small_rotation,"{""angle_degrees"": 1.4187}"
Foam-Medium,root,Foam-Medium/WIN_20260707_13_32_59_Pro.jpg,Foam-Medium/augmented/horizontal_flip/root/WIN_20260707_13_32_59_Pro__horizontal_flip.jpg,horizontal_flip,{}
Foam-Medium,root,Foam-Medium/WIN_20260707_13_32_59_Pro.jpg,Foam-Medium/augmented/brightness/root/WIN_20260707_13_32_59_Pro__brightness.jpg,brightness,"{""factor"": 1.0413}"
Foam-Medium,root,Foam-Medium/WIN_20260707_13_32_59_Pro.jpg,Foam-Medium/augmented/contrast/root/WIN_20260707_13_32_59_Pro__contrast.jpg,contrast,"{""factor"": 1.1027}"
Foam-Medium,root,Foam-Medium/WIN_20260707_13_32_59_Pro.jpg,Foam-Medium/augmented/saturation/root/WIN_20260707_13_32_59_Pro__saturation.jpg,saturation,"{""factor"": 0.9621}"
Foam-Medium,root,Foam-Medium/WIN_20260707_13_32_59_Pro.jpg,Foam-Medium/augmented/zoom_translate/root/WIN_20260707_13_32_59_Pro__zoom_translate.jpg,zoom_translate,"{""shift_x_fraction"": 0.0212, ""shift_y_fraction"": -0.0349, ""zoom"": 1.0131}"
Foam-Medium,root,Foam-Medium/WIN_20260707_13_33_00_Pro.jpg,Foam-Medium/augmented/small_rotation/root/WIN_20260707_13_33_00_Pro__small_rotation.jpg,small_rotation,"{""angle_degrees"": -7.6453}"
Foam-Medium,root,Foam-Medium/WIN_20260707_13_33_00_Pro.jpg,Foam-Medium/augmented/horizontal_flip/root/WIN_20260707_13_33_00_Pro__horizontal_flip.jpg,horizontal_flip,{}
Foam-Medium,root,Foam-Medium/WIN_20260707_13_33_00_Pro.jpg,Foam-Medium/augmented/brightness/root/WIN_20260707_13_33_00_Pro__brightness.jpg,brightness,"{""factor"": 0.8601}"
Foam-Medium,root,Foam-Medium/WIN_20260707_13_33_00_Pro.jpg,Foam-Medium/augmented/contrast/root/WIN_20260707_13_33_00_Pro__contrast.jpg,contrast,"{""factor"": 1.0706}"
Foam-Medium,root,Foam-Medium/WIN_20260707_13_33_00_Pro.jpg,Foam-Medium/augmented/saturation/root/WIN_20260707_13_33_00_Pro__saturation.jpg,saturation,"{""factor"": 1.0217}"
Foam-Medium,root,Foam-Medium/WIN_20260707_13_33_00_Pro.jpg,Foam-Medium/augmented/zoom_translate/root/WIN_20260707_13_33_00_Pro__zoom_translate.jpg,zoom_translate,"{""shift_x_fraction"": -0.0102, ""shift_y_fraction"": 0.0196, ""zoom"": 1.0158}"
Foam-Medium,root,Foam-Medium/WIN_20260707_13_33_01_Pro.jpg,Foam-Medium/augmented/small_rotation/root/WIN_20260707_13_33_01_Pro__small_rotation.jpg,small_rotation,"{""angle_degrees"": 3.2029}"
Foam-Medium,root,Foam-Medium/WIN_20260707_13_33_01_Pro.jpg,Foam-Medium/augmented/horizontal_flip/root/WIN_20260707_13_33_01_Pro__horizontal_flip.jpg,horizontal_flip,{}
Foam-Medium,root,Foam-Medium/WIN_20260707_13_33_01_Pro.jpg,Foam-Medium/augmented/brightness/root/WIN_20260707_13_33_01_Pro__brightness.jpg,brightness,"{""factor"": 1.1224}"
Foam-Medium,root,Foam-Medium/WIN_20260707_13_33_01_Pro.jpg,Foam-Medium/augmented/contrast/root/WIN_20260707_13_33_01_Pro__contrast.jpg,contrast,"{""factor"": 1.0423}"
Foam-Medium,root,Foam-Medium/WIN_20260707_13_33_01_Pro.jpg,Foam-Medium/augmented/saturation/root/WIN_20260707_13_33_01_Pro__saturation.jpg,saturation,"{""factor"": 1.085}"
Foam-Medium,root,Foam-Medium/WIN_20260707_13_33_01_Pro.jpg,Foam-Medium/augmented/zoom_translate/root/WIN_20260707_13_33_01_Pro__zoom_translate.jpg,zoom_translate,"{""shift_x_fraction"": -0.0328, ""shift_y_fraction"": -0.0144, ""zoom"": 1.0729}"
Foam-Medium,root,Foam-Medium/WIN_20260707_13_33_02_Pro.jpg,Foam-Medium/augmented/small_rotation/root/WIN_20260707_13_33_02_Pro__small_rotation.jpg,small_rotation,"{""angle_degrees"": 6.2206}"
Foam-Medium,root,Foam-Medium/WIN_20260707_13_33_02_Pro.jpg,Foam-Medium/augmented/horizontal_flip/root/WIN_20260707_13_33_02_Pro__horizontal_flip.jpg,horizontal_flip,{}
Foam-Medium,root,Foam-Medium/WIN_20260707_13_33_02_Pro.jpg,Foam-Medium/augmented/brightness/root/WIN_20260707_13_33_02_Pro__brightness.jpg,brightness,"{""factor"": 0.9461}"
Foam-Medium,root,Foam-Medium/WIN_20260707_13_33_02_Pro.jpg,Foam-Medium/augmented/contrast/root/WIN_20260707_13_33_02_Pro__contrast.jpg,contrast,"{""factor"": 0.9391}"
Foam-Medium,root,Foam-Medium/WIN_20260707_13_33_02_Pro.jpg,Foam-Medium/augmented/saturation/root/WIN_20260707_13_33_02_Pro__saturation.jpg,saturation,"{""factor"": 1.0226}"
Foam-Medium,root,Foam-Medium/WIN_20260707_13_33_02_Pro.jpg,Foam-Medium/augmented/zoom_translate/root/WIN_20260707_13_33_02_Pro__zoom_translate.jpg,zoom_translate,"{""shift_x_fraction"": 0.0196, ""shift_y_fraction"": -0.0197, ""zoom"": 1.0573}"
Foam-Medium,root,Foam-Medium/WIN_20260707_13_33_04_Pro.jpg,Foam-Medium/augmented/small_rotation/root/WIN_20260707_13_33_04_Pro__small_rotation.jpg,small_rotation,"{""angle_degrees"": 1.3807}"
Foam-Medium,root,Foam-Medium/WIN_20260707_13_33_04_Pro.jpg,Foam-Medium/augmented/horizontal_flip/root/WIN_20260707_13_33_04_Pro__horizontal_flip.jpg,horizontal_flip,{}
Foam-Medium,root,Foam-Medium/WIN_20260707_13_33_04_Pro.jpg,Foam-Medium/augmented/brightness/root/WIN_20260707_13_33_04_Pro__brightness.jpg,brightness,"{""factor"": 1.0235}"
Foam-Medium,root,Foam-Medium/WIN_20260707_13_33_04_Pro.jpg,Foam-Medium/augmented/contrast/root/WIN_20260707_13_33_04_Pro__contrast.jpg,contrast,"{""factor"": 0.9808}"
Foam-Medium,root,Foam-Medium/WIN_20260707_13_33_04_Pro.jpg,Foam-Medium/augmented/saturation/root/WIN_20260707_13_33_04_Pro__saturation.jpg,saturation,"{""factor"": 1.0279}"
Foam-Medium,root,Foam-Medium/WIN_20260707_13_33_04_Pro.jpg,Foam-Medium/augmented/zoom_translate/root/WIN_20260707_13_33_04_Pro__zoom_translate.jpg,zoom_translate,"{""shift_x_fraction"": 0.0112, ""shift_y_fraction"": 0.0107, ""zoom"": 1.0497}"
Foam-Medium,root,Foam-Medium/WIN_20260707_13_33_05_Pro.jpg,Foam-Medium/augmented/small_rotation/root/WIN_20260707_13_33_05_Pro__small_rotation.jpg,small_rotation,"{""angle_degrees"": -7.9216}"
Foam-Medium,root,Foam-Medium/WIN_20260707_13_33_05_Pro.jpg,Foam-Medium/augmented/horizontal_flip/root/WIN_20260707_13_33_05_Pro__horizontal_flip.jpg,horizontal_flip,{}
Foam-Medium,root,Foam-Medium/WIN_20260707_13_33_05_Pro.jpg,Foam-Medium/augmented/brightness/root/WIN_20260707_13_33_05_Pro__brightness.jpg,brightness,"{""factor"": 1.132}"
Foam-Medium,root,Foam-Medium/WIN_20260707_13_33_05_Pro.jpg,Foam-Medium/augmented/contrast/root/WIN_20260707_13_33_05_Pro__contrast.jpg,contrast,"{""factor"": 1.1454}"
Foam-Medium,root,Foam-Medium/WIN_20260707_13_33_05_Pro.jpg,Foam-Medium/augmented/saturation/root/WIN_20260707_13_33_05_Pro__saturation.jpg,saturation,"{""factor"": 1.033}"
Foam-Medium,root,Foam-Medium/WIN_20260707_13_33_05_Pro.jpg,Foam-Medium/augmented/zoom_translate/root/WIN_20260707_13_33_05_Pro__zoom_translate.jpg,zoom_translate,"{""shift_x_fraction"": -0.0109, ""shift_y_fraction"": -0.0291, ""zoom"": 1.0513}"
Foam-Medium,root,Foam-Medium/WIN_20260707_13_33_07_Pro.jpg,Foam-Medium/augmented/small_rotation/root/WIN_20260707_13_33_07_Pro__small_rotation.jpg,small_rotation,"{""angle_degrees"": -3.8083}"
Foam-Medium,root,Foam-Medium/WIN_20260707_13_33_07_Pro.jpg,Foam-Medium/augmented/horizontal_flip/root/WIN_20260707_13_33_07_Pro__horizontal_flip.jpg,horizontal_flip,{}
Foam-Medium,root,Foam-Medium/WIN_20260707_13_33_07_Pro.jpg,Foam-Medium/augmented/brightness/root/WIN_20260707_13_33_07_Pro__brightness.jpg,brightness,"{""factor"": 1.0234}"
Foam-Medium,root,Foam-Medium/WIN_20260707_13_33_07_Pro.jpg,Foam-Medium/augmented/contrast/root/WIN_20260707_13_33_07_Pro__contrast.jpg,contrast,"{""factor"": 0.9106}"
Foam-Medium,root,Foam-Medium/WIN_20260707_13_33_07_Pro.jpg,Foam-Medium/augmented/saturation/root/WIN_20260707_13_33_07_Pro__saturation.jpg,saturation,"{""factor"": 0.9175}"
Foam-Medium,root,Foam-Medium/WIN_20260707_13_33_07_Pro.jpg,Foam-Medium/augmented/zoom_translate/root/WIN_20260707_13_33_07_Pro__zoom_translate.jpg,zoom_translate,"{""shift_x_fraction"": -0.011, ""shift_y_fraction"": 0.0308, ""zoom"": 1.0125}"
Foam-Medium,root,Foam-Medium/WIN_20260707_13_33_09_Pro.jpg,Foam-Medium/augmented/small_rotation/root/WIN_20260707_13_33_09_Pro__small_rotation.jpg,small_rotation,"{""angle_degrees"": 0.5351}"
Foam-Medium,root,Foam-Medium/WIN_20260707_13_33_09_Pro.jpg,Foam-Medium/augmented/horizontal_flip/root/WIN_20260707_13_33_09_Pro__horizontal_flip.jpg,horizontal_flip,{}
Foam-Medium,root,Foam-Medium/WIN_20260707_13_33_09_Pro.jpg,Foam-Medium/augmented/brightness/root/WIN_20260707_13_33_09_Pro__brightness.jpg,brightness,"{""factor"": 1.0226}"
Foam-Medium,root,Foam-Medium/WIN_20260707_13_33_09_Pro.jpg,Foam-Medium/augmented/contrast/root/WIN_20260707_13_33_09_Pro__contrast.jpg,contrast,"{""factor"": 1.0414}"
Foam-Medium,root,Foam-Medium/WIN_20260707_13_33_09_Pro.jpg,Foam-Medium/augmented/saturation/root/WIN_20260707_13_33_09_Pro__saturation.jpg,saturation,"{""factor"": 0.9768}"
Foam-Medium,root,Foam-Medium/WIN_20260707_13_33_09_Pro.jpg,Foam-Medium/augmented/zoom_translate/root/WIN_20260707_13_33_09_Pro__zoom_translate.jpg,zoom_translate,"{""shift_x_fraction"": 0.004, ""shift_y_fraction"": 0.0021, ""zoom"": 1.0034}"
Foam-Medium,root,Foam-Medium/WIN_20260707_13_33_10_Pro.jpg,Foam-Medium/augmented/small_rotation/root/WIN_20260707_13_33_10_Pro__small_rotation.jpg,small_rotation,"{""angle_degrees"": -4.8895}"
Foam-Medium,root,Foam-Medium/WIN_20260707_13_33_10_Pro.jpg,Foam-Medium/augmented/horizontal_flip/root/WIN_20260707_13_33_10_Pro__horizontal_flip.jpg,horizontal_flip,{}
Foam-Medium,root,Foam-Medium/WIN_20260707_13_33_10_Pro.jpg,Foam-Medium/augmented/brightness/root/WIN_20260707_13_33_10_Pro__brightness.jpg,brightness,"{""factor"": 1.1163}"
Foam-Medium,root,Foam-Medium/WIN_20260707_13_33_10_Pro.jpg,Foam-Medium/augmented/contrast/root/WIN_20260707_13_33_10_Pro__contrast.jpg,contrast,"{""factor"": 0.9551}"
Foam-Medium,root,Foam-Medium/WIN_20260707_13_33_10_Pro.jpg,Foam-Medium/augmented/saturation/root/WIN_20260707_13_33_10_Pro__saturation.jpg,saturation,"{""factor"": 0.9591}"
Foam-Medium,root,Foam-Medium/WIN_20260707_13_33_10_Pro.jpg,Foam-Medium/augmented/zoom_translate/root/WIN_20260707_13_33_10_Pro__zoom_translate.jpg,zoom_translate,"{""shift_x_fraction"": -0.0062, ""shift_y_fraction"": 0.0337, ""zoom"": 1.0457}"
Foam-Medium,root,Foam-Medium/WIN_20260707_13_33_14_Pro.jpg,Foam-Medium/augmented/small_rotation/root/WIN_20260707_13_33_14_Pro__small_rotation.jpg,small_rotation,"{""angle_degrees"": 0.3758}"
Foam-Medium,root,Foam-Medium/WIN_20260707_13_33_14_Pro.jpg,Foam-Medium/augmented/horizontal_flip/root/WIN_20260707_13_33_14_Pro__horizontal_flip.jpg,horizontal_flip,{}
Foam-Medium,root,Foam-Medium/WIN_20260707_13_33_14_Pro.jpg,Foam-Medium/augmented/brightness/root/WIN_20260707_13_33_14_Pro__brightness.jpg,brightness,"{""factor"": 0.9636}"
Foam-Medium,root,Foam-Medium/WIN_20260707_13_33_14_Pro.jpg,Foam-Medium/augmented/contrast/root/WIN_20260707_13_33_14_Pro__contrast.jpg,contrast,"{""factor"": 1.011}"
Foam-Medium,root,Foam-Medium/WIN_20260707_13_33_14_Pro.jpg,Foam-Medium/augmented/saturation/root/WIN_20260707_13_33_14_Pro__saturation.jpg,saturation,"{""factor"": 1.0693}"
Foam-Medium,root,Foam-Medium/WIN_20260707_13_33_14_Pro.jpg,Foam-Medium/augmented/zoom_translate/root/WIN_20260707_13_33_14_Pro__zoom_translate.jpg,zoom_translate,"{""shift_x_fraction"": 0.0131, ""shift_y_fraction"": 0.0126, ""zoom"": 1.0203}"
Foam-Medium,root,Foam-Medium/WIN_20260707_13_33_15_Pro.jpg,Foam-Medium/augmented/small_rotation/root/WIN_20260707_13_33_15_Pro__small_rotation.jpg,small_rotation,"{""angle_degrees"": -2.1722}"
Foam-Medium,root,Foam-Medium/WIN_20260707_13_33_15_Pro.jpg,Foam-Medium/augmented/horizontal_flip/root/WIN_20260707_13_33_15_Pro__horizontal_flip.jpg,horizontal_flip,{}
Foam-Medium,root,Foam-Medium/WIN_20260707_13_33_15_Pro.jpg,Foam-Medium/augmented/brightness/root/WIN_20260707_13_33_15_Pro__brightness.jpg,brightness,"{""factor"": 0.869}"
Foam-Medium,root,Foam-Medium/WIN_20260707_13_33_15_Pro.jpg,Foam-Medium/augmented/contrast/root/WIN_20260707_13_33_15_Pro__contrast.jpg,contrast,"{""factor"": 0.8929}"
Foam-Medium,root,Foam-Medium/WIN_20260707_13_33_15_Pro.jpg,Foam-Medium/augmented/saturation/root/WIN_20260707_13_33_15_Pro__saturation.jpg,saturation,"{""factor"": 1.0368}"
Foam-Medium,root,Foam-Medium/WIN_20260707_13_33_15_Pro.jpg,Foam-Medium/augmented/zoom_translate/root/WIN_20260707_13_33_15_Pro__zoom_translate.jpg,zoom_translate,"{""shift_x_fraction"": -0.0205, ""shift_y_fraction"": -0.0233, ""zoom"": 1.0467}"
Foam-Medium,root,Foam-Medium/WIN_20260707_13_33_17_Pro.jpg,Foam-Medium/augmented/small_rotation/root/WIN_20260707_13_33_17_Pro__small_rotation.jpg,small_rotation,"{""angle_degrees"": -5.3067}"
Foam-Medium,root,Foam-Medium/WIN_20260707_13_33_17_Pro.jpg,Foam-Medium/augmented/horizontal_flip/root/WIN_20260707_13_33_17_Pro__horizontal_flip.jpg,horizontal_flip,{}
Foam-Medium,root,Foam-Medium/WIN_20260707_13_33_17_Pro.jpg,Foam-Medium/augmented/brightness/root/WIN_20260707_13_33_17_Pro__brightness.jpg,brightness,"{""factor"": 0.9667}"
Foam-Medium,root,Foam-Medium/WIN_20260707_13_33_17_Pro.jpg,Foam-Medium/augmented/contrast/root/WIN_20260707_13_33_17_Pro__contrast.jpg,contrast,"{""factor"": 1.0147}"
Foam-Medium,root,Foam-Medium/WIN_20260707_13_33_17_Pro.jpg,Foam-Medium/augmented/saturation/root/WIN_20260707_13_33_17_Pro__saturation.jpg,saturation,"{""factor"": 0.9003}"
Foam-Medium,root,Foam-Medium/WIN_20260707_13_33_17_Pro.jpg,Foam-Medium/augmented/zoom_translate/root/WIN_20260707_13_33_17_Pro__zoom_translate.jpg,zoom_translate,"{""shift_x_fraction"": 0.0034, ""shift_y_fraction"": 0.0093, ""zoom"": 1.0428}"
Foam-Medium,root,Foam-Medium/WIN_20260707_13_33_20_Pro.jpg,Foam-Medium/augmented/small_rotation/root/WIN_20260707_13_33_20_Pro__small_rotation.jpg,small_rotation,"{""angle_degrees"": 1.9083}"
Foam-Medium,root,Foam-Medium/WIN_20260707_13_33_20_Pro.jpg,Foam-Medium/augmented/horizontal_flip/root/WIN_20260707_13_33_20_Pro__horizontal_flip.jpg,horizontal_flip,{}
Foam-Medium,root,Foam-Medium/WIN_20260707_13_33_20_Pro.jpg,Foam-Medium/augmented/brightness/root/WIN_20260707_13_33_20_Pro__brightness.jpg,brightness,"{""factor"": 0.9588}"
Foam-Medium,root,Foam-Medium/WIN_20260707_13_33_20_Pro.jpg,Foam-Medium/augmented/contrast/root/WIN_20260707_13_33_20_Pro__contrast.jpg,contrast,"{""factor"": 1.0131}"
Foam-Medium,root,Foam-Medium/WIN_20260707_13_33_20_Pro.jpg,Foam-Medium/augmented/saturation/root/WIN_20260707_13_33_20_Pro__saturation.jpg,saturation,"{""factor"": 1.0849}"
Foam-Medium,root,Foam-Medium/WIN_20260707_13_33_20_Pro.jpg,Foam-Medium/augmented/zoom_translate/root/WIN_20260707_13_33_20_Pro__zoom_translate.jpg,zoom_translate,"{""shift_x_fraction"": -0.0293, ""shift_y_fraction"": 0.0202, ""zoom"": 1.0175}"
Foam-Medium,root,Foam-Medium/WIN_20260707_13_33_22_Pro.jpg,Foam-Medium/augmented/small_rotation/root/WIN_20260707_13_33_22_Pro__small_rotation.jpg,small_rotation,"{""angle_degrees"": -7.9961}"
Foam-Medium,root,Foam-Medium/WIN_20260707_13_33_22_Pro.jpg,Foam-Medium/augmented/horizontal_flip/root/WIN_20260707_13_33_22_Pro__horizontal_flip.jpg,horizontal_flip,{}
Foam-Medium,root,Foam-Medium/WIN_20260707_13_33_22_Pro.jpg,Foam-Medium/augmented/brightness/root/WIN_20260707_13_33_22_Pro__brightness.jpg,brightness,"{""factor"": 1.1324}"
Foam-Medium,root,Foam-Medium/WIN_20260707_13_33_22_Pro.jpg,Foam-Medium/augmented/contrast/root/WIN_20260707_13_33_22_Pro__contrast.jpg,contrast,"{""factor"": 1.0262}"
Foam-Medium,root,Foam-Medium/WIN_20260707_13_33_22_Pro.jpg,Foam-Medium/augmented/saturation/root/WIN_20260707_13_33_22_Pro__saturation.jpg,saturation,"{""factor"": 0.9606}"
Foam-Medium,root,Foam-Medium/WIN_20260707_13_33_22_Pro.jpg,Foam-Medium/augmented/zoom_translate/root/WIN_20260707_13_33_22_Pro__zoom_translate.jpg,zoom_translate,"{""shift_x_fraction"": 0.0258, ""shift_y_fraction"": 0.0077, ""zoom"": 1.0425}"
Foam-Medium,root,Foam-Medium/WIN_20260707_13_34_12_Pro.jpg,Foam-Medium/augmented/small_rotation/root/WIN_20260707_13_34_12_Pro__small_rotation.jpg,small_rotation,"{""angle_degrees"": -5.1157}"
Foam-Medium,root,Foam-Medium/WIN_20260707_13_34_12_Pro.jpg,Foam-Medium/augmented/horizontal_flip/root/WIN_20260707_13_34_12_Pro__horizontal_flip.jpg,horizontal_flip,{}
Foam-Medium,root,Foam-Medium/WIN_20260707_13_34_12_Pro.jpg,Foam-Medium/augmented/brightness/root/WIN_20260707_13_34_12_Pro__brightness.jpg,brightness,"{""factor"": 1.0239}"
Foam-Medium,root,Foam-Medium/WIN_20260707_13_34_12_Pro.jpg,Foam-Medium/augmented/contrast/root/WIN_20260707_13_34_12_Pro__contrast.jpg,contrast,"{""factor"": 0.8698}"
Foam-Medium,root,Foam-Medium/WIN_20260707_13_34_12_Pro.jpg,Foam-Medium/augmented/saturation/root/WIN_20260707_13_34_12_Pro__saturation.jpg,saturation,"{""factor"": 1.0328}"
Foam-Medium,root,Foam-Medium/WIN_20260707_13_34_12_Pro.jpg,Foam-Medium/augmented/zoom_translate/root/WIN_20260707_13_34_12_Pro__zoom_translate.jpg,zoom_translate,"{""shift_x_fraction"": 0.0021, ""shift_y_fraction"": -0.0264, ""zoom"": 1.0641}"
Foam-Medium,root,Foam-Medium/WIN_20260707_13_34_14_Pro.jpg,Foam-Medium/augmented/small_rotation/root/WIN_20260707_13_34_14_Pro__small_rotation.jpg,small_rotation,"{""angle_degrees"": -1.943}"
Foam-Medium,root,Foam-Medium/WIN_20260707_13_34_14_Pro.jpg,Foam-Medium/augmented/horizontal_flip/root/WIN_20260707_13_34_14_Pro__horizontal_flip.jpg,horizontal_flip,{}
Foam-Medium,root,Foam-Medium/WIN_20260707_13_34_14_Pro.jpg,Foam-Medium/augmented/brightness/root/WIN_20260707_13_34_14_Pro__brightness.jpg,brightness,"{""factor"": 0.9305}"
Foam-Medium,root,Foam-Medium/WIN_20260707_13_34_14_Pro.jpg,Foam-Medium/augmented/contrast/root/WIN_20260707_13_34_14_Pro__contrast.jpg,contrast,"{""factor"": 0.9448}"
Foam-Medium,root,Foam-Medium/WIN_20260707_13_34_14_Pro.jpg,Foam-Medium/augmented/saturation/root/WIN_20260707_13_34_14_Pro__saturation.jpg,saturation,"{""factor"": 1.0639}"
Foam-Medium,root,Foam-Medium/WIN_20260707_13_34_14_Pro.jpg,Foam-Medium/augmented/zoom_translate/root/WIN_20260707_13_34_14_Pro__zoom_translate.jpg,zoom_translate,"{""shift_x_fraction"": -0.0185, ""shift_y_fraction"": 0.0175, ""zoom"": 1.0075}"
Foam-Medium,root,Foam-Medium/WIN_20260707_13_34_22_Pro.jpg,Foam-Medium/augmented/small_rotation/root/WIN_20260707_13_34_22_Pro__small_rotation.jpg,small_rotation,"{""angle_degrees"": 6.8311}"
Foam-Medium,root,Foam-Medium/WIN_20260707_13_34_22_Pro.jpg,Foam-Medium/augmented/horizontal_flip/root/WIN_20260707_13_34_22_Pro__horizontal_flip.jpg,horizontal_flip,{}
Foam-Medium,root,Foam-Medium/WIN_20260707_13_34_22_Pro.jpg,Foam-Medium/augmented/brightness/root/WIN_20260707_13_34_22_Pro__brightness.jpg,brightness,"{""factor"": 0.9128}"
Foam-Medium,root,Foam-Medium/WIN_20260707_13_34_22_Pro.jpg,Foam-Medium/augmented/contrast/root/WIN_20260707_13_34_22_Pro__contrast.jpg,contrast,"{""factor"": 0.9381}"
Foam-Medium,root,Foam-Medium/WIN_20260707_13_34_22_Pro.jpg,Foam-Medium/augmented/saturation/root/WIN_20260707_13_34_22_Pro__saturation.jpg,saturation,"{""factor"": 1.0245}"
Foam-Medium,root,Foam-Medium/WIN_20260707_13_34_22_Pro.jpg,Foam-Medium/augmented/zoom_translate/root/WIN_20260707_13_34_22_Pro__zoom_translate.jpg,zoom_translate,"{""shift_x_fraction"": 0.0145, ""shift_y_fraction"": -0.0222, ""zoom"": 1.0296}"
Foam-Medium,root,Foam-Medium/WIN_20260707_13_34_25_Pro.jpg,Foam-Medium/augmented/small_rotation/root/WIN_20260707_13_34_25_Pro__small_rotation.jpg,small_rotation,"{""angle_degrees"": -5.9853}"
Foam-Medium,root,Foam-Medium/WIN_20260707_13_34_25_Pro.jpg,Foam-Medium/augmented/horizontal_flip/root/WIN_20260707_13_34_25_Pro__horizontal_flip.jpg,horizontal_flip,{}
Foam-Medium,root,Foam-Medium/WIN_20260707_13_34_25_Pro.jpg,Foam-Medium/augmented/brightness/root/WIN_20260707_13_34_25_Pro__brightness.jpg,brightness,"{""factor"": 0.9827}"
Foam-Medium,root,Foam-Medium/WIN_20260707_13_34_25_Pro.jpg,Foam-Medium/augmented/contrast/root/WIN_20260707_13_34_25_Pro__contrast.jpg,contrast,"{""factor"": 0.9026}"
Foam-Medium,root,Foam-Medium/WIN_20260707_13_34_25_Pro.jpg,Foam-Medium/augmented/saturation/root/WIN_20260707_13_34_25_Pro__saturation.jpg,saturation,"{""factor"": 0.9897}"
Foam-Medium,root,Foam-Medium/WIN_20260707_13_34_25_Pro.jpg,Foam-Medium/augmented/zoom_translate/root/WIN_20260707_13_34_25_Pro__zoom_translate.jpg,zoom_translate,"{""shift_x_fraction"": -0.02, ""shift_y_fraction"": -0.0001, ""zoom"": 1.0353}"
Foam-Medium,root,Foam-Medium/WIN_20260707_13_34_26_Pro.jpg,Foam-Medium/augmented/small_rotation/root/WIN_20260707_13_34_26_Pro__small_rotation.jpg,small_rotation,"{""angle_degrees"": 2.6291}"
Foam-Medium,root,Foam-Medium/WIN_20260707_13_34_26_Pro.jpg,Foam-Medium/augmented/horizontal_flip/root/WIN_20260707_13_34_26_Pro__horizontal_flip.jpg,horizontal_flip,{}
Foam-Medium,root,Foam-Medium/WIN_20260707_13_34_26_Pro.jpg,Foam-Medium/augmented/brightness/root/WIN_20260707_13_34_26_Pro__brightness.jpg,brightness,"{""factor"": 0.9162}"
Foam-Medium,root,Foam-Medium/WIN_20260707_13_34_26_Pro.jpg,Foam-Medium/augmented/contrast/root/WIN_20260707_13_34_26_Pro__contrast.jpg,contrast,"{""factor"": 0.9759}"
Foam-Medium,root,Foam-Medium/WIN_20260707_13_34_26_Pro.jpg,Foam-Medium/augmented/saturation/root/WIN_20260707_13_34_26_Pro__saturation.jpg,saturation,"{""factor"": 0.9712}"
Foam-Medium,root,Foam-Medium/WIN_20260707_13_34_26_Pro.jpg,Foam-Medium/augmented/zoom_translate/root/WIN_20260707_13_34_26_Pro__zoom_translate.jpg,zoom_translate,"{""shift_x_fraction"": -0.0063, ""shift_y_fraction"": -0.0311, ""zoom"": 1.0355}"
Foam-Medium,root,Foam-Medium/WIN_20260707_13_34_28_Pro.jpg,Foam-Medium/augmented/small_rotation/root/WIN_20260707_13_34_28_Pro__small_rotation.jpg,small_rotation,"{""angle_degrees"": 1.8387}"
Foam-Medium,root,Foam-Medium/WIN_20260707_13_34_28_Pro.jpg,Foam-Medium/augmented/horizontal_flip/root/WIN_20260707_13_34_28_Pro__horizontal_flip.jpg,horizontal_flip,{}
Foam-Medium,root,Foam-Medium/WIN_20260707_13_34_28_Pro.jpg,Foam-Medium/augmented/brightness/root/WIN_20260707_13_34_28_Pro__brightness.jpg,brightness,"{""factor"": 1.0016}"
Foam-Medium,root,Foam-Medium/WIN_20260707_13_34_28_Pro.jpg,Foam-Medium/augmented/contrast/root/WIN_20260707_13_34_28_Pro__contrast.jpg,contrast,"{""factor"": 0.9018}"
Foam-Medium,root,Foam-Medium/WIN_20260707_13_34_28_Pro.jpg,Foam-Medium/augmented/saturation/root/WIN_20260707_13_34_28_Pro__saturation.jpg,saturation,"{""factor"": 1.0071}"
Foam-Medium,root,Foam-Medium/WIN_20260707_13_34_28_Pro.jpg,Foam-Medium/augmented/zoom_translate/root/WIN_20260707_13_34_28_Pro__zoom_translate.jpg,zoom_translate,"{""shift_x_fraction"": -0.0053, ""shift_y_fraction"": 0.005, ""zoom"": 1.0697}"
Foam-Medium,root,Foam-Medium/WIN_20260707_13_34_29_Pro.jpg,Foam-Medium/augmented/small_rotation/root/WIN_20260707_13_34_29_Pro__small_rotation.jpg,small_rotation,"{""angle_degrees"": 6.639}"
Foam-Medium,root,Foam-Medium/WIN_20260707_13_34_29_Pro.jpg,Foam-Medium/augmented/horizontal_flip/root/WIN_20260707_13_34_29_Pro__horizontal_flip.jpg,horizontal_flip,{}
Foam-Medium,root,Foam-Medium/WIN_20260707_13_34_29_Pro.jpg,Foam-Medium/augmented/brightness/root/WIN_20260707_13_34_29_Pro__brightness.jpg,brightness,"{""factor"": 1.1479}"
Foam-Medium,root,Foam-Medium/WIN_20260707_13_34_29_Pro.jpg,Foam-Medium/augmented/contrast/root/WIN_20260707_13_34_29_Pro__contrast.jpg,contrast,"{""factor"": 1.0546}"
Foam-Medium,root,Foam-Medium/WIN_20260707_13_34_29_Pro.jpg,Foam-Medium/augmented/saturation/root/WIN_20260707_13_34_29_Pro__saturation.jpg,saturation,"{""factor"": 1.0108}"
Foam-Medium,root,Foam-Medium/WIN_20260707_13_34_29_Pro.jpg,Foam-Medium/augmented/zoom_translate/root/WIN_20260707_13_34_29_Pro__zoom_translate.jpg,zoom_translate,"{""shift_x_fraction"": 0.0184, ""shift_y_fraction"": 0.0171, ""zoom"": 1.0206}"
Foam-Medium,root,Foam-Medium/WIN_20260707_13_34_31_Pro.jpg,Foam-Medium/augmented/small_rotation/root/WIN_20260707_13_34_31_Pro__small_rotation.jpg,small_rotation,"{""angle_degrees"": -6.3218}"
Foam-Medium,root,Foam-Medium/WIN_20260707_13_34_31_Pro.jpg,Foam-Medium/augmented/horizontal_flip/root/WIN_20260707_13_34_31_Pro__horizontal_flip.jpg,horizontal_flip,{}
Foam-Medium,root,Foam-Medium/WIN_20260707_13_34_31_Pro.jpg,Foam-Medium/augmented/brightness/root/WIN_20260707_13_34_31_Pro__brightness.jpg,brightness,"{""factor"": 1.0513}"
Foam-Medium,root,Foam-Medium/WIN_20260707_13_34_31_Pro.jpg,Foam-Medium/augmented/contrast/root/WIN_20260707_13_34_31_Pro__contrast.jpg,contrast,"{""factor"": 1.1163}"
Foam-Medium,root,Foam-Medium/WIN_20260707_13_34_31_Pro.jpg,Foam-Medium/augmented/saturation/root/WIN_20260707_13_34_31_Pro__saturation.jpg,saturation,"{""factor"": 0.9718}"
Foam-Medium,root,Foam-Medium/WIN_20260707_13_34_31_Pro.jpg,Foam-Medium/augmented/zoom_translate/root/WIN_20260707_13_34_31_Pro__zoom_translate.jpg,zoom_translate,"{""shift_x_fraction"": -0.0282, ""shift_y_fraction"": 0.0236, ""zoom"": 1.0037}"
Foam-Medium,root,Foam-Medium/WIN_20260707_13_34_32_Pro.jpg,Foam-Medium/augmented/small_rotation/root/WIN_20260707_13_34_32_Pro__small_rotation.jpg,small_rotation,"{""angle_degrees"": -3.8784}"
Foam-Medium,root,Foam-Medium/WIN_20260707_13_34_32_Pro.jpg,Foam-Medium/augmented/horizontal_flip/root/WIN_20260707_13_34_32_Pro__horizontal_flip.jpg,horizontal_flip,{}
Foam-Medium,root,Foam-Medium/WIN_20260707_13_34_32_Pro.jpg,Foam-Medium/augmented/brightness/root/WIN_20260707_13_34_32_Pro__brightness.jpg,brightness,"{""factor"": 0.9701}"
Foam-Medium,root,Foam-Medium/WIN_20260707_13_34_32_Pro.jpg,Foam-Medium/augmented/contrast/root/WIN_20260707_13_34_32_Pro__contrast.jpg,contrast,"{""factor"": 0.9227}"
Foam-Medium,root,Foam-Medium/WIN_20260707_13_34_32_Pro.jpg,Foam-Medium/augmented/saturation/root/WIN_20260707_13_34_32_Pro__saturation.jpg,saturation,"{""factor"": 1.0815}"
Foam-Medium,root,Foam-Medium/WIN_20260707_13_34_32_Pro.jpg,Foam-Medium/augmented/zoom_translate/root/WIN_20260707_13_34_32_Pro__zoom_translate.jpg,zoom_translate,"{""shift_x_fraction"": -0.0139, ""shift_y_fraction"": -0.0131, ""zoom"": 1.0261}"
Foam-Medium,root,Foam-Medium/WIN_20260707_13_34_34_Pro.jpg,Foam-Medium/augmented/small_rotation/root/WIN_20260707_13_34_34_Pro__small_rotation.jpg,small_rotation,"{""angle_degrees"": 3.0769}"
Foam-Medium,root,Foam-Medium/WIN_20260707_13_34_34_Pro.jpg,Foam-Medium/augmented/horizontal_flip/root/WIN_20260707_13_34_34_Pro__horizontal_flip.jpg,horizontal_flip,{}
Foam-Medium,root,Foam-Medium/WIN_20260707_13_34_34_Pro.jpg,Foam-Medium/augmented/brightness/root/WIN_20260707_13_34_34_Pro__brightness.jpg,brightness,"{""factor"": 1.0872}"
Foam-Medium,root,Foam-Medium/WIN_20260707_13_34_34_Pro.jpg,Foam-Medium/augmented/contrast/root/WIN_20260707_13_34_34_Pro__contrast.jpg,contrast,"{""factor"": 0.9886}"
Foam-Medium,root,Foam-Medium/WIN_20260707_13_34_34_Pro.jpg,Foam-Medium/augmented/saturation/root/WIN_20260707_13_34_34_Pro__saturation.jpg,saturation,"{""factor"": 0.9144}"
Foam-Medium,root,Foam-Medium/WIN_20260707_13_34_34_Pro.jpg,Foam-Medium/augmented/zoom_translate/root/WIN_20260707_13_34_34_Pro__zoom_translate.jpg,zoom_translate,"{""shift_x_fraction"": 0.0118, ""shift_y_fraction"": -0.0234, ""zoom"": 1.0757}"
Foam-Medium,root,Foam-Medium/WIN_20260707_13_34_35_Pro.jpg,Foam-Medium/augmented/small_rotation/root/WIN_20260707_13_34_35_Pro__small_rotation.jpg,small_rotation,"{""angle_degrees"": -4.5825}"
Foam-Medium,root,Foam-Medium/WIN_20260707_13_34_35_Pro.jpg,Foam-Medium/augmented/horizontal_flip/root/WIN_20260707_13_34_35_Pro__horizontal_flip.jpg,horizontal_flip,{}
Foam-Medium,root,Foam-Medium/WIN_20260707_13_34_35_Pro.jpg,Foam-Medium/augmented/brightness/root/WIN_20260707_13_34_35_Pro__brightness.jpg,brightness,"{""factor"": 0.9089}"
Foam-Medium,root,Foam-Medium/WIN_20260707_13_34_35_Pro.jpg,Foam-Medium/augmented/contrast/root/WIN_20260707_13_34_35_Pro__contrast.jpg,contrast,"{""factor"": 0.8969}"
Foam-Medium,root,Foam-Medium/WIN_20260707_13_34_35_Pro.jpg,Foam-Medium/augmented/saturation/root/WIN_20260707_13_34_35_Pro__saturation.jpg,saturation,"{""factor"": 1.056}"
Foam-Medium,root,Foam-Medium/WIN_20260707_13_34_35_Pro.jpg,Foam-Medium/augmented/zoom_translate/root/WIN_20260707_13_34_35_Pro__zoom_translate.jpg,zoom_translate,"{""shift_x_fraction"": -0.0247, ""shift_y_fraction"": -0.0275, ""zoom"": 1.0721}"
Foam-Medium,root,Foam-Medium/WIN_20260707_13_34_36_Pro.jpg,Foam-Medium/augmented/small_rotation/root/WIN_20260707_13_34_36_Pro__small_rotation.jpg,small_rotation,"{""angle_degrees"": -4.5136}"
Foam-Medium,root,Foam-Medium/WIN_20260707_13_34_36_Pro.jpg,Foam-Medium/augmented/horizontal_flip/root/WIN_20260707_13_34_36_Pro__horizontal_flip.jpg,horizontal_flip,{}
Foam-Medium,root,Foam-Medium/WIN_20260707_13_34_36_Pro.jpg,Foam-Medium/augmented/brightness/root/WIN_20260707_13_34_36_Pro__brightness.jpg,brightness,"{""factor"": 0.995}"
Foam-Medium,root,Foam-Medium/WIN_20260707_13_34_36_Pro.jpg,Foam-Medium/augmented/contrast/root/WIN_20260707_13_34_36_Pro__contrast.jpg,contrast,"{""factor"": 0.9301}"
Foam-Medium,root,Foam-Medium/WIN_20260707_13_34_36_Pro.jpg,Foam-Medium/augmented/saturation/root/WIN_20260707_13_34_36_Pro__saturation.jpg,saturation,"{""factor"": 1.0338}"
Foam-Medium,root,Foam-Medium/WIN_20260707_13_34_36_Pro.jpg,Foam-Medium/augmented/zoom_translate/root/WIN_20260707_13_34_36_Pro__zoom_translate.jpg,zoom_translate,"{""shift_x_fraction"": 0.0185, ""shift_y_fraction"": 0.029, ""zoom"": 1.0074}"
Foam-Medium,root,Foam-Medium/WIN_20260707_13_34_37_Pro.jpg,Foam-Medium/augmented/small_rotation/root/WIN_20260707_13_34_37_Pro__small_rotation.jpg,small_rotation,"{""angle_degrees"": -4.9427}"
Foam-Medium,root,Foam-Medium/WIN_20260707_13_34_37_Pro.jpg,Foam-Medium/augmented/horizontal_flip/root/WIN_20260707_13_34_37_Pro__horizontal_flip.jpg,horizontal_flip,{}
Foam-Medium,root,Foam-Medium/WIN_20260707_13_34_37_Pro.jpg,Foam-Medium/augmented/brightness/root/WIN_20260707_13_34_37_Pro__brightness.jpg,brightness,"{""factor"": 1.044}"
Foam-Medium,root,Foam-Medium/WIN_20260707_13_34_37_Pro.jpg,Foam-Medium/augmented/contrast/root/WIN_20260707_13_34_37_Pro__contrast.jpg,contrast,"{""factor"": 0.9803}"
Foam-Medium,root,Foam-Medium/WIN_20260707_13_34_37_Pro.jpg,Foam-Medium/augmented/saturation/root/WIN_20260707_13_34_37_Pro__saturation.jpg,saturation,"{""factor"": 1.0584}"
Foam-Medium,root,Foam-Medium/WIN_20260707_13_34_37_Pro.jpg,Foam-Medium/augmented/zoom_translate/root/WIN_20260707_13_34_37_Pro__zoom_translate.jpg,zoom_translate,"{""shift_x_fraction"": 0.0145, ""shift_y_fraction"": -0.0232, ""zoom"": 1.0652}"
Foam-Medium,root,Foam-Medium/WIN_20260707_13_34_38_Pro.jpg,Foam-Medium/augmented/small_rotation/root/WIN_20260707_13_34_38_Pro__small_rotation.jpg,small_rotation,"{""angle_degrees"": -3.8488}"
Foam-Medium,root,Foam-Medium/WIN_20260707_13_34_38_Pro.jpg,Foam-Medium/augmented/horizontal_flip/root/WIN_20260707_13_34_38_Pro__horizontal_flip.jpg,horizontal_flip,{}
Foam-Medium,root,Foam-Medium/WIN_20260707_13_34_38_Pro.jpg,Foam-Medium/augmented/brightness/root/WIN_20260707_13_34_38_Pro__brightness.jpg,brightness,"{""factor"": 1.0961}"
Foam-Medium,root,Foam-Medium/WIN_20260707_13_34_38_Pro.jpg,Foam-Medium/augmented/contrast/root/WIN_20260707_13_34_38_Pro__contrast.jpg,contrast,"{""factor"": 0.9333}"
Foam-Medium,root,Foam-Medium/WIN_20260707_13_34_38_Pro.jpg,Foam-Medium/augmented/saturation/root/WIN_20260707_13_34_38_Pro__saturation.jpg,saturation,"{""factor"": 0.9618}"
Foam-Medium,root,Foam-Medium/WIN_20260707_13_34_38_Pro.jpg,Foam-Medium/augmented/zoom_translate/root/WIN_20260707_13_34_38_Pro__zoom_translate.jpg,zoom_translate,"{""shift_x_fraction"": 0.0333, ""shift_y_fraction"": -0.0108, ""zoom"": 1.0085}"
Foam-Medium,root,Foam-Medium/WIN_20260707_13_34_40_Pro.jpg,Foam-Medium/augmented/small_rotation/root/WIN_20260707_13_34_40_Pro__small_rotation.jpg,small_rotation,"{""angle_degrees"": -4.4085}"
Foam-Medium,root,Foam-Medium/WIN_20260707_13_34_40_Pro.jpg,Foam-Medium/augmented/horizontal_flip/root/WIN_20260707_13_34_40_Pro__horizontal_flip.jpg,horizontal_flip,{}
Foam-Medium,root,Foam-Medium/WIN_20260707_13_34_40_Pro.jpg,Foam-Medium/augmented/brightness/root/WIN_20260707_13_34_40_Pro__brightness.jpg,brightness,"{""factor"": 1.0503}"
Foam-Medium,root,Foam-Medium/WIN_20260707_13_34_40_Pro.jpg,Foam-Medium/augmented/contrast/root/WIN_20260707_13_34_40_Pro__contrast.jpg,contrast,"{""factor"": 0.8887}"
Foam-Medium,root,Foam-Medium/WIN_20260707_13_34_40_Pro.jpg,Foam-Medium/augmented/saturation/root/WIN_20260707_13_34_40_Pro__saturation.jpg,saturation,"{""factor"": 1.0546}"
Foam-Medium,root,Foam-Medium/WIN_20260707_13_34_40_Pro.jpg,Foam-Medium/augmented/zoom_translate/root/WIN_20260707_13_34_40_Pro__zoom_translate.jpg,zoom_translate,"{""shift_x_fraction"": 0.0128, ""shift_y_fraction"": -0.0296, ""zoom"": 1.0129}"
Foam-Medium,root,Foam-Medium/WIN_20260707_13_34_41_Pro.jpg,Foam-Medium/augmented/small_rotation/root/WIN_20260707_13_34_41_Pro__small_rotation.jpg,small_rotation,"{""angle_degrees"": -0.4992}"
Foam-Medium,root,Foam-Medium/WIN_20260707_13_34_41_Pro.jpg,Foam-Medium/augmented/horizontal_flip/root/WIN_20260707_13_34_41_Pro__horizontal_flip.jpg,horizontal_flip,{}
Foam-Medium,root,Foam-Medium/WIN_20260707_13_34_41_Pro.jpg,Foam-Medium/augmented/brightness/root/WIN_20260707_13_34_41_Pro__brightness.jpg,brightness,"{""factor"": 1.0966}"
Foam-Medium,root,Foam-Medium/WIN_20260707_13_34_41_Pro.jpg,Foam-Medium/augmented/contrast/root/WIN_20260707_13_34_41_Pro__contrast.jpg,contrast,"{""factor"": 0.8512}"
Foam-Medium,root,Foam-Medium/WIN_20260707_13_34_41_Pro.jpg,Foam-Medium/augmented/saturation/root/WIN_20260707_13_34_41_Pro__saturation.jpg,saturation,"{""factor"": 0.9168}"
Foam-Medium,root,Foam-Medium/WIN_20260707_13_34_41_Pro.jpg,Foam-Medium/augmented/zoom_translate/root/WIN_20260707_13_34_41_Pro__zoom_translate.jpg,zoom_translate,"{""shift_x_fraction"": 0.0031, ""shift_y_fraction"": -0.0199, ""zoom"": 1.055}"
Foam-Medium,root,Foam-Medium/WIN_20260707_13_34_43_Pro.jpg,Foam-Medium/augmented/small_rotation/root/WIN_20260707_13_34_43_Pro__small_rotation.jpg,small_rotation,"{""angle_degrees"": 2.1149}"
Foam-Medium,root,Foam-Medium/WIN_20260707_13_34_43_Pro.jpg,Foam-Medium/augmented/horizontal_flip/root/WIN_20260707_13_34_43_Pro__horizontal_flip.jpg,horizontal_flip,{}
Foam-Medium,root,Foam-Medium/WIN_20260707_13_34_43_Pro.jpg,Foam-Medium/augmented/brightness/root/WIN_20260707_13_34_43_Pro__brightness.jpg,brightness,"{""factor"": 0.9709}"
Foam-Medium,root,Foam-Medium/WIN_20260707_13_34_43_Pro.jpg,Foam-Medium/augmented/contrast/root/WIN_20260707_13_34_43_Pro__contrast.jpg,contrast,"{""factor"": 0.8951}"
Foam-Medium,root,Foam-Medium/WIN_20260707_13_34_43_Pro.jpg,Foam-Medium/augmented/saturation/root/WIN_20260707_13_34_43_Pro__saturation.jpg,saturation,"{""factor"": 1.0339}"
Foam-Medium,root,Foam-Medium/WIN_20260707_13_34_43_Pro.jpg,Foam-Medium/augmented/zoom_translate/root/WIN_20260707_13_34_43_Pro__zoom_translate.jpg,zoom_translate,"{""shift_x_fraction"": -0.016, ""shift_y_fraction"": -0.0044, ""zoom"": 1.0426}"
Foam-Medium,root,Foam-Medium/WIN_20260707_13_34_44_Pro.jpg,Foam-Medium/augmented/small_rotation/root/WIN_20260707_13_34_44_Pro__small_rotation.jpg,small_rotation,"{""angle_degrees"": 0.1295}"
Foam-Medium,root,Foam-Medium/WIN_20260707_13_34_44_Pro.jpg,Foam-Medium/augmented/horizontal_flip/root/WIN_20260707_13_34_44_Pro__horizontal_flip.jpg,horizontal_flip,{}
Foam-Medium,root,Foam-Medium/WIN_20260707_13_34_44_Pro.jpg,Foam-Medium/augmented/brightness/root/WIN_20260707_13_34_44_Pro__brightness.jpg,brightness,"{""factor"": 1.0901}"
Foam-Medium,root,Foam-Medium/WIN_20260707_13_34_44_Pro.jpg,Foam-Medium/augmented/contrast/root/WIN_20260707_13_34_44_Pro__contrast.jpg,contrast,"{""factor"": 1.0216}"
Foam-Medium,root,Foam-Medium/WIN_20260707_13_34_44_Pro.jpg,Foam-Medium/augmented/saturation/root/WIN_20260707_13_34_44_Pro__saturation.jpg,saturation,"{""factor"": 0.9551}"
Foam-Medium,root,Foam-Medium/WIN_20260707_13_34_44_Pro.jpg,Foam-Medium/augmented/zoom_translate/root/WIN_20260707_13_34_44_Pro__zoom_translate.jpg,zoom_translate,"{""shift_x_fraction"": 0.0342, ""shift_y_fraction"": 0.0056, ""zoom"": 1.027}"
Foam-Medium,root,Foam-Medium/WIN_20260707_13_34_45_Pro.jpg,Foam-Medium/augmented/small_rotation/root/WIN_20260707_13_34_45_Pro__small_rotation.jpg,small_rotation,"{""angle_degrees"": 0.6333}"
Foam-Medium,root,Foam-Medium/WIN_20260707_13_34_45_Pro.jpg,Foam-Medium/augmented/horizontal_flip/root/WIN_20260707_13_34_45_Pro__horizontal_flip.jpg,horizontal_flip,{}
Foam-Medium,root,Foam-Medium/WIN_20260707_13_34_45_Pro.jpg,Foam-Medium/augmented/brightness/root/WIN_20260707_13_34_45_Pro__brightness.jpg,brightness,"{""factor"": 0.9705}"
Foam-Medium,root,Foam-Medium/WIN_20260707_13_34_45_Pro.jpg,Foam-Medium/augmented/contrast/root/WIN_20260707_13_34_45_Pro__contrast.jpg,contrast,"{""factor"": 0.9081}"
Foam-Medium,root,Foam-Medium/WIN_20260707_13_34_45_Pro.jpg,Foam-Medium/augmented/saturation/root/WIN_20260707_13_34_45_Pro__saturation.jpg,saturation,"{""factor"": 1.0004}"
Foam-Medium,root,Foam-Medium/WIN_20260707_13_34_45_Pro.jpg,Foam-Medium/augmented/zoom_translate/root/WIN_20260707_13_34_45_Pro__zoom_translate.jpg,zoom_translate,"{""shift_x_fraction"": 0.0253, ""shift_y_fraction"": -0.0346, ""zoom"": 1.0629}"
Foam-Medium,root,Foam-Medium/WIN_20260707_13_34_47_Pro.jpg,Foam-Medium/augmented/small_rotation/root/WIN_20260707_13_34_47_Pro__small_rotation.jpg,small_rotation,"{""angle_degrees"": 7.206}"
Foam-Medium,root,Foam-Medium/WIN_20260707_13_34_47_Pro.jpg,Foam-Medium/augmented/horizontal_flip/root/WIN_20260707_13_34_47_Pro__horizontal_flip.jpg,horizontal_flip,{}
Foam-Medium,root,Foam-Medium/WIN_20260707_13_34_47_Pro.jpg,Foam-Medium/augmented/brightness/root/WIN_20260707_13_34_47_Pro__brightness.jpg,brightness,"{""factor"": 0.8679}"
Foam-Medium,root,Foam-Medium/WIN_20260707_13_34_47_Pro.jpg,Foam-Medium/augmented/contrast/root/WIN_20260707_13_34_47_Pro__contrast.jpg,contrast,"{""factor"": 0.9661}"
Foam-Medium,root,Foam-Medium/WIN_20260707_13_34_47_Pro.jpg,Foam-Medium/augmented/saturation/root/WIN_20260707_13_34_47_Pro__saturation.jpg,saturation,"{""factor"": 1.0102}"
Foam-Medium,root,Foam-Medium/WIN_20260707_13_34_47_Pro.jpg,Foam-Medium/augmented/zoom_translate/root/WIN_20260707_13_34_47_Pro__zoom_translate.jpg,zoom_translate,"{""shift_x_fraction"": -0.0235, ""shift_y_fraction"": 0.0257, ""zoom"": 1.0368}"
Foam-Medium,root,Foam-Medium/WIN_20260707_13_34_49_Pro.jpg,Foam-Medium/augmented/small_rotation/root/WIN_20260707_13_34_49_Pro__small_rotation.jpg,small_rotation,"{""angle_degrees"": 4.6616}"
Foam-Medium,root,Foam-Medium/WIN_20260707_13_34_49_Pro.jpg,Foam-Medium/augmented/horizontal_flip/root/WIN_20260707_13_34_49_Pro__horizontal_flip.jpg,horizontal_flip,{}
Foam-Medium,root,Foam-Medium/WIN_20260707_13_34_49_Pro.jpg,Foam-Medium/augmented/brightness/root/WIN_20260707_13_34_49_Pro__brightness.jpg,brightness,"{""factor"": 1.075}"
Foam-Medium,root,Foam-Medium/WIN_20260707_13_34_49_Pro.jpg,Foam-Medium/augmented/contrast/root/WIN_20260707_13_34_49_Pro__contrast.jpg,contrast,"{""factor"": 1.1418}"
Foam-Medium,root,Foam-Medium/WIN_20260707_13_34_49_Pro.jpg,Foam-Medium/augmented/saturation/root/WIN_20260707_13_34_49_Pro__saturation.jpg,saturation,"{""factor"": 0.9011}"
Foam-Medium,root,Foam-Medium/WIN_20260707_13_34_49_Pro.jpg,Foam-Medium/augmented/zoom_translate/root/WIN_20260707_13_34_49_Pro__zoom_translate.jpg,zoom_translate,"{""shift_x_fraction"": -0.0122, ""shift_y_fraction"": 0.0037, ""zoom"": 1.0553}"
Foam-Medium,root,Foam-Medium/WIN_20260707_13_34_50_Pro.jpg,Foam-Medium/augmented/small_rotation/root/WIN_20260707_13_34_50_Pro__small_rotation.jpg,small_rotation,"{""angle_degrees"": -5.271}"
Foam-Medium,root,Foam-Medium/WIN_20260707_13_34_50_Pro.jpg,Foam-Medium/augmented/horizontal_flip/root/WIN_20260707_13_34_50_Pro__horizontal_flip.jpg,horizontal_flip,{}
Foam-Medium,root,Foam-Medium/WIN_20260707_13_34_50_Pro.jpg,Foam-Medium/augmented/brightness/root/WIN_20260707_13_34_50_Pro__brightness.jpg,brightness,"{""factor"": 0.9296}"
Foam-Medium,root,Foam-Medium/WIN_20260707_13_34_50_Pro.jpg,Foam-Medium/augmented/contrast/root/WIN_20260707_13_34_50_Pro__contrast.jpg,contrast,"{""factor"": 0.9295}"
Foam-Medium,root,Foam-Medium/WIN_20260707_13_34_50_Pro.jpg,Foam-Medium/augmented/saturation/root/WIN_20260707_13_34_50_Pro__saturation.jpg,saturation,"{""factor"": 0.9861}"
Foam-Medium,root,Foam-Medium/WIN_20260707_13_34_50_Pro.jpg,Foam-Medium/augmented/zoom_translate/root/WIN_20260707_13_34_50_Pro__zoom_translate.jpg,zoom_translate,"{""shift_x_fraction"": 0.0299, ""shift_y_fraction"": 0.0188, ""zoom"": 1.06}"
Foam-Medium,root,Foam-Medium/WIN_20260707_13_34_52_Pro.jpg,Foam-Medium/augmented/small_rotation/root/WIN_20260707_13_34_52_Pro__small_rotation.jpg,small_rotation,"{""angle_degrees"": -1.4358}"
Foam-Medium,root,Foam-Medium/WIN_20260707_13_34_52_Pro.jpg,Foam-Medium/augmented/horizontal_flip/root/WIN_20260707_13_34_52_Pro__horizontal_flip.jpg,horizontal_flip,{}
Foam-Medium,root,Foam-Medium/WIN_20260707_13_34_52_Pro.jpg,Foam-Medium/augmented/brightness/root/WIN_20260707_13_34_52_Pro__brightness.jpg,brightness,"{""factor"": 1.0007}"
Foam-Medium,root,Foam-Medium/WIN_20260707_13_34_52_Pro.jpg,Foam-Medium/augmented/contrast/root/WIN_20260707_13_34_52_Pro__contrast.jpg,contrast,"{""factor"": 0.885}"
Foam-Medium,root,Foam-Medium/WIN_20260707_13_34_52_Pro.jpg,Foam-Medium/augmented/saturation/root/WIN_20260707_13_34_52_Pro__saturation.jpg,saturation,"{""factor"": 0.9182}"
Foam-Medium,root,Foam-Medium/WIN_20260707_13_34_52_Pro.jpg,Foam-Medium/augmented/zoom_translate/root/WIN_20260707_13_34_52_Pro__zoom_translate.jpg,zoom_translate,"{""shift_x_fraction"": -0.0209, ""shift_y_fraction"": 0.0311, ""zoom"": 1.0041}"
Foam-Medium,root,Foam-Medium/WIN_20260707_13_34_53_Pro.jpg,Foam-Medium/augmented/small_rotation/root/WIN_20260707_13_34_53_Pro__small_rotation.jpg,small_rotation,"{""angle_degrees"": -3.879}"
Foam-Medium,root,Foam-Medium/WIN_20260707_13_34_53_Pro.jpg,Foam-Medium/augmented/horizontal_flip/root/WIN_20260707_13_34_53_Pro__horizontal_flip.jpg,horizontal_flip,{}
Foam-Medium,root,Foam-Medium/WIN_20260707_13_34_53_Pro.jpg,Foam-Medium/augmented/brightness/root/WIN_20260707_13_34_53_Pro__brightness.jpg,brightness,"{""factor"": 0.9043}"
Foam-Medium,root,Foam-Medium/WIN_20260707_13_34_53_Pro.jpg,Foam-Medium/augmented/contrast/root/WIN_20260707_13_34_53_Pro__contrast.jpg,contrast,"{""factor"": 1.0859}"
Foam-Medium,root,Foam-Medium/WIN_20260707_13_34_53_Pro.jpg,Foam-Medium/augmented/saturation/root/WIN_20260707_13_34_53_Pro__saturation.jpg,saturation,"{""factor"": 0.9437}"
Foam-Medium,root,Foam-Medium/WIN_20260707_13_34_53_Pro.jpg,Foam-Medium/augmented/zoom_translate/root/WIN_20260707_13_34_53_Pro__zoom_translate.jpg,zoom_translate,"{""shift_x_fraction"": 0.0249, ""shift_y_fraction"": 0.015, ""zoom"": 1.0071}"
Foam-Medium,root,Foam-Medium/WIN_20260707_13_34_54_Pro.jpg,Foam-Medium/augmented/small_rotation/root/WIN_20260707_13_34_54_Pro__small_rotation.jpg,small_rotation,"{""angle_degrees"": 4.1373}"
Foam-Medium,root,Foam-Medium/WIN_20260707_13_34_54_Pro.jpg,Foam-Medium/augmented/horizontal_flip/root/WIN_20260707_13_34_54_Pro__horizontal_flip.jpg,horizontal_flip,{}
Foam-Medium,root,Foam-Medium/WIN_20260707_13_34_54_Pro.jpg,Foam-Medium/augmented/brightness/root/WIN_20260707_13_34_54_Pro__brightness.jpg,brightness,"{""factor"": 0.9063}"
Foam-Medium,root,Foam-Medium/WIN_20260707_13_34_54_Pro.jpg,Foam-Medium/augmented/contrast/root/WIN_20260707_13_34_54_Pro__contrast.jpg,contrast,"{""factor"": 1.0449}"
Foam-Medium,root,Foam-Medium/WIN_20260707_13_34_54_Pro.jpg,Foam-Medium/augmented/saturation/root/WIN_20260707_13_34_54_Pro__saturation.jpg,saturation,"{""factor"": 1.0537}"
Foam-Medium,root,Foam-Medium/WIN_20260707_13_34_54_Pro.jpg,Foam-Medium/augmented/zoom_translate/root/WIN_20260707_13_34_54_Pro__zoom_translate.jpg,zoom_translate,"{""shift_x_fraction"": -0.0132, ""shift_y_fraction"": -0.0283, ""zoom"": 1.0638}"
Foam-Medium,root,Foam-Medium/WIN_20260707_13_34_56_Pro.jpg,Foam-Medium/augmented/small_rotation/root/WIN_20260707_13_34_56_Pro__small_rotation.jpg,small_rotation,"{""angle_degrees"": -0.4139}"
Foam-Medium,root,Foam-Medium/WIN_20260707_13_34_56_Pro.jpg,Foam-Medium/augmented/horizontal_flip/root/WIN_20260707_13_34_56_Pro__horizontal_flip.jpg,horizontal_flip,{}
Foam-Medium,root,Foam-Medium/WIN_20260707_13_34_56_Pro.jpg,Foam-Medium/augmented/brightness/root/WIN_20260707_13_34_56_Pro__brightness.jpg,brightness,"{""factor"": 0.9438}"
Foam-Medium,root,Foam-Medium/WIN_20260707_13_34_56_Pro.jpg,Foam-Medium/augmented/contrast/root/WIN_20260707_13_34_56_Pro__contrast.jpg,contrast,"{""factor"": 0.9941}"
Foam-Medium,root,Foam-Medium/WIN_20260707_13_34_56_Pro.jpg,Foam-Medium/augmented/saturation/root/WIN_20260707_13_34_56_Pro__saturation.jpg,saturation,"{""factor"": 0.9722}"
Foam-Medium,root,Foam-Medium/WIN_20260707_13_34_56_Pro.jpg,Foam-Medium/augmented/zoom_translate/root/WIN_20260707_13_34_56_Pro__zoom_translate.jpg,zoom_translate,"{""shift_x_fraction"": 0.0131, ""shift_y_fraction"": -0.0273, ""zoom"": 1.0323}"
Foam-Medium,root,Foam-Medium/WIN_20260707_13_34_58_Pro.jpg,Foam-Medium/augmented/small_rotation/root/WIN_20260707_13_34_58_Pro__small_rotation.jpg,small_rotation,"{""angle_degrees"": 2.9913}"
Foam-Medium,root,Foam-Medium/WIN_20260707_13_34_58_Pro.jpg,Foam-Medium/augmented/horizontal_flip/root/WIN_20260707_13_34_58_Pro__horizontal_flip.jpg,horizontal_flip,{}
Foam-Medium,root,Foam-Medium/WIN_20260707_13_34_58_Pro.jpg,Foam-Medium/augmented/brightness/root/WIN_20260707_13_34_58_Pro__brightness.jpg,brightness,"{""factor"": 0.9137}"
Foam-Medium,root,Foam-Medium/WIN_20260707_13_34_58_Pro.jpg,Foam-Medium/augmented/contrast/root/WIN_20260707_13_34_58_Pro__contrast.jpg,contrast,"{""factor"": 0.8823}"
Foam-Medium,root,Foam-Medium/WIN_20260707_13_34_58_Pro.jpg,Foam-Medium/augmented/saturation/root/WIN_20260707_13_34_58_Pro__saturation.jpg,saturation,"{""factor"": 1.0405}"
Foam-Medium,root,Foam-Medium/WIN_20260707_13_34_58_Pro.jpg,Foam-Medium/augmented/zoom_translate/root/WIN_20260707_13_34_58_Pro__zoom_translate.jpg,zoom_translate,"{""shift_x_fraction"": 0.0008, ""shift_y_fraction"": 0.0278, ""zoom"": 1.0737}"
Foam-Medium,root,Foam-Medium/WIN_20260707_13_35_00_Pro.jpg,Foam-Medium/augmented/small_rotation/root/WIN_20260707_13_35_00_Pro__small_rotation.jpg,small_rotation,"{""angle_degrees"": 6.2455}"
Foam-Medium,root,Foam-Medium/WIN_20260707_13_35_00_Pro.jpg,Foam-Medium/augmented/horizontal_flip/root/WIN_20260707_13_35_00_Pro__horizontal_flip.jpg,horizontal_flip,{}
Foam-Medium,root,Foam-Medium/WIN_20260707_13_35_00_Pro.jpg,Foam-Medium/augmented/brightness/root/WIN_20260707_13_35_00_Pro__brightness.jpg,brightness,"{""factor"": 1.0654}"
Foam-Medium,root,Foam-Medium/WIN_20260707_13_35_00_Pro.jpg,Foam-Medium/augmented/contrast/root/WIN_20260707_13_35_00_Pro__contrast.jpg,contrast,"{""factor"": 0.9741}"
Foam-Medium,root,Foam-Medium/WIN_20260707_13_35_00_Pro.jpg,Foam-Medium/augmented/saturation/root/WIN_20260707_13_35_00_Pro__saturation.jpg,saturation,"{""factor"": 0.9003}"
Foam-Medium,root,Foam-Medium/WIN_20260707_13_35_00_Pro.jpg,Foam-Medium/augmented/zoom_translate/root/WIN_20260707_13_35_00_Pro__zoom_translate.jpg,zoom_translate,"{""shift_x_fraction"": 0.0016, ""shift_y_fraction"": 0.0207, ""zoom"": 1.0462}"
Foam-Medium,root,Foam-Medium/WIN_20260707_13_35_01_Pro.jpg,Foam-Medium/augmented/small_rotation/root/WIN_20260707_13_35_01_Pro__small_rotation.jpg,small_rotation,"{""angle_degrees"": 2.234}"
Foam-Medium,root,Foam-Medium/WIN_20260707_13_35_01_Pro.jpg,Foam-Medium/augmented/horizontal_flip/root/WIN_20260707_13_35_01_Pro__horizontal_flip.jpg,horizontal_flip,{}
Foam-Medium,root,Foam-Medium/WIN_20260707_13_35_01_Pro.jpg,Foam-Medium/augmented/brightness/root/WIN_20260707_13_35_01_Pro__brightness.jpg,brightness,"{""factor"": 0.9932}"
Foam-Medium,root,Foam-Medium/WIN_20260707_13_35_01_Pro.jpg,Foam-Medium/augmented/contrast/root/WIN_20260707_13_35_01_Pro__contrast.jpg,contrast,"{""factor"": 1.0954}"
Foam-Medium,root,Foam-Medium/WIN_20260707_13_35_01_Pro.jpg,Foam-Medium/augmented/saturation/root/WIN_20260707_13_35_01_Pro__saturation.jpg,saturation,"{""factor"": 0.9094}"
Foam-Medium,root,Foam-Medium/WIN_20260707_13_35_01_Pro.jpg,Foam-Medium/augmented/zoom_translate/root/WIN_20260707_13_35_01_Pro__zoom_translate.jpg,zoom_translate,"{""shift_x_fraction"": -0.0151, ""shift_y_fraction"": 0.0038, ""zoom"": 1.0028}"
Foam-Medium,root,Foam-Medium/WIN_20260707_13_35_03_Pro.jpg,Foam-Medium/augmented/small_rotation/root/WIN_20260707_13_35_03_Pro__small_rotation.jpg,small_rotation,"{""angle_degrees"": 3.8898}"
Foam-Medium,root,Foam-Medium/WIN_20260707_13_35_03_Pro.jpg,Foam-Medium/augmented/horizontal_flip/root/WIN_20260707_13_35_03_Pro__horizontal_flip.jpg,horizontal_flip,{}
Foam-Medium,root,Foam-Medium/WIN_20260707_13_35_03_Pro.jpg,Foam-Medium/augmented/brightness/root/WIN_20260707_13_35_03_Pro__brightness.jpg,brightness,"{""factor"": 1.0979}"
Foam-Medium,root,Foam-Medium/WIN_20260707_13_35_03_Pro.jpg,Foam-Medium/augmented/contrast/root/WIN_20260707_13_35_03_Pro__contrast.jpg,contrast,"{""factor"": 1.0993}"
Foam-Medium,root,Foam-Medium/WIN_20260707_13_35_03_Pro.jpg,Foam-Medium/augmented/saturation/root/WIN_20260707_13_35_03_Pro__saturation.jpg,saturation,"{""factor"": 0.9039}"
Foam-Medium,root,Foam-Medium/WIN_20260707_13_35_03_Pro.jpg,Foam-Medium/augmented/zoom_translate/root/WIN_20260707_13_35_03_Pro__zoom_translate.jpg,zoom_translate,"{""shift_x_fraction"": 0.0261, ""shift_y_fraction"": 0.0059, ""zoom"": 1.0783}"
Foam-Medium,root,Foam-Medium/WIN_20260707_13_35_05_Pro.jpg,Foam-Medium/augmented/small_rotation/root/WIN_20260707_13_35_05_Pro__small_rotation.jpg,small_rotation,"{""angle_degrees"": -5.2669}"
Foam-Medium,root,Foam-Medium/WIN_20260707_13_35_05_Pro.jpg,Foam-Medium/augmented/horizontal_flip/root/WIN_20260707_13_35_05_Pro__horizontal_flip.jpg,horizontal_flip,{}
Foam-Medium,root,Foam-Medium/WIN_20260707_13_35_05_Pro.jpg,Foam-Medium/augmented/brightness/root/WIN_20260707_13_35_05_Pro__brightness.jpg,brightness,"{""factor"": 0.8854}"
Foam-Medium,root,Foam-Medium/WIN_20260707_13_35_05_Pro.jpg,Foam-Medium/augmented/contrast/root/WIN_20260707_13_35_05_Pro__contrast.jpg,contrast,"{""factor"": 1.0888}"
Foam-Medium,root,Foam-Medium/WIN_20260707_13_35_05_Pro.jpg,Foam-Medium/augmented/saturation/root/WIN_20260707_13_35_05_Pro__saturation.jpg,saturation,"{""factor"": 0.9495}"
Foam-Medium,root,Foam-Medium/WIN_20260707_13_35_05_Pro.jpg,Foam-Medium/augmented/zoom_translate/root/WIN_20260707_13_35_05_Pro__zoom_translate.jpg,zoom_translate,"{""shift_x_fraction"": -0.017, ""shift_y_fraction"": -0.0272, ""zoom"": 1.0051}"
Foam-Medium,root,Foam-Medium/WIN_20260707_13_35_07_Pro.jpg,Foam-Medium/augmented/small_rotation/root/WIN_20260707_13_35_07_Pro__small_rotation.jpg,small_rotation,"{""angle_degrees"": -2.5721}"
Foam-Medium,root,Foam-Medium/WIN_20260707_13_35_07_Pro.jpg,Foam-Medium/augmented/horizontal_flip/root/WIN_20260707_13_35_07_Pro__horizontal_flip.jpg,horizontal_flip,{}
Foam-Medium,root,Foam-Medium/WIN_20260707_13_35_07_Pro.jpg,Foam-Medium/augmented/brightness/root/WIN_20260707_13_35_07_Pro__brightness.jpg,brightness,"{""factor"": 1.1161}"
Foam-Medium,root,Foam-Medium/WIN_20260707_13_35_07_Pro.jpg,Foam-Medium/augmented/contrast/root/WIN_20260707_13_35_07_Pro__contrast.jpg,contrast,"{""factor"": 0.8771}"
Foam-Medium,root,Foam-Medium/WIN_20260707_13_35_07_Pro.jpg,Foam-Medium/augmented/saturation/root/WIN_20260707_13_35_07_Pro__saturation.jpg,saturation,"{""factor"": 0.9936}"
Foam-Medium,root,Foam-Medium/WIN_20260707_13_35_07_Pro.jpg,Foam-Medium/augmented/zoom_translate/root/WIN_20260707_13_35_07_Pro__zoom_translate.jpg,zoom_translate,"{""shift_x_fraction"": -0.0159, ""shift_y_fraction"": -0.0177, ""zoom"": 1.0003}"
Foam-Medium,root,Foam-Medium/WIN_20260707_13_35_08_Pro.jpg,Foam-Medium/augmented/small_rotation/root/WIN_20260707_13_35_08_Pro__small_rotation.jpg,small_rotation,"{""angle_degrees"": 2.3826}"
Foam-Medium,root,Foam-Medium/WIN_20260707_13_35_08_Pro.jpg,Foam-Medium/augmented/horizontal_flip/root/WIN_20260707_13_35_08_Pro__horizontal_flip.jpg,horizontal_flip,{}
Foam-Medium,root,Foam-Medium/WIN_20260707_13_35_08_Pro.jpg,Foam-Medium/augmented/brightness/root/WIN_20260707_13_35_08_Pro__brightness.jpg,brightness,"{""factor"": 1.1224}"
Foam-Medium,root,Foam-Medium/WIN_20260707_13_35_08_Pro.jpg,Foam-Medium/augmented/contrast/root/WIN_20260707_13_35_08_Pro__contrast.jpg,contrast,"{""factor"": 1.0662}"
Foam-Medium,root,Foam-Medium/WIN_20260707_13_35_08_Pro.jpg,Foam-Medium/augmented/saturation/root/WIN_20260707_13_35_08_Pro__saturation.jpg,saturation,"{""factor"": 0.9175}"
Foam-Medium,root,Foam-Medium/WIN_20260707_13_35_08_Pro.jpg,Foam-Medium/augmented/zoom_translate/root/WIN_20260707_13_35_08_Pro__zoom_translate.jpg,zoom_translate,"{""shift_x_fraction"": 0.0334, ""shift_y_fraction"": 0.0343, ""zoom"": 1.033}"
Foam-Medium,root,Foam-Medium/WIN_20260707_13_35_10_Pro.jpg,Foam-Medium/augmented/small_rotation/root/WIN_20260707_13_35_10_Pro__small_rotation.jpg,small_rotation,"{""angle_degrees"": 2.0398}"
Foam-Medium,root,Foam-Medium/WIN_20260707_13_35_10_Pro.jpg,Foam-Medium/augmented/horizontal_flip/root/WIN_20260707_13_35_10_Pro__horizontal_flip.jpg,horizontal_flip,{}
Foam-Medium,root,Foam-Medium/WIN_20260707_13_35_10_Pro.jpg,Foam-Medium/augmented/brightness/root/WIN_20260707_13_35_10_Pro__brightness.jpg,brightness,"{""factor"": 0.955}"
Foam-Medium,root,Foam-Medium/WIN_20260707_13_35_10_Pro.jpg,Foam-Medium/augmented/contrast/root/WIN_20260707_13_35_10_Pro__contrast.jpg,contrast,"{""factor"": 1.0426}"
Foam-Medium,root,Foam-Medium/WIN_20260707_13_35_10_Pro.jpg,Foam-Medium/augmented/saturation/root/WIN_20260707_13_35_10_Pro__saturation.jpg,saturation,"{""factor"": 0.9962}"
Foam-Medium,root,Foam-Medium/WIN_20260707_13_35_10_Pro.jpg,Foam-Medium/augmented/zoom_translate/root/WIN_20260707_13_35_10_Pro__zoom_translate.jpg,zoom_translate,"{""shift_x_fraction"": -0.0156, ""shift_y_fraction"": 0.0172, ""zoom"": 1.0635}"
Foam-Medium,root,Foam-Medium/WIN_20260707_13_35_11_Pro.jpg,Foam-Medium/augmented/small_rotation/root/WIN_20260707_13_35_11_Pro__small_rotation.jpg,small_rotation,"{""angle_degrees"": 1.513}"
Foam-Medium,root,Foam-Medium/WIN_20260707_13_35_11_Pro.jpg,Foam-Medium/augmented/horizontal_flip/root/WIN_20260707_13_35_11_Pro__horizontal_flip.jpg,horizontal_flip,{}
Foam-Medium,root,Foam-Medium/WIN_20260707_13_35_11_Pro.jpg,Foam-Medium/augmented/brightness/root/WIN_20260707_13_35_11_Pro__brightness.jpg,brightness,"{""factor"": 0.8839}"
Foam-Medium,root,Foam-Medium/WIN_20260707_13_35_11_Pro.jpg,Foam-Medium/augmented/contrast/root/WIN_20260707_13_35_11_Pro__contrast.jpg,contrast,"{""factor"": 1.0126}"
Foam-Medium,root,Foam-Medium/WIN_20260707_13_35_11_Pro.jpg,Foam-Medium/augmented/saturation/root/WIN_20260707_13_35_11_Pro__saturation.jpg,saturation,"{""factor"": 1.083}"
Foam-Medium,root,Foam-Medium/WIN_20260707_13_35_11_Pro.jpg,Foam-Medium/augmented/zoom_translate/root/WIN_20260707_13_35_11_Pro__zoom_translate.jpg,zoom_translate,"{""shift_x_fraction"": -0.028, ""shift_y_fraction"": 0.0043, ""zoom"": 1.0509}"
Foam-Medium,root,Foam-Medium/WIN_20260707_13_35_13_Pro.jpg,Foam-Medium/augmented/small_rotation/root/WIN_20260707_13_35_13_Pro__small_rotation.jpg,small_rotation,"{""angle_degrees"": 5.8775}"
Foam-Medium,root,Foam-Medium/WIN_20260707_13_35_13_Pro.jpg,Foam-Medium/augmented/horizontal_flip/root/WIN_20260707_13_35_13_Pro__horizontal_flip.jpg,horizontal_flip,{}
Foam-Medium,root,Foam-Medium/WIN_20260707_13_35_13_Pro.jpg,Foam-Medium/augmented/brightness/root/WIN_20260707_13_35_13_Pro__brightness.jpg,brightness,"{""factor"": 1.0514}"
Foam-Medium,root,Foam-Medium/WIN_20260707_13_35_13_Pro.jpg,Foam-Medium/augmented/contrast/root/WIN_20260707_13_35_13_Pro__contrast.jpg,contrast,"{""factor"": 1.012}"
Foam-Medium,root,Foam-Medium/WIN_20260707_13_35_13_Pro.jpg,Foam-Medium/augmented/saturation/root/WIN_20260707_13_35_13_Pro__saturation.jpg,saturation,"{""factor"": 1.0861}"
Foam-Medium,root,Foam-Medium/WIN_20260707_13_35_13_Pro.jpg,Foam-Medium/augmented/zoom_translate/root/WIN_20260707_13_35_13_Pro__zoom_translate.jpg,zoom_translate,"{""shift_x_fraction"": 0.0206, ""shift_y_fraction"": 0.0089, ""zoom"": 1.0365}"
Foam-Medium,root,Foam-Medium/WIN_20260707_13_35_15_Pro.jpg,Foam-Medium/augmented/small_rotation/root/WIN_20260707_13_35_15_Pro__small_rotation.jpg,small_rotation,"{""angle_degrees"": -5.7106}"
Foam-Medium,root,Foam-Medium/WIN_20260707_13_35_15_Pro.jpg,Foam-Medium/augmented/horizontal_flip/root/WIN_20260707_13_35_15_Pro__horizontal_flip.jpg,horizontal_flip,{}
Foam-Medium,root,Foam-Medium/WIN_20260707_13_35_15_Pro.jpg,Foam-Medium/augmented/brightness/root/WIN_20260707_13_35_15_Pro__brightness.jpg,brightness,"{""factor"": 0.9918}"
Foam-Medium,root,Foam-Medium/WIN_20260707_13_35_15_Pro.jpg,Foam-Medium/augmented/contrast/root/WIN_20260707_13_35_15_Pro__contrast.jpg,contrast,"{""factor"": 1.082}"
Foam-Medium,root,Foam-Medium/WIN_20260707_13_35_15_Pro.jpg,Foam-Medium/augmented/saturation/root/WIN_20260707_13_35_15_Pro__saturation.jpg,saturation,"{""factor"": 1.0389}"
Foam-Medium,root,Foam-Medium/WIN_20260707_13_35_15_Pro.jpg,Foam-Medium/augmented/zoom_translate/root/WIN_20260707_13_35_15_Pro__zoom_translate.jpg,zoom_translate,"{""shift_x_fraction"": -0.0222, ""shift_y_fraction"": 0.0059, ""zoom"": 1.069}"
Foam-Medium,root,Foam-Medium/WIN_20260707_13_35_16_Pro.jpg,Foam-Medium/augmented/small_rotation/root/WIN_20260707_13_35_16_Pro__small_rotation.jpg,small_rotation,"{""angle_degrees"": 0.417}"
Foam-Medium,root,Foam-Medium/WIN_20260707_13_35_16_Pro.jpg,Foam-Medium/augmented/horizontal_flip/root/WIN_20260707_13_35_16_Pro__horizontal_flip.jpg,horizontal_flip,{}
Foam-Medium,root,Foam-Medium/WIN_20260707_13_35_16_Pro.jpg,Foam-Medium/augmented/brightness/root/WIN_20260707_13_35_16_Pro__brightness.jpg,brightness,"{""factor"": 0.9233}"
Foam-Medium,root,Foam-Medium/WIN_20260707_13_35_16_Pro.jpg,Foam-Medium/augmented/contrast/root/WIN_20260707_13_35_16_Pro__contrast.jpg,contrast,"{""factor"": 0.9576}"
Foam-Medium,root,Foam-Medium/WIN_20260707_13_35_16_Pro.jpg,Foam-Medium/augmented/saturation/root/WIN_20260707_13_35_16_Pro__saturation.jpg,saturation,"{""factor"": 1.0311}"
Foam-Medium,root,Foam-Medium/WIN_20260707_13_35_16_Pro.jpg,Foam-Medium/augmented/zoom_translate/root/WIN_20260707_13_35_16_Pro__zoom_translate.jpg,zoom_translate,"{""shift_x_fraction"": 0.0062, ""shift_y_fraction"": -0.0347, ""zoom"": 1.0126}"
Foam-Medium,root,Foam-Medium/WIN_20260707_13_35_19_Pro.jpg,Foam-Medium/augmented/small_rotation/root/WIN_20260707_13_35_19_Pro__small_rotation.jpg,small_rotation,"{""angle_degrees"": -0.2849}"
Foam-Medium,root,Foam-Medium/WIN_20260707_13_35_19_Pro.jpg,Foam-Medium/augmented/horizontal_flip/root/WIN_20260707_13_35_19_Pro__horizontal_flip.jpg,horizontal_flip,{}
Foam-Medium,root,Foam-Medium/WIN_20260707_13_35_19_Pro.jpg,Foam-Medium/augmented/brightness/root/WIN_20260707_13_35_19_Pro__brightness.jpg,brightness,"{""factor"": 0.9042}"
Foam-Medium,root,Foam-Medium/WIN_20260707_13_35_19_Pro.jpg,Foam-Medium/augmented/contrast/root/WIN_20260707_13_35_19_Pro__contrast.jpg,contrast,"{""factor"": 0.9117}"
Foam-Medium,root,Foam-Medium/WIN_20260707_13_35_19_Pro.jpg,Foam-Medium/augmented/saturation/root/WIN_20260707_13_35_19_Pro__saturation.jpg,saturation,"{""factor"": 1.0382}"
Foam-Medium,root,Foam-Medium/WIN_20260707_13_35_19_Pro.jpg,Foam-Medium/augmented/zoom_translate/root/WIN_20260707_13_35_19_Pro__zoom_translate.jpg,zoom_translate,"{""shift_x_fraction"": -0.026, ""shift_y_fraction"": 0.0026, ""zoom"": 1.018}"
Foam-Medium,root,Foam-Medium/WIN_20260707_13_35_21_Pro.jpg,Foam-Medium/augmented/small_rotation/root/WIN_20260707_13_35_21_Pro__small_rotation.jpg,small_rotation,"{""angle_degrees"": 3.5784}"
Foam-Medium,root,Foam-Medium/WIN_20260707_13_35_21_Pro.jpg,Foam-Medium/augmented/horizontal_flip/root/WIN_20260707_13_35_21_Pro__horizontal_flip.jpg,horizontal_flip,{}
Foam-Medium,root,Foam-Medium/WIN_20260707_13_35_21_Pro.jpg,Foam-Medium/augmented/brightness/root/WIN_20260707_13_35_21_Pro__brightness.jpg,brightness,"{""factor"": 1.1374}"
Foam-Medium,root,Foam-Medium/WIN_20260707_13_35_21_Pro.jpg,Foam-Medium/augmented/contrast/root/WIN_20260707_13_35_21_Pro__contrast.jpg,contrast,"{""factor"": 1.116}"
Foam-Medium,root,Foam-Medium/WIN_20260707_13_35_21_Pro.jpg,Foam-Medium/augmented/saturation/root/WIN_20260707_13_35_21_Pro__saturation.jpg,saturation,"{""factor"": 1.07}"
Foam-Medium,root,Foam-Medium/WIN_20260707_13_35_21_Pro.jpg,Foam-Medium/augmented/zoom_translate/root/WIN_20260707_13_35_21_Pro__zoom_translate.jpg,zoom_translate,"{""shift_x_fraction"": 0.0111, ""shift_y_fraction"": -0.0135, ""zoom"": 1.0349}"
Foam-Medium,root,Foam-Medium/frame_0000.jpg,Foam-Medium/augmented/small_rotation/root/frame_0000__small_rotation.jpg,small_rotation,"{""angle_degrees"": 4.614}"
Foam-Medium,root,Foam-Medium/frame_0000.jpg,Foam-Medium/augmented/horizontal_flip/root/frame_0000__horizontal_flip.jpg,horizontal_flip,{}
Foam-Medium,root,Foam-Medium/frame_0000.jpg,Foam-Medium/augmented/brightness/root/frame_0000__brightness.jpg,brightness,"{""factor"": 0.9834}"
Foam-Medium,root,Foam-Medium/frame_0000.jpg,Foam-Medium/augmented/contrast/root/frame_0000__contrast.jpg,contrast,"{""factor"": 1.0197}"
Foam-Medium,root,Foam-Medium/frame_0000.jpg,Foam-Medium/augmented/saturation/root/frame_0000__saturation.jpg,saturation,"{""factor"": 1.0708}"
Foam-Medium,root,Foam-Medium/frame_0000.jpg,Foam-Medium/augmented/zoom_translate/root/frame_0000__zoom_translate.jpg,zoom_translate,"{""shift_x_fraction"": 0.0306, ""shift_y_fraction"": -0.0031, ""zoom"": 1.0361}"
Foam-Medium,root,Foam-Medium/frame_0001.jpg,Foam-Medium/augmented/small_rotation/root/frame_0001__small_rotation.jpg,small_rotation,"{""angle_degrees"": 3.6153}"
Foam-Medium,root,Foam-Medium/frame_0001.jpg,Foam-Medium/augmented/horizontal_flip/root/frame_0001__horizontal_flip.jpg,horizontal_flip,{}
Foam-Medium,root,Foam-Medium/frame_0001.jpg,Foam-Medium/augmented/brightness/root/frame_0001__brightness.jpg,brightness,"{""factor"": 1.0974}"
Foam-Medium,root,Foam-Medium/frame_0001.jpg,Foam-Medium/augmented/contrast/root/frame_0001__contrast.jpg,contrast,"{""factor"": 0.9543}"
Foam-Medium,root,Foam-Medium/frame_0001.jpg,Foam-Medium/augmented/saturation/root/frame_0001__saturation.jpg,saturation,"{""factor"": 1.004}"
Foam-Medium,root,Foam-Medium/frame_0001.jpg,Foam-Medium/augmented/zoom_translate/root/frame_0001__zoom_translate.jpg,zoom_translate,"{""shift_x_fraction"": -0.031, ""shift_y_fraction"": 0.017, ""zoom"": 1.052}"
Foam-Medium,root,Foam-Medium/frame_0002.jpg,Foam-Medium/augmented/small_rotation/root/frame_0002__small_rotation.jpg,small_rotation,"{""angle_degrees"": 2.5303}"
Foam-Medium,root,Foam-Medium/frame_0002.jpg,Foam-Medium/augmented/horizontal_flip/root/frame_0002__horizontal_flip.jpg,horizontal_flip,{}
Foam-Medium,root,Foam-Medium/frame_0002.jpg,Foam-Medium/augmented/brightness/root/frame_0002__brightness.jpg,brightness,"{""factor"": 0.9024}"
Foam-Medium,root,Foam-Medium/frame_0002.jpg,Foam-Medium/augmented/contrast/root/frame_0002__contrast.jpg,contrast,"{""factor"": 0.938}"
Foam-Medium,root,Foam-Medium/frame_0002.jpg,Foam-Medium/augmented/saturation/root/frame_0002__saturation.jpg,saturation,"{""factor"": 1.064}"
Foam-Medium,root,Foam-Medium/frame_0002.jpg,Foam-Medium/augmented/zoom_translate/root/frame_0002__zoom_translate.jpg,zoom_translate,"{""shift_x_fraction"": -0.018, ""shift_y_fraction"": -0.0036, ""zoom"": 1.0692}"
Foam-Medium,root,Foam-Medium/frame_0003.jpg,Foam-Medium/augmented/small_rotation/root/frame_0003__small_rotation.jpg,small_rotation,"{""angle_degrees"": -3.438}"
Foam-Medium,root,Foam-Medium/frame_0003.jpg,Foam-Medium/augmented/horizontal_flip/root/frame_0003__horizontal_flip.jpg,horizontal_flip,{}
Foam-Medium,root,Foam-Medium/frame_0003.jpg,Foam-Medium/augmented/brightness/root/frame_0003__brightness.jpg,brightness,"{""factor"": 1.0738}"
Foam-Medium,root,Foam-Medium/frame_0003.jpg,Foam-Medium/augmented/contrast/root/frame_0003__contrast.jpg,contrast,"{""factor"": 0.9225}"
Foam-Medium,root,Foam-Medium/frame_0003.jpg,Foam-Medium/augmented/saturation/root/frame_0003__saturation.jpg,saturation,"{""factor"": 0.98}"
Foam-Medium,root,Foam-Medium/frame_0003.jpg,Foam-Medium/augmented/zoom_translate/root/frame_0003__zoom_translate.jpg,zoom_translate,"{""shift_x_fraction"": -0.0085, ""shift_y_fraction"": -0.0266, ""zoom"": 1.0261}"
Foam-Medium,root,Foam-Medium/frame_0004.jpg,Foam-Medium/augmented/small_rotation/root/frame_0004__small_rotation.jpg,small_rotation,"{""angle_degrees"": -6.1864}"
Foam-Medium,root,Foam-Medium/frame_0004.jpg,Foam-Medium/augmented/horizontal_flip/root/frame_0004__horizontal_flip.jpg,horizontal_flip,{}
Foam-Medium,root,Foam-Medium/frame_0004.jpg,Foam-Medium/augmented/brightness/root/frame_0004__brightness.jpg,brightness,"{""factor"": 0.9676}"
Foam-Medium,root,Foam-Medium/frame_0004.jpg,Foam-Medium/augmented/contrast/root/frame_0004__contrast.jpg,contrast,"{""factor"": 0.9649}"
Foam-Medium,root,Foam-Medium/frame_0004.jpg,Foam-Medium/augmented/saturation/root/frame_0004__saturation.jpg,saturation,"{""factor"": 0.9028}"
Foam-Medium,root,Foam-Medium/frame_0004.jpg,Foam-Medium/augmented/zoom_translate/root/frame_0004__zoom_translate.jpg,zoom_translate,"{""shift_x_fraction"": -0.0209, ""shift_y_fraction"": 0.0339, ""zoom"": 1.0083}"
Foam-Medium,root,Foam-Medium/frame_0005.jpg,Foam-Medium/augmented/small_rotation/root/frame_0005__small_rotation.jpg,small_rotation,"{""angle_degrees"": -3.826}"
Foam-Medium,root,Foam-Medium/frame_0005.jpg,Foam-Medium/augmented/horizontal_flip/root/frame_0005__horizontal_flip.jpg,horizontal_flip,{}
Foam-Medium,root,Foam-Medium/frame_0005.jpg,Foam-Medium/augmented/brightness/root/frame_0005__brightness.jpg,brightness,"{""factor"": 0.9201}"
Foam-Medium,root,Foam-Medium/frame_0005.jpg,Foam-Medium/augmented/contrast/root/frame_0005__contrast.jpg,contrast,"{""factor"": 0.8989}"
Foam-Medium,root,Foam-Medium/frame_0005.jpg,Foam-Medium/augmented/saturation/root/frame_0005__saturation.jpg,saturation,"{""factor"": 0.9512}"
Foam-Medium,root,Foam-Medium/frame_0005.jpg,Foam-Medium/augmented/zoom_translate/root/frame_0005__zoom_translate.jpg,zoom_translate,"{""shift_x_fraction"": -0.0097, ""shift_y_fraction"": 0.0154, ""zoom"": 1.0561}"
Foam-Medium,root,Foam-Medium/frame_0006.jpg,Foam-Medium/augmented/small_rotation/root/frame_0006__small_rotation.jpg,small_rotation,"{""angle_degrees"": 5.6094}"
Foam-Medium,root,Foam-Medium/frame_0006.jpg,Foam-Medium/augmented/horizontal_flip/root/frame_0006__horizontal_flip.jpg,horizontal_flip,{}
Foam-Medium,root,Foam-Medium/frame_0006.jpg,Foam-Medium/augmented/brightness/root/frame_0006__brightness.jpg,brightness,"{""factor"": 0.8865}"
Foam-Medium,root,Foam-Medium/frame_0006.jpg,Foam-Medium/augmented/contrast/root/frame_0006__contrast.jpg,contrast,"{""factor"": 0.9234}"
Foam-Medium,root,Foam-Medium/frame_0006.jpg,Foam-Medium/augmented/saturation/root/frame_0006__saturation.jpg,saturation,"{""factor"": 0.9443}"
Foam-Medium,root,Foam-Medium/frame_0006.jpg,Foam-Medium/augmented/zoom_translate/root/frame_0006__zoom_translate.jpg,zoom_translate,"{""shift_x_fraction"": 0.0021, ""shift_y_fraction"": -0.0027, ""zoom"": 1.0172}"
Foam-Medium,root,Foam-Medium/frame_0007.jpg,Foam-Medium/augmented/small_rotation/root/frame_0007__small_rotation.jpg,small_rotation,"{""angle_degrees"": -2.4355}"
Foam-Medium,root,Foam-Medium/frame_0007.jpg,Foam-Medium/augmented/horizontal_flip/root/frame_0007__horizontal_flip.jpg,horizontal_flip,{}
Foam-Medium,root,Foam-Medium/frame_0007.jpg,Foam-Medium/augmented/brightness/root/frame_0007__brightness.jpg,brightness,"{""factor"": 1.0205}"
Foam-Medium,root,Foam-Medium/frame_0007.jpg,Foam-Medium/augmented/contrast/root/frame_0007__contrast.jpg,contrast,"{""factor"": 0.9556}"
Foam-Medium,root,Foam-Medium/frame_0007.jpg,Foam-Medium/augmented/saturation/root/frame_0007__saturation.jpg,saturation,"{""factor"": 0.9878}"
Foam-Medium,root,Foam-Medium/frame_0007.jpg,Foam-Medium/augmented/zoom_translate/root/frame_0007__zoom_translate.jpg,zoom_translate,"{""shift_x_fraction"": -0.0319, ""shift_y_fraction"": 0.0269, ""zoom"": 1.0104}"
Foam-Medium,root,Foam-Medium/frame_0008.jpg,Foam-Medium/augmented/small_rotation/root/frame_0008__small_rotation.jpg,small_rotation,"{""angle_degrees"": -6.1831}"
Foam-Medium,root,Foam-Medium/frame_0008.jpg,Foam-Medium/augmented/horizontal_flip/root/frame_0008__horizontal_flip.jpg,horizontal_flip,{}
Foam-Medium,root,Foam-Medium/frame_0008.jpg,Foam-Medium/augmented/brightness/root/frame_0008__brightness.jpg,brightness,"{""factor"": 0.9801}"
Foam-Medium,root,Foam-Medium/frame_0008.jpg,Foam-Medium/augmented/contrast/root/frame_0008__contrast.jpg,contrast,"{""factor"": 1.0195}"
Foam-Medium,root,Foam-Medium/frame_0008.jpg,Foam-Medium/augmented/saturation/root/frame_0008__saturation.jpg,saturation,"{""factor"": 0.9911}"
Foam-Medium,root,Foam-Medium/frame_0008.jpg,Foam-Medium/augmented/zoom_translate/root/frame_0008__zoom_translate.jpg,zoom_translate,"{""shift_x_fraction"": 0.0343, ""shift_y_fraction"": -0.0322, ""zoom"": 1.0033}"
Foam-Medium,root,Foam-Medium/frame_0009.jpg,Foam-Medium/augmented/small_rotation/root/frame_0009__small_rotation.jpg,small_rotation,"{""angle_degrees"": 0.7702}"
Foam-Medium,root,Foam-Medium/frame_0009.jpg,Foam-Medium/augmented/horizontal_flip/root/frame_0009__horizontal_flip.jpg,horizontal_flip,{}
Foam-Medium,root,Foam-Medium/frame_0009.jpg,Foam-Medium/augmented/brightness/root/frame_0009__brightness.jpg,brightness,"{""factor"": 0.99}"
Foam-Medium,root,Foam-Medium/frame_0009.jpg,Foam-Medium/augmented/contrast/root/frame_0009__contrast.jpg,contrast,"{""factor"": 0.8628}"
Foam-Medium,root,Foam-Medium/frame_0009.jpg,Foam-Medium/augmented/saturation/root/frame_0009__saturation.jpg,saturation,"{""factor"": 0.9421}"
Foam-Medium,root,Foam-Medium/frame_0009.jpg,Foam-Medium/augmented/zoom_translate/root/frame_0009__zoom_translate.jpg,zoom_translate,"{""shift_x_fraction"": -0.0026, ""shift_y_fraction"": 0.0177, ""zoom"": 1.0731}"
Foam-Medium,root,Foam-Medium/frame_0010.jpg,Foam-Medium/augmented/small_rotation/root/frame_0010__small_rotation.jpg,small_rotation,"{""angle_degrees"": 3.2881}"
Foam-Medium,root,Foam-Medium/frame_0010.jpg,Foam-Medium/augmented/horizontal_flip/root/frame_0010__horizontal_flip.jpg,horizontal_flip,{}
Foam-Medium,root,Foam-Medium/frame_0010.jpg,Foam-Medium/augmented/brightness/root/frame_0010__brightness.jpg,brightness,"{""factor"": 0.856}"
Foam-Medium,root,Foam-Medium/frame_0010.jpg,Foam-Medium/augmented/contrast/root/frame_0010__contrast.jpg,contrast,"{""factor"": 1.0627}"
Foam-Medium,root,Foam-Medium/frame_0010.jpg,Foam-Medium/augmented/saturation/root/frame_0010__saturation.jpg,saturation,"{""factor"": 0.9054}"
Foam-Medium,root,Foam-Medium/frame_0010.jpg,Foam-Medium/augmented/zoom_translate/root/frame_0010__zoom_translate.jpg,zoom_translate,"{""shift_x_fraction"": -0.0171, ""shift_y_fraction"": -0.0182, ""zoom"": 1.0141}"
Foam-Medium,root,Foam-Medium/frame_0011.jpg,Foam-Medium/augmented/small_rotation/root/frame_0011__small_rotation.jpg,small_rotation,"{""angle_degrees"": -1.6545}"
Foam-Medium,root,Foam-Medium/frame_0011.jpg,Foam-Medium/augmented/horizontal_flip/root/frame_0011__horizontal_flip.jpg,horizontal_flip,{}
Foam-Medium,root,Foam-Medium/frame_0011.jpg,Foam-Medium/augmented/brightness/root/frame_0011__brightness.jpg,brightness,"{""factor"": 1.0613}"
Foam-Medium,root,Foam-Medium/frame_0011.jpg,Foam-Medium/augmented/contrast/root/frame_0011__contrast.jpg,contrast,"{""factor"": 0.9662}"
Foam-Medium,root,Foam-Medium/frame_0011.jpg,Foam-Medium/augmented/saturation/root/frame_0011__saturation.jpg,saturation,"{""factor"": 1.0087}"
Foam-Medium,root,Foam-Medium/frame_0011.jpg,Foam-Medium/augmented/zoom_translate/root/frame_0011__zoom_translate.jpg,zoom_translate,"{""shift_x_fraction"": 0.0349, ""shift_y_fraction"": 0.0008, ""zoom"": 1.0621}"
Foam-Medium,root,Foam-Medium/frame_0012.jpg,Foam-Medium/augmented/small_rotation/root/frame_0012__small_rotation.jpg,small_rotation,"{""angle_degrees"": -4.3331}"
Foam-Medium,root,Foam-Medium/frame_0012.jpg,Foam-Medium/augmented/horizontal_flip/root/frame_0012__horizontal_flip.jpg,horizontal_flip,{}
Foam-Medium,root,Foam-Medium/frame_0012.jpg,Foam-Medium/augmented/brightness/root/frame_0012__brightness.jpg,brightness,"{""factor"": 0.9088}"
Foam-Medium,root,Foam-Medium/frame_0012.jpg,Foam-Medium/augmented/contrast/root/frame_0012__contrast.jpg,contrast,"{""factor"": 0.911}"
Foam-Medium,root,Foam-Medium/frame_0012.jpg,Foam-Medium/augmented/saturation/root/frame_0012__saturation.jpg,saturation,"{""factor"": 0.9693}"
Foam-Medium,root,Foam-Medium/frame_0012.jpg,Foam-Medium/augmented/zoom_translate/root/frame_0012__zoom_translate.jpg,zoom_translate,"{""shift_x_fraction"": -0.0044, ""shift_y_fraction"": 0.0066, ""zoom"": 1.0654}"
Foam-Medium,root,Foam-Medium/frame_0013.jpg,Foam-Medium/augmented/small_rotation/root/frame_0013__small_rotation.jpg,small_rotation,"{""angle_degrees"": -6.589}"
Foam-Medium,root,Foam-Medium/frame_0013.jpg,Foam-Medium/augmented/horizontal_flip/root/frame_0013__horizontal_flip.jpg,horizontal_flip,{}
Foam-Medium,root,Foam-Medium/frame_0013.jpg,Foam-Medium/augmented/brightness/root/frame_0013__brightness.jpg,brightness,"{""factor"": 1.0636}"
Foam-Medium,root,Foam-Medium/frame_0013.jpg,Foam-Medium/augmented/contrast/root/frame_0013__contrast.jpg,contrast,"{""factor"": 0.9933}"
Foam-Medium,root,Foam-Medium/frame_0013.jpg,Foam-Medium/augmented/saturation/root/frame_0013__saturation.jpg,saturation,"{""factor"": 0.939}"
Foam-Medium,root,Foam-Medium/frame_0013.jpg,Foam-Medium/augmented/zoom_translate/root/frame_0013__zoom_translate.jpg,zoom_translate,"{""shift_x_fraction"": -0.0307, ""shift_y_fraction"": 0.0215, ""zoom"": 1.0137}"
Foam-Medium,root,Foam-Medium/frame_0014.jpg,Foam-Medium/augmented/small_rotation/root/frame_0014__small_rotation.jpg,small_rotation,"{""angle_degrees"": -5.5904}"
Foam-Medium,root,Foam-Medium/frame_0014.jpg,Foam-Medium/augmented/horizontal_flip/root/frame_0014__horizontal_flip.jpg,horizontal_flip,{}
Foam-Medium,root,Foam-Medium/frame_0014.jpg,Foam-Medium/augmented/brightness/root/frame_0014__brightness.jpg,brightness,"{""factor"": 1.0876}"
Foam-Medium,root,Foam-Medium/frame_0014.jpg,Foam-Medium/augmented/contrast/root/frame_0014__contrast.jpg,contrast,"{""factor"": 1.0158}"
Foam-Medium,root,Foam-Medium/frame_0014.jpg,Foam-Medium/augmented/saturation/root/frame_0014__saturation.jpg,saturation,"{""factor"": 0.9487}"
Foam-Medium,root,Foam-Medium/frame_0014.jpg,Foam-Medium/augmented/zoom_translate/root/frame_0014__zoom_translate.jpg,zoom_translate,"{""shift_x_fraction"": -0.0245, ""shift_y_fraction"": -0.0349, ""zoom"": 1.0257}"
Foam-Medium,root,Foam-Medium/frame_0015.jpg,Foam-Medium/augmented/small_rotation/root/frame_0015__small_rotation.jpg,small_rotation,"{""angle_degrees"": -7.6671}"
Foam-Medium,root,Foam-Medium/frame_0015.jpg,Foam-Medium/augmented/horizontal_flip/root/frame_0015__horizontal_flip.jpg,horizontal_flip,{}
Foam-Medium,root,Foam-Medium/frame_0015.jpg,Foam-Medium/augmented/brightness/root/frame_0015__brightness.jpg,brightness,"{""factor"": 0.8737}"
Foam-Medium,root,Foam-Medium/frame_0015.jpg,Foam-Medium/augmented/contrast/root/frame_0015__contrast.jpg,contrast,"{""factor"": 1.0821}"
Foam-Medium,root,Foam-Medium/frame_0015.jpg,Foam-Medium/augmented/saturation/root/frame_0015__saturation.jpg,saturation,"{""factor"": 1.0563}"
Foam-Medium,root,Foam-Medium/frame_0015.jpg,Foam-Medium/augmented/zoom_translate/root/frame_0015__zoom_translate.jpg,zoom_translate,"{""shift_x_fraction"": 0.0032, ""shift_y_fraction"": 0.032, ""zoom"": 1.0751}"
Foam-Medium,root,Foam-Medium/frame_0016.jpg,Foam-Medium/augmented/small_rotation/root/frame_0016__small_rotation.jpg,small_rotation,"{""angle_degrees"": -2.2622}"
Foam-Medium,root,Foam-Medium/frame_0016.jpg,Foam-Medium/augmented/horizontal_flip/root/frame_0016__horizontal_flip.jpg,horizontal_flip,{}
Foam-Medium,root,Foam-Medium/frame_0016.jpg,Foam-Medium/augmented/brightness/root/frame_0016__brightness.jpg,brightness,"{""factor"": 1.0105}"
Foam-Medium,root,Foam-Medium/frame_0016.jpg,Foam-Medium/augmented/contrast/root/frame_0016__contrast.jpg,contrast,"{""factor"": 0.8973}"
Foam-Medium,root,Foam-Medium/frame_0016.jpg,Foam-Medium/augmented/saturation/root/frame_0016__saturation.jpg,saturation,"{""factor"": 0.9837}"
Foam-Medium,root,Foam-Medium/frame_0016.jpg,Foam-Medium/augmented/zoom_translate/root/frame_0016__zoom_translate.jpg,zoom_translate,"{""shift_x_fraction"": -0.0307, ""shift_y_fraction"": -0.0275, ""zoom"": 1.061}"
Foam-Medium,root,Foam-Medium/frame_0017.jpg,Foam-Medium/augmented/small_rotation/root/frame_0017__small_rotation.jpg,small_rotation,"{""angle_degrees"": 5.0321}"
Foam-Medium,root,Foam-Medium/frame_0017.jpg,Foam-Medium/augmented/horizontal_flip/root/frame_0017__horizontal_flip.jpg,horizontal_flip,{}
Foam-Medium,root,Foam-Medium/frame_0017.jpg,Foam-Medium/augmented/brightness/root/frame_0017__brightness.jpg,brightness,"{""factor"": 0.8994}"
Foam-Medium,root,Foam-Medium/frame_0017.jpg,Foam-Medium/augmented/contrast/root/frame_0017__contrast.jpg,contrast,"{""factor"": 1.0616}"
Foam-Medium,root,Foam-Medium/frame_0017.jpg,Foam-Medium/augmented/saturation/root/frame_0017__saturation.jpg,saturation,"{""factor"": 0.9386}"
Foam-Medium,root,Foam-Medium/frame_0017.jpg,Foam-Medium/augmented/zoom_translate/root/frame_0017__zoom_translate.jpg,zoom_translate,"{""shift_x_fraction"": 0.014, ""shift_y_fraction"": -0.0247, ""zoom"": 1.0025}"
Foam-Medium,root,Foam-Medium/frame_0018.jpg,Foam-Medium/augmented/small_rotation/root/frame_0018__small_rotation.jpg,small_rotation,"{""angle_degrees"": -0.1531}"
Foam-Medium,root,Foam-Medium/frame_0018.jpg,Foam-Medium/augmented/horizontal_flip/root/frame_0018__horizontal_flip.jpg,horizontal_flip,{}
Foam-Medium,root,Foam-Medium/frame_0018.jpg,Foam-Medium/augmented/brightness/root/frame_0018__brightness.jpg,brightness,"{""factor"": 0.8897}"
Foam-Medium,root,Foam-Medium/frame_0018.jpg,Foam-Medium/augmented/contrast/root/frame_0018__contrast.jpg,contrast,"{""factor"": 0.9799}"
Foam-Medium,root,Foam-Medium/frame_0018.jpg,Foam-Medium/augmented/saturation/root/frame_0018__saturation.jpg,saturation,"{""factor"": 0.9898}"
Foam-Medium,root,Foam-Medium/frame_0018.jpg,Foam-Medium/augmented/zoom_translate/root/frame_0018__zoom_translate.jpg,zoom_translate,"{""shift_x_fraction"": 0.0202, ""shift_y_fraction"": -0.0137, ""zoom"": 1.0376}"
Foam-Medium,root,Foam-Medium/frame_0019.jpg,Foam-Medium/augmented/small_rotation/root/frame_0019__small_rotation.jpg,small_rotation,"{""angle_degrees"": 6.8534}"
Foam-Medium,root,Foam-Medium/frame_0019.jpg,Foam-Medium/augmented/horizontal_flip/root/frame_0019__horizontal_flip.jpg,horizontal_flip,{}
Foam-Medium,root,Foam-Medium/frame_0019.jpg,Foam-Medium/augmented/brightness/root/frame_0019__brightness.jpg,brightness,"{""factor"": 1.1467}"
Foam-Medium,root,Foam-Medium/frame_0019.jpg,Foam-Medium/augmented/contrast/root/frame_0019__contrast.jpg,contrast,"{""factor"": 0.8611}"
Foam-Medium,root,Foam-Medium/frame_0019.jpg,Foam-Medium/augmented/saturation/root/frame_0019__saturation.jpg,saturation,"{""factor"": 1.0466}"
Foam-Medium,root,Foam-Medium/frame_0019.jpg,Foam-Medium/augmented/zoom_translate/root/frame_0019__zoom_translate.jpg,zoom_translate,"{""shift_x_fraction"": 0.0252, ""shift_y_fraction"": -0.028, ""zoom"": 1.0201}"
Foam-Medium,root,Foam-Medium/frame_0020.jpg,Foam-Medium/augmented/small_rotation/root/frame_0020__small_rotation.jpg,small_rotation,"{""angle_degrees"": 6.5723}"
Foam-Medium,root,Foam-Medium/frame_0020.jpg,Foam-Medium/augmented/horizontal_flip/root/frame_0020__horizontal_flip.jpg,horizontal_flip,{}
Foam-Medium,root,Foam-Medium/frame_0020.jpg,Foam-Medium/augmented/brightness/root/frame_0020__brightness.jpg,brightness,"{""factor"": 0.9537}"
Foam-Medium,root,Foam-Medium/frame_0020.jpg,Foam-Medium/augmented/contrast/root/frame_0020__contrast.jpg,contrast,"{""factor"": 1.0306}"
Foam-Medium,root,Foam-Medium/frame_0020.jpg,Foam-Medium/augmented/saturation/root/frame_0020__saturation.jpg,saturation,"{""factor"": 0.9325}"
Foam-Medium,root,Foam-Medium/frame_0020.jpg,Foam-Medium/augmented/zoom_translate/root/frame_0020__zoom_translate.jpg,zoom_translate,"{""shift_x_fraction"": -0.0214, ""shift_y_fraction"": -0.0062, ""zoom"": 1.0497}"
Foam-Medium,root,Foam-Medium/frame_0021.jpg,Foam-Medium/augmented/small_rotation/root/frame_0021__small_rotation.jpg,small_rotation,"{""angle_degrees"": 4.8174}"
Foam-Medium,root,Foam-Medium/frame_0021.jpg,Foam-Medium/augmented/horizontal_flip/root/frame_0021__horizontal_flip.jpg,horizontal_flip,{}
Foam-Medium,root,Foam-Medium/frame_0021.jpg,Foam-Medium/augmented/brightness/root/frame_0021__brightness.jpg,brightness,"{""factor"": 0.9015}"
Foam-Medium,root,Foam-Medium/frame_0021.jpg,Foam-Medium/augmented/contrast/root/frame_0021__contrast.jpg,contrast,"{""factor"": 1.1389}"
Foam-Medium,root,Foam-Medium/frame_0021.jpg,Foam-Medium/augmented/saturation/root/frame_0021__saturation.jpg,saturation,"{""factor"": 0.9997}"
Foam-Medium,root,Foam-Medium/frame_0021.jpg,Foam-Medium/augmented/zoom_translate/root/frame_0021__zoom_translate.jpg,zoom_translate,"{""shift_x_fraction"": 0.0144, ""shift_y_fraction"": 0.028, ""zoom"": 1.0388}"
Foam-Medium,root,Foam-Medium/frame_0022.jpg,Foam-Medium/augmented/small_rotation/root/frame_0022__small_rotation.jpg,small_rotation,"{""angle_degrees"": -5.6999}"
Foam-Medium,root,Foam-Medium/frame_0022.jpg,Foam-Medium/augmented/horizontal_flip/root/frame_0022__horizontal_flip.jpg,horizontal_flip,{}
Foam-Medium,root,Foam-Medium/frame_0022.jpg,Foam-Medium/augmented/brightness/root/frame_0022__brightness.jpg,brightness,"{""factor"": 0.9895}"
Foam-Medium,root,Foam-Medium/frame_0022.jpg,Foam-Medium/augmented/contrast/root/frame_0022__contrast.jpg,contrast,"{""factor"": 1.0404}"
Foam-Medium,root,Foam-Medium/frame_0022.jpg,Foam-Medium/augmented/saturation/root/frame_0022__saturation.jpg,saturation,"{""factor"": 1.0479}"
Foam-Medium,root,Foam-Medium/frame_0022.jpg,Foam-Medium/augmented/zoom_translate/root/frame_0022__zoom_translate.jpg,zoom_translate,"{""shift_x_fraction"": -0.0329, ""shift_y_fraction"": 0.0271, ""zoom"": 1.0454}"
Foam-Medium,root,Foam-Medium/frame_0023.jpg,Foam-Medium/augmented/small_rotation/root/frame_0023__small_rotation.jpg,small_rotation,"{""angle_degrees"": -7.7694}"
Foam-Medium,root,Foam-Medium/frame_0023.jpg,Foam-Medium/augmented/horizontal_flip/root/frame_0023__horizontal_flip.jpg,horizontal_flip,{}
Foam-Medium,root,Foam-Medium/frame_0023.jpg,Foam-Medium/augmented/brightness/root/frame_0023__brightness.jpg,brightness,"{""factor"": 0.8727}"
Foam-Medium,root,Foam-Medium/frame_0023.jpg,Foam-Medium/augmented/contrast/root/frame_0023__contrast.jpg,contrast,"{""factor"": 0.9621}"
Foam-Medium,root,Foam-Medium/frame_0023.jpg,Foam-Medium/augmented/saturation/root/frame_0023__saturation.jpg,saturation,"{""factor"": 0.9407}"
Foam-Medium,root,Foam-Medium/frame_0023.jpg,Foam-Medium/augmented/zoom_translate/root/frame_0023__zoom_translate.jpg,zoom_translate,"{""shift_x_fraction"": -0.0035, ""shift_y_fraction"": -0.0298, ""zoom"": 1.0548}"
Foam-Medium,root,Foam-Medium/frame_0024.jpg,Foam-Medium/augmented/small_rotation/root/frame_0024__small_rotation.jpg,small_rotation,"{""angle_degrees"": -3.5906}"
Foam-Medium,root,Foam-Medium/frame_0024.jpg,Foam-Medium/augmented/horizontal_flip/root/frame_0024__horizontal_flip.jpg,horizontal_flip,{}
Foam-Medium,root,Foam-Medium/frame_0024.jpg,Foam-Medium/augmented/brightness/root/frame_0024__brightness.jpg,brightness,"{""factor"": 1.1363}"
Foam-Medium,root,Foam-Medium/frame_0024.jpg,Foam-Medium/augmented/contrast/root/frame_0024__contrast.jpg,contrast,"{""factor"": 0.9178}"
Foam-Medium,root,Foam-Medium/frame_0024.jpg,Foam-Medium/augmented/saturation/root/frame_0024__saturation.jpg,saturation,"{""factor"": 1.0536}"
Foam-Medium,root,Foam-Medium/frame_0024.jpg,Foam-Medium/augmented/zoom_translate/root/frame_0024__zoom_translate.jpg,zoom_translate,"{""shift_x_fraction"": 0.0144, ""shift_y_fraction"": 0.026, ""zoom"": 1.0021}"
Foam-Medium,root,Foam-Medium/frame_0025.jpg,Foam-Medium/augmented/small_rotation/root/frame_0025__small_rotation.jpg,small_rotation,"{""angle_degrees"": 3.401}"
Foam-Medium,root,Foam-Medium/frame_0025.jpg,Foam-Medium/augmented/horizontal_flip/root/frame_0025__horizontal_flip.jpg,horizontal_flip,{}
Foam-Medium,root,Foam-Medium/frame_0025.jpg,Foam-Medium/augmented/brightness/root/frame_0025__brightness.jpg,brightness,"{""factor"": 0.855}"
Foam-Medium,root,Foam-Medium/frame_0025.jpg,Foam-Medium/augmented/contrast/root/frame_0025__contrast.jpg,contrast,"{""factor"": 1.0707}"
Foam-Medium,root,Foam-Medium/frame_0025.jpg,Foam-Medium/augmented/saturation/root/frame_0025__saturation.jpg,saturation,"{""factor"": 1.0099}"
Foam-Medium,root,Foam-Medium/frame_0025.jpg,Foam-Medium/augmented/zoom_translate/root/frame_0025__zoom_translate.jpg,zoom_translate,"{""shift_x_fraction"": -0.0012, ""shift_y_fraction"": 0.0017, ""zoom"": 1.0142}"
Foam-Medium,root,Foam-Medium/frame_0026.jpg,Foam-Medium/augmented/small_rotation/root/frame_0026__small_rotation.jpg,small_rotation,"{""angle_degrees"": 1.4391}"
Foam-Medium,root,Foam-Medium/frame_0026.jpg,Foam-Medium/augmented/horizontal_flip/root/frame_0026__horizontal_flip.jpg,horizontal_flip,{}
Foam-Medium,root,Foam-Medium/frame_0026.jpg,Foam-Medium/augmented/brightness/root/frame_0026__brightness.jpg,brightness,"{""factor"": 0.9239}"
Foam-Medium,root,Foam-Medium/frame_0026.jpg,Foam-Medium/augmented/contrast/root/frame_0026__contrast.jpg,contrast,"{""factor"": 0.8502}"
Foam-Medium,root,Foam-Medium/frame_0026.jpg,Foam-Medium/augmented/saturation/root/frame_0026__saturation.jpg,saturation,"{""factor"": 0.9459}"
Foam-Medium,root,Foam-Medium/frame_0026.jpg,Foam-Medium/augmented/zoom_translate/root/frame_0026__zoom_translate.jpg,zoom_translate,"{""shift_x_fraction"": 0.0037, ""shift_y_fraction"": 0.0162, ""zoom"": 1.0154}"
Foam-Medium,root,Foam-Medium/frame_0027.jpg,Foam-Medium/augmented/small_rotation/root/frame_0027__small_rotation.jpg,small_rotation,"{""angle_degrees"": -7.3827}"
Foam-Medium,root,Foam-Medium/frame_0027.jpg,Foam-Medium/augmented/horizontal_flip/root/frame_0027__horizontal_flip.jpg,horizontal_flip,{}
Foam-Medium,root,Foam-Medium/frame_0027.jpg,Foam-Medium/augmented/brightness/root/frame_0027__brightness.jpg,brightness,"{""factor"": 0.9106}"
Foam-Medium,root,Foam-Medium/frame_0027.jpg,Foam-Medium/augmented/contrast/root/frame_0027__contrast.jpg,contrast,"{""factor"": 1.0121}"
Foam-Medium,root,Foam-Medium/frame_0027.jpg,Foam-Medium/augmented/saturation/root/frame_0027__saturation.jpg,saturation,"{""factor"": 1.0005}"
Foam-Medium,root,Foam-Medium/frame_0027.jpg,Foam-Medium/augmented/zoom_translate/root/frame_0027__zoom_translate.jpg,zoom_translate,"{""shift_x_fraction"": 0.0067, ""shift_y_fraction"": 0.0186, ""zoom"": 1.0384}"
Foam-Medium,root,Foam-Medium/frame_0028.jpg,Foam-Medium/augmented/small_rotation/root/frame_0028__small_rotation.jpg,small_rotation,"{""angle_degrees"": -6.0458}"
Foam-Medium,root,Foam-Medium/frame_0028.jpg,Foam-Medium/augmented/horizontal_flip/root/frame_0028__horizontal_flip.jpg,horizontal_flip,{}
Foam-Medium,root,Foam-Medium/frame_0028.jpg,Foam-Medium/augmented/brightness/root/frame_0028__brightness.jpg,brightness,"{""factor"": 0.9611}"
Foam-Medium,root,Foam-Medium/frame_0028.jpg,Foam-Medium/augmented/contrast/root/frame_0028__contrast.jpg,contrast,"{""factor"": 1.0105}"
Foam-Medium,root,Foam-Medium/frame_0028.jpg,Foam-Medium/augmented/saturation/root/frame_0028__saturation.jpg,saturation,"{""factor"": 1.0491}"
Foam-Medium,root,Foam-Medium/frame_0028.jpg,Foam-Medium/augmented/zoom_translate/root/frame_0028__zoom_translate.jpg,zoom_translate,"{""shift_x_fraction"": -0.0186, ""shift_y_fraction"": -0.0108, ""zoom"": 1.0293}"
Foam-Medium,root,Foam-Medium/frame_0029.jpg,Foam-Medium/augmented/small_rotation/root/frame_0029__small_rotation.jpg,small_rotation,"{""angle_degrees"": -5.1543}"
Foam-Medium,root,Foam-Medium/frame_0029.jpg,Foam-Medium/augmented/horizontal_flip/root/frame_0029__horizontal_flip.jpg,horizontal_flip,{}
Foam-Medium,root,Foam-Medium/frame_0029.jpg,Foam-Medium/augmented/brightness/root/frame_0029__brightness.jpg,brightness,"{""factor"": 0.9472}"
Foam-Medium,root,Foam-Medium/frame_0029.jpg,Foam-Medium/augmented/contrast/root/frame_0029__contrast.jpg,contrast,"{""factor"": 0.9646}"
Foam-Medium,root,Foam-Medium/frame_0029.jpg,Foam-Medium/augmented/saturation/root/frame_0029__saturation.jpg,saturation,"{""factor"": 0.9084}"
Foam-Medium,root,Foam-Medium/frame_0029.jpg,Foam-Medium/augmented/zoom_translate/root/frame_0029__zoom_translate.jpg,zoom_translate,"{""shift_x_fraction"": -0.0253, ""shift_y_fraction"": 0.011, ""zoom"": 1.0129}"
Foam-Medium,root,Foam-Medium/frame_0030.jpg,Foam-Medium/augmented/small_rotation/root/frame_0030__small_rotation.jpg,small_rotation,"{""angle_degrees"": 3.5002}"
Foam-Medium,root,Foam-Medium/frame_0030.jpg,Foam-Medium/augmented/horizontal_flip/root/frame_0030__horizontal_flip.jpg,horizontal_flip,{}
Foam-Medium,root,Foam-Medium/frame_0030.jpg,Foam-Medium/augmented/brightness/root/frame_0030__brightness.jpg,brightness,"{""factor"": 1.0111}"
Foam-Medium,root,Foam-Medium/frame_0030.jpg,Foam-Medium/augmented/contrast/root/frame_0030__contrast.jpg,contrast,"{""factor"": 0.9926}"
Foam-Medium,root,Foam-Medium/frame_0030.jpg,Foam-Medium/augmented/saturation/root/frame_0030__saturation.jpg,saturation,"{""factor"": 0.9894}"
Foam-Medium,root,Foam-Medium/frame_0030.jpg,Foam-Medium/augmented/zoom_translate/root/frame_0030__zoom_translate.jpg,zoom_translate,"{""shift_x_fraction"": 0.0253, ""shift_y_fraction"": -0.0266, ""zoom"": 1.0188}"
Foam-Medium,root,Foam-Medium/frame_0031.jpg,Foam-Medium/augmented/small_rotation/root/frame_0031__small_rotation.jpg,small_rotation,"{""angle_degrees"": 1.4801}"
Foam-Medium,root,Foam-Medium/frame_0031.jpg,Foam-Medium/augmented/horizontal_flip/root/frame_0031__horizontal_flip.jpg,horizontal_flip,{}
Foam-Medium,root,Foam-Medium/frame_0031.jpg,Foam-Medium/augmented/brightness/root/frame_0031__brightness.jpg,brightness,"{""factor"": 1.0613}"
Foam-Medium,root,Foam-Medium/frame_0031.jpg,Foam-Medium/augmented/contrast/root/frame_0031__contrast.jpg,contrast,"{""factor"": 1.069}"
Foam-Medium,root,Foam-Medium/frame_0031.jpg,Foam-Medium/augmented/saturation/root/frame_0031__saturation.jpg,saturation,"{""factor"": 0.9913}"
Foam-Medium,root,Foam-Medium/frame_0031.jpg,Foam-Medium/augmented/zoom_translate/root/frame_0031__zoom_translate.jpg,zoom_translate,"{""shift_x_fraction"": -0.0151, ""shift_y_fraction"": -0.0223, ""zoom"": 1.0545}"
Foam-Medium,root,Foam-Medium/frame_0032.jpg,Foam-Medium/augmented/small_rotation/root/frame_0032__small_rotation.jpg,small_rotation,"{""angle_degrees"": -1.5964}"
Foam-Medium,root,Foam-Medium/frame_0032.jpg,Foam-Medium/augmented/horizontal_flip/root/frame_0032__horizontal_flip.jpg,horizontal_flip,{}
Foam-Medium,root,Foam-Medium/frame_0032.jpg,Foam-Medium/augmented/brightness/root/frame_0032__brightness.jpg,brightness,"{""factor"": 1.0813}"
Foam-Medium,root,Foam-Medium/frame_0032.jpg,Foam-Medium/augmented/contrast/root/frame_0032__contrast.jpg,contrast,"{""factor"": 1.0958}"
Foam-Medium,root,Foam-Medium/frame_0032.jpg,Foam-Medium/augmented/saturation/root/frame_0032__saturation.jpg,saturation,"{""factor"": 0.951}"
Foam-Medium,root,Foam-Medium/frame_0032.jpg,Foam-Medium/augmented/zoom_translate/root/frame_0032__zoom_translate.jpg,zoom_translate,"{""shift_x_fraction"": -0.003, ""shift_y_fraction"": -0.0225, ""zoom"": 1.0435}"
Foam-Medium,root,Foam-Medium/frame_0033.jpg,Foam-Medium/augmented/small_rotation/root/frame_0033__small_rotation.jpg,small_rotation,"{""angle_degrees"": 3.9218}"
Foam-Medium,root,Foam-Medium/frame_0033.jpg,Foam-Medium/augmented/horizontal_flip/root/frame_0033__horizontal_flip.jpg,horizontal_flip,{}
Foam-Medium,root,Foam-Medium/frame_0033.jpg,Foam-Medium/augmented/brightness/root/frame_0033__brightness.jpg,brightness,"{""factor"": 0.9116}"
Foam-Medium,root,Foam-Medium/frame_0033.jpg,Foam-Medium/augmented/contrast/root/frame_0033__contrast.jpg,contrast,"{""factor"": 0.9804}"
Foam-Medium,root,Foam-Medium/frame_0033.jpg,Foam-Medium/augmented/saturation/root/frame_0033__saturation.jpg,saturation,"{""factor"": 0.9696}"
Foam-Medium,root,Foam-Medium/frame_0033.jpg,Foam-Medium/augmented/zoom_translate/root/frame_0033__zoom_translate.jpg,zoom_translate,"{""shift_x_fraction"": 0.0013, ""shift_y_fraction"": -0.0013, ""zoom"": 1.0749}"
Foam-Medium,root,Foam-Medium/frame_0034.jpg,Foam-Medium/augmented/small_rotation/root/frame_0034__small_rotation.jpg,small_rotation,"{""angle_degrees"": 5.1601}"
Foam-Medium,root,Foam-Medium/frame_0034.jpg,Foam-Medium/augmented/horizontal_flip/root/frame_0034__horizontal_flip.jpg,horizontal_flip,{}
Foam-Medium,root,Foam-Medium/frame_0034.jpg,Foam-Medium/augmented/brightness/root/frame_0034__brightness.jpg,brightness,"{""factor"": 0.9947}"
Foam-Medium,root,Foam-Medium/frame_0034.jpg,Foam-Medium/augmented/contrast/root/frame_0034__contrast.jpg,contrast,"{""factor"": 1.0973}"
Foam-Medium,root,Foam-Medium/frame_0034.jpg,Foam-Medium/augmented/saturation/root/frame_0034__saturation.jpg,saturation,"{""factor"": 1.0881}"
Foam-Medium,root,Foam-Medium/frame_0034.jpg,Foam-Medium/augmented/zoom_translate/root/frame_0034__zoom_translate.jpg,zoom_translate,"{""shift_x_fraction"": -0.0074, ""shift_y_fraction"": -0.0315, ""zoom"": 1.0652}"
Foam-Medium,root,Foam-Medium/frame_0035.jpg,Foam-Medium/augmented/small_rotation/root/frame_0035__small_rotation.jpg,small_rotation,"{""angle_degrees"": 1.1824}"
Foam-Medium,root,Foam-Medium/frame_0035.jpg,Foam-Medium/augmented/horizontal_flip/root/frame_0035__horizontal_flip.jpg,horizontal_flip,{}
Foam-Medium,root,Foam-Medium/frame_0035.jpg,Foam-Medium/augmented/brightness/root/frame_0035__brightness.jpg,brightness,"{""factor"": 1.1484}"
Foam-Medium,root,Foam-Medium/frame_0035.jpg,Foam-Medium/augmented/contrast/root/frame_0035__contrast.jpg,contrast,"{""factor"": 0.9592}"
Foam-Medium,root,Foam-Medium/frame_0035.jpg,Foam-Medium/augmented/saturation/root/frame_0035__saturation.jpg,saturation,"{""factor"": 0.9249}"
Foam-Medium,root,Foam-Medium/frame_0035.jpg,Foam-Medium/augmented/zoom_translate/root/frame_0035__zoom_translate.jpg,zoom_translate,"{""shift_x_fraction"": -0.0113, ""shift_y_fraction"": 0.0123, ""zoom"": 1.0555}"
Foam-Medium,root,Foam-Medium/frame_0036.jpg,Foam-Medium/augmented/small_rotation/root/frame_0036__small_rotation.jpg,small_rotation,"{""angle_degrees"": 7.1402}"
Foam-Medium,root,Foam-Medium/frame_0036.jpg,Foam-Medium/augmented/horizontal_flip/root/frame_0036__horizontal_flip.jpg,horizontal_flip,{}
Foam-Medium,root,Foam-Medium/frame_0036.jpg,Foam-Medium/augmented/brightness/root/frame_0036__brightness.jpg,brightness,"{""factor"": 1.05}"
Foam-Medium,root,Foam-Medium/frame_0036.jpg,Foam-Medium/augmented/contrast/root/frame_0036__contrast.jpg,contrast,"{""factor"": 0.9604}"
Foam-Medium,root,Foam-Medium/frame_0036.jpg,Foam-Medium/augmented/saturation/root/frame_0036__saturation.jpg,saturation,"{""factor"": 1.0406}"
Foam-Medium,root,Foam-Medium/frame_0036.jpg,Foam-Medium/augmented/zoom_translate/root/frame_0036__zoom_translate.jpg,zoom_translate,"{""shift_x_fraction"": -0.018, ""shift_y_fraction"": 0.0005, ""zoom"": 1.0766}"
Foam-Medium,root,Foam-Medium/frame_0037.jpg,Foam-Medium/augmented/small_rotation/root/frame_0037__small_rotation.jpg,small_rotation,"{""angle_degrees"": 6.3188}"
Foam-Medium,root,Foam-Medium/frame_0037.jpg,Foam-Medium/augmented/horizontal_flip/root/frame_0037__horizontal_flip.jpg,horizontal_flip,{}
Foam-Medium,root,Foam-Medium/frame_0037.jpg,Foam-Medium/augmented/brightness/root/frame_0037__brightness.jpg,brightness,"{""factor"": 1.1125}"
Foam-Medium,root,Foam-Medium/frame_0037.jpg,Foam-Medium/augmented/contrast/root/frame_0037__contrast.jpg,contrast,"{""factor"": 1.1016}"
Foam-Medium,root,Foam-Medium/frame_0037.jpg,Foam-Medium/augmented/saturation/root/frame_0037__saturation.jpg,saturation,"{""factor"": 1.0905}"
Foam-Medium,root,Foam-Medium/frame_0037.jpg,Foam-Medium/augmented/zoom_translate/root/frame_0037__zoom_translate.jpg,zoom_translate,"{""shift_x_fraction"": -0.0084, ""shift_y_fraction"": -0.0324, ""zoom"": 1.0314}"
Foam-Medium,root,Foam-Medium/frame_0038.jpg,Foam-Medium/augmented/small_rotation/root/frame_0038__small_rotation.jpg,small_rotation,"{""angle_degrees"": -2.0725}"
Foam-Medium,root,Foam-Medium/frame_0038.jpg,Foam-Medium/augmented/horizontal_flip/root/frame_0038__horizontal_flip.jpg,horizontal_flip,{}
Foam-Medium,root,Foam-Medium/frame_0038.jpg,Foam-Medium/augmented/brightness/root/frame_0038__brightness.jpg,brightness,"{""factor"": 1.1124}"
Foam-Medium,root,Foam-Medium/frame_0038.jpg,Foam-Medium/augmented/contrast/root/frame_0038__contrast.jpg,contrast,"{""factor"": 0.9679}"
Foam-Medium,root,Foam-Medium/frame_0038.jpg,Foam-Medium/augmented/saturation/root/frame_0038__saturation.jpg,saturation,"{""factor"": 1.0703}"
Foam-Medium,root,Foam-Medium/frame_0038.jpg,Foam-Medium/augmented/zoom_translate/root/frame_0038__zoom_translate.jpg,zoom_translate,"{""shift_x_fraction"": 0.0178, ""shift_y_fraction"": 0.0198, ""zoom"": 1.0743}"
Foam-Medium,root,Foam-Medium/frame_0039.jpg,Foam-Medium/augmented/small_rotation/root/frame_0039__small_rotation.jpg,small_rotation,"{""angle_degrees"": -6.2941}"
Foam-Medium,root,Foam-Medium/frame_0039.jpg,Foam-Medium/augmented/horizontal_flip/root/frame_0039__horizontal_flip.jpg,horizontal_flip,{}
Foam-Medium,root,Foam-Medium/frame_0039.jpg,Foam-Medium/augmented/brightness/root/frame_0039__brightness.jpg,brightness,"{""factor"": 1.0896}"
Foam-Medium,root,Foam-Medium/frame_0039.jpg,Foam-Medium/augmented/contrast/root/frame_0039__contrast.jpg,contrast,"{""factor"": 0.9412}"
Foam-Medium,root,Foam-Medium/frame_0039.jpg,Foam-Medium/augmented/saturation/root/frame_0039__saturation.jpg,saturation,"{""factor"": 0.9223}"
Foam-Medium,root,Foam-Medium/frame_0039.jpg,Foam-Medium/augmented/zoom_translate/root/frame_0039__zoom_translate.jpg,zoom_translate,"{""shift_x_fraction"": -0.0297, ""shift_y_fraction"": -0.0207, ""zoom"": 1.0509}"
Foam-Medium,root,Foam-Medium/frame_0040.jpg,Foam-Medium/augmented/small_rotation/root/frame_0040__small_rotation.jpg,small_rotation,"{""angle_degrees"": 1.028}"
Foam-Medium,root,Foam-Medium/frame_0040.jpg,Foam-Medium/augmented/horizontal_flip/root/frame_0040__horizontal_flip.jpg,horizontal_flip,{}
Foam-Medium,root,Foam-Medium/frame_0040.jpg,Foam-Medium/augmented/brightness/root/frame_0040__brightness.jpg,brightness,"{""factor"": 0.9938}"
Foam-Medium,root,Foam-Medium/frame_0040.jpg,Foam-Medium/augmented/contrast/root/frame_0040__contrast.jpg,contrast,"{""factor"": 1.0117}"
Foam-Medium,root,Foam-Medium/frame_0040.jpg,Foam-Medium/augmented/saturation/root/frame_0040__saturation.jpg,saturation,"{""factor"": 1.0076}"
Foam-Medium,root,Foam-Medium/frame_0040.jpg,Foam-Medium/augmented/zoom_translate/root/frame_0040__zoom_translate.jpg,zoom_translate,"{""shift_x_fraction"": 0.0155, ""shift_y_fraction"": 0.0301, ""zoom"": 1.0088}"
Foam-Medium,root,Foam-Medium/frame_0041.jpg,Foam-Medium/augmented/small_rotation/root/frame_0041__small_rotation.jpg,small_rotation,"{""angle_degrees"": -5.6861}"
Foam-Medium,root,Foam-Medium/frame_0041.jpg,Foam-Medium/augmented/horizontal_flip/root/frame_0041__horizontal_flip.jpg,horizontal_flip,{}
Foam-Medium,root,Foam-Medium/frame_0041.jpg,Foam-Medium/augmented/brightness/root/frame_0041__brightness.jpg,brightness,"{""factor"": 1.0622}"
Foam-Medium,root,Foam-Medium/frame_0041.jpg,Foam-Medium/augmented/contrast/root/frame_0041__contrast.jpg,contrast,"{""factor"": 0.9143}"
Foam-Medium,root,Foam-Medium/frame_0041.jpg,Foam-Medium/augmented/saturation/root/frame_0041__saturation.jpg,saturation,"{""factor"": 0.9962}"
Foam-Medium,root,Foam-Medium/frame_0041.jpg,Foam-Medium/augmented/zoom_translate/root/frame_0041__zoom_translate.jpg,zoom_translate,"{""shift_x_fraction"": 0.0137, ""shift_y_fraction"": 0.0098, ""zoom"": 1.0659}"
Foam-Medium,root,Foam-Medium/frame_0042.jpg,Foam-Medium/augmented/small_rotation/root/frame_0042__small_rotation.jpg,small_rotation,"{""angle_degrees"": -4.398}"
Foam-Medium,root,Foam-Medium/frame_0042.jpg,Foam-Medium/augmented/horizontal_flip/root/frame_0042__horizontal_flip.jpg,horizontal_flip,{}
Foam-Medium,root,Foam-Medium/frame_0042.jpg,Foam-Medium/augmented/brightness/root/frame_0042__brightness.jpg,brightness,"{""factor"": 1.0934}"
Foam-Medium,root,Foam-Medium/frame_0042.jpg,Foam-Medium/augmented/contrast/root/frame_0042__contrast.jpg,contrast,"{""factor"": 1.0255}"
Foam-Medium,root,Foam-Medium/frame_0042.jpg,Foam-Medium/augmented/saturation/root/frame_0042__saturation.jpg,saturation,"{""factor"": 0.9263}"
Foam-Medium,root,Foam-Medium/frame_0042.jpg,Foam-Medium/augmented/zoom_translate/root/frame_0042__zoom_translate.jpg,zoom_translate,"{""shift_x_fraction"": 0.021, ""shift_y_fraction"": 0.0193, ""zoom"": 1.0489}"
Foam-Medium,root,Foam-Medium/frame_0043.jpg,Foam-Medium/augmented/small_rotation/root/frame_0043__small_rotation.jpg,small_rotation,"{""angle_degrees"": -7.4246}"
Foam-Medium,root,Foam-Medium/frame_0043.jpg,Foam-Medium/augmented/horizontal_flip/root/frame_0043__horizontal_flip.jpg,horizontal_flip,{}
Foam-Medium,root,Foam-Medium/frame_0043.jpg,Foam-Medium/augmented/brightness/root/frame_0043__brightness.jpg,brightness,"{""factor"": 0.9334}"
Foam-Medium,root,Foam-Medium/frame_0043.jpg,Foam-Medium/augmented/contrast/root/frame_0043__contrast.jpg,contrast,"{""factor"": 1.0041}"
Foam-Medium,root,Foam-Medium/frame_0043.jpg,Foam-Medium/augmented/saturation/root/frame_0043__saturation.jpg,saturation,"{""factor"": 1.0334}"
Foam-Medium,root,Foam-Medium/frame_0043.jpg,Foam-Medium/augmented/zoom_translate/root/frame_0043__zoom_translate.jpg,zoom_translate,"{""shift_x_fraction"": -0.021, ""shift_y_fraction"": -0.0197, ""zoom"": 1.0726}"
Foam-Medium,root,Foam-Medium/frame_0044.jpg,Foam-Medium/augmented/small_rotation/root/frame_0044__small_rotation.jpg,small_rotation,"{""angle_degrees"": 4.5557}"
Foam-Medium,root,Foam-Medium/frame_0044.jpg,Foam-Medium/augmented/horizontal_flip/root/frame_0044__horizontal_flip.jpg,horizontal_flip,{}
Foam-Medium,root,Foam-Medium/frame_0044.jpg,Foam-Medium/augmented/brightness/root/frame_0044__brightness.jpg,brightness,"{""factor"": 0.9362}"
Foam-Medium,root,Foam-Medium/frame_0044.jpg,Foam-Medium/augmented/contrast/root/frame_0044__contrast.jpg,contrast,"{""factor"": 1.1343}"
Foam-Medium,root,Foam-Medium/frame_0044.jpg,Foam-Medium/augmented/saturation/root/frame_0044__saturation.jpg,saturation,"{""factor"": 0.9174}"
Foam-Medium,root,Foam-Medium/frame_0044.jpg,Foam-Medium/augmented/zoom_translate/root/frame_0044__zoom_translate.jpg,zoom_translate,"{""shift_x_fraction"": 0.0226, ""shift_y_fraction"": 0.0004, ""zoom"": 1.0676}"
Foam-Medium,root,Foam-Medium/frame_0045.jpg,Foam-Medium/augmented/small_rotation/root/frame_0045__small_rotation.jpg,small_rotation,"{""angle_degrees"": 1.4052}"
Foam-Medium,root,Foam-Medium/frame_0045.jpg,Foam-Medium/augmented/horizontal_flip/root/frame_0045__horizontal_flip.jpg,horizontal_flip,{}
Foam-Medium,root,Foam-Medium/frame_0045.jpg,Foam-Medium/augmented/brightness/root/frame_0045__brightness.jpg,brightness,"{""factor"": 0.9208}"
Foam-Medium,root,Foam-Medium/frame_0045.jpg,Foam-Medium/augmented/contrast/root/frame_0045__contrast.jpg,contrast,"{""factor"": 1.0134}"
Foam-Medium,root,Foam-Medium/frame_0045.jpg,Foam-Medium/augmented/saturation/root/frame_0045__saturation.jpg,saturation,"{""factor"": 0.9237}"
Foam-Medium,root,Foam-Medium/frame_0045.jpg,Foam-Medium/augmented/zoom_translate/root/frame_0045__zoom_translate.jpg,zoom_translate,"{""shift_x_fraction"": 0.0305, ""shift_y_fraction"": 0.0271, ""zoom"": 1.0359}"
Foam-Medium,root,Foam-Medium/frame_0046.jpg,Foam-Medium/augmented/small_rotation/root/frame_0046__small_rotation.jpg,small_rotation,"{""angle_degrees"": 4.0422}"
Foam-Medium,root,Foam-Medium/frame_0046.jpg,Foam-Medium/augmented/horizontal_flip/root/frame_0046__horizontal_flip.jpg,horizontal_flip,{}
Foam-Medium,root,Foam-Medium/frame_0046.jpg,Foam-Medium/augmented/brightness/root/frame_0046__brightness.jpg,brightness,"{""factor"": 0.8835}"
Foam-Medium,root,Foam-Medium/frame_0046.jpg,Foam-Medium/augmented/contrast/root/frame_0046__contrast.jpg,contrast,"{""factor"": 0.8819}"
Foam-Medium,root,Foam-Medium/frame_0046.jpg,Foam-Medium/augmented/saturation/root/frame_0046__saturation.jpg,saturation,"{""factor"": 1.0025}"
Foam-Medium,root,Foam-Medium/frame_0046.jpg,Foam-Medium/augmented/zoom_translate/root/frame_0046__zoom_translate.jpg,zoom_translate,"{""shift_x_fraction"": -0.0242, ""shift_y_fraction"": -0.0258, ""zoom"": 1.0375}"
Foam-Medium,root,Foam-Medium/frame_0047.jpg,Foam-Medium/augmented/small_rotation/root/frame_0047__small_rotation.jpg,small_rotation,"{""angle_degrees"": 4.8224}"
Foam-Medium,root,Foam-Medium/frame_0047.jpg,Foam-Medium/augmented/horizontal_flip/root/frame_0047__horizontal_flip.jpg,horizontal_flip,{}
Foam-Medium,root,Foam-Medium/frame_0047.jpg,Foam-Medium/augmented/brightness/root/frame_0047__brightness.jpg,brightness,"{""factor"": 1.1482}"
Foam-Medium,root,Foam-Medium/frame_0047.jpg,Foam-Medium/augmented/contrast/root/frame_0047__contrast.jpg,contrast,"{""factor"": 0.8941}"
Foam-Medium,root,Foam-Medium/frame_0047.jpg,Foam-Medium/augmented/saturation/root/frame_0047__saturation.jpg,saturation,"{""factor"": 1.0543}"
Foam-Medium,root,Foam-Medium/frame_0047.jpg,Foam-Medium/augmented/zoom_translate/root/frame_0047__zoom_translate.jpg,zoom_translate,"{""shift_x_fraction"": -0.0043, ""shift_y_fraction"": 0.0012, ""zoom"": 1.0297}"
Foam-Medium,root,Foam-Medium/frame_0048.jpg,Foam-Medium/augmented/small_rotation/root/frame_0048__small_rotation.jpg,small_rotation,"{""angle_degrees"": -1.0144}"
Foam-Medium,root,Foam-Medium/frame_0048.jpg,Foam-Medium/augmented/horizontal_flip/root/frame_0048__horizontal_flip.jpg,horizontal_flip,{}
Foam-Medium,root,Foam-Medium/frame_0048.jpg,Foam-Medium/augmented/brightness/root/frame_0048__brightness.jpg,brightness,"{""factor"": 1.0981}"
Foam-Medium,root,Foam-Medium/frame_0048.jpg,Foam-Medium/augmented/contrast/root/frame_0048__contrast.jpg,contrast,"{""factor"": 1.011}"
Foam-Medium,root,Foam-Medium/frame_0048.jpg,Foam-Medium/augmented/saturation/root/frame_0048__saturation.jpg,saturation,"{""factor"": 0.9157}"
Foam-Medium,root,Foam-Medium/frame_0048.jpg,Foam-Medium/augmented/zoom_translate/root/frame_0048__zoom_translate.jpg,zoom_translate,"{""shift_x_fraction"": -0.0088, ""shift_y_fraction"": -0.0125, ""zoom"": 1.0481}"
Foam-Medium,root,Foam-Medium/frame_0049.jpg,Foam-Medium/augmented/small_rotation/root/frame_0049__small_rotation.jpg,small_rotation,"{""angle_degrees"": -5.6485}"
Foam-Medium,root,Foam-Medium/frame_0049.jpg,Foam-Medium/augmented/horizontal_flip/root/frame_0049__horizontal_flip.jpg,horizontal_flip,{}
Foam-Medium,root,Foam-Medium/frame_0049.jpg,Foam-Medium/augmented/brightness/root/frame_0049__brightness.jpg,brightness,"{""factor"": 1.1452}"
Foam-Medium,root,Foam-Medium/frame_0049.jpg,Foam-Medium/augmented/contrast/root/frame_0049__contrast.jpg,contrast,"{""factor"": 1.0113}"
Foam-Medium,root,Foam-Medium/frame_0049.jpg,Foam-Medium/augmented/saturation/root/frame_0049__saturation.jpg,saturation,"{""factor"": 1.0544}"
Foam-Medium,root,Foam-Medium/frame_0049.jpg,Foam-Medium/augmented/zoom_translate/root/frame_0049__zoom_translate.jpg,zoom_translate,"{""shift_x_fraction"": -0.0131, ""shift_y_fraction"": 0.0288, ""zoom"": 1.0084}"
Foam-Medium,root,Foam-Medium/frame_0050.jpg,Foam-Medium/augmented/small_rotation/root/frame_0050__small_rotation.jpg,small_rotation,"{""angle_degrees"": 2.3124}"
Foam-Medium,root,Foam-Medium/frame_0050.jpg,Foam-Medium/augmented/horizontal_flip/root/frame_0050__horizontal_flip.jpg,horizontal_flip,{}
Foam-Medium,root,Foam-Medium/frame_0050.jpg,Foam-Medium/augmented/brightness/root/frame_0050__brightness.jpg,brightness,"{""factor"": 1.0408}"
Foam-Medium,root,Foam-Medium/frame_0050.jpg,Foam-Medium/augmented/contrast/root/frame_0050__contrast.jpg,contrast,"{""factor"": 0.8953}"
Foam-Medium,root,Foam-Medium/frame_0050.jpg,Foam-Medium/augmented/saturation/root/frame_0050__saturation.jpg,saturation,"{""factor"": 0.9966}"
Foam-Medium,root,Foam-Medium/frame_0050.jpg,Foam-Medium/augmented/zoom_translate/root/frame_0050__zoom_translate.jpg,zoom_translate,"{""shift_x_fraction"": -0.025, ""shift_y_fraction"": -0.0213, ""zoom"": 1.0521}"
Foam-Medium,root,Foam-Medium/frame_0051.jpg,Foam-Medium/augmented/small_rotation/root/frame_0051__small_rotation.jpg,small_rotation,"{""angle_degrees"": -5.8367}"
Foam-Medium,root,Foam-Medium/frame_0051.jpg,Foam-Medium/augmented/horizontal_flip/root/frame_0051__horizontal_flip.jpg,horizontal_flip,{}
Foam-Medium,root,Foam-Medium/frame_0051.jpg,Foam-Medium/augmented/brightness/root/frame_0051__brightness.jpg,brightness,"{""factor"": 1.0665}"
Foam-Medium,root,Foam-Medium/frame_0051.jpg,Foam-Medium/augmented/contrast/root/frame_0051__contrast.jpg,contrast,"{""factor"": 0.8617}"
Foam-Medium,root,Foam-Medium/frame_0051.jpg,Foam-Medium/augmented/saturation/root/frame_0051__saturation.jpg,saturation,"{""factor"": 1.0326}"
Foam-Medium,root,Foam-Medium/frame_0051.jpg,Foam-Medium/augmented/zoom_translate/root/frame_0051__zoom_translate.jpg,zoom_translate,"{""shift_x_fraction"": 0.0172, ""shift_y_fraction"": -0.0123, ""zoom"": 1.037}"
Foam-Medium,root,Foam-Medium/frame_0052.jpg,Foam-Medium/augmented/small_rotation/root/frame_0052__small_rotation.jpg,small_rotation,"{""angle_degrees"": -0.5173}"
Foam-Medium,root,Foam-Medium/frame_0052.jpg,Foam-Medium/augmented/horizontal_flip/root/frame_0052__horizontal_flip.jpg,horizontal_flip,{}
Foam-Medium,root,Foam-Medium/frame_0052.jpg,Foam-Medium/augmented/brightness/root/frame_0052__brightness.jpg,brightness,"{""factor"": 0.8615}"
Foam-Medium,root,Foam-Medium/frame_0052.jpg,Foam-Medium/augmented/contrast/root/frame_0052__contrast.jpg,contrast,"{""factor"": 1.1499}"
Foam-Medium,root,Foam-Medium/frame_0052.jpg,Foam-Medium/augmented/saturation/root/frame_0052__saturation.jpg,saturation,"{""factor"": 1.0033}"
Foam-Medium,root,Foam-Medium/frame_0052.jpg,Foam-Medium/augmented/zoom_translate/root/frame_0052__zoom_translate.jpg,zoom_translate,"{""shift_x_fraction"": 0.0147, ""shift_y_fraction"": 0.0327, ""zoom"": 1.038}"
Foam-Medium,root,Foam-Medium/frame_0053.jpg,Foam-Medium/augmented/small_rotation/root/frame_0053__small_rotation.jpg,small_rotation,"{""angle_degrees"": 1.6938}"
Foam-Medium,root,Foam-Medium/frame_0053.jpg,Foam-Medium/augmented/horizontal_flip/root/frame_0053__horizontal_flip.jpg,horizontal_flip,{}
Foam-Medium,root,Foam-Medium/frame_0053.jpg,Foam-Medium/augmented/brightness/root/frame_0053__brightness.jpg,brightness,"{""factor"": 1.0075}"
Foam-Medium,root,Foam-Medium/frame_0053.jpg,Foam-Medium/augmented/contrast/root/frame_0053__contrast.jpg,contrast,"{""factor"": 0.9251}"
Foam-Medium,root,Foam-Medium/frame_0053.jpg,Foam-Medium/augmented/saturation/root/frame_0053__saturation.jpg,saturation,"{""factor"": 1.0089}"
Foam-Medium,root,Foam-Medium/frame_0053.jpg,Foam-Medium/augmented/zoom_translate/root/frame_0053__zoom_translate.jpg,zoom_translate,"{""shift_x_fraction"": -0.0069, ""shift_y_fraction"": 0.0038, ""zoom"": 1.0387}"
Foam-Medium,root,Foam-Medium/frame_0054.jpg,Foam-Medium/augmented/small_rotation/root/frame_0054__small_rotation.jpg,small_rotation,"{""angle_degrees"": 0.5609}"
Foam-Medium,root,Foam-Medium/frame_0054.jpg,Foam-Medium/augmented/horizontal_flip/root/frame_0054__horizontal_flip.jpg,horizontal_flip,{}
Foam-Medium,root,Foam-Medium/frame_0054.jpg,Foam-Medium/augmented/brightness/root/frame_0054__brightness.jpg,brightness,"{""factor"": 0.9889}"
Foam-Medium,root,Foam-Medium/frame_0054.jpg,Foam-Medium/augmented/contrast/root/frame_0054__contrast.jpg,contrast,"{""factor"": 1.1391}"
Foam-Medium,root,Foam-Medium/frame_0054.jpg,Foam-Medium/augmented/saturation/root/frame_0054__saturation.jpg,saturation,"{""factor"": 1.0309}"
Foam-Medium,root,Foam-Medium/frame_0054.jpg,Foam-Medium/augmented/zoom_translate/root/frame_0054__zoom_translate.jpg,zoom_translate,"{""shift_x_fraction"": -0.003, ""shift_y_fraction"": -0.0156, ""zoom"": 1.0423}"
Foam-Medium,root,Foam-Medium/frame_0055.jpg,Foam-Medium/augmented/small_rotation/root/frame_0055__small_rotation.jpg,small_rotation,"{""angle_degrees"": -6.6589}"
Foam-Medium,root,Foam-Medium/frame_0055.jpg,Foam-Medium/augmented/horizontal_flip/root/frame_0055__horizontal_flip.jpg,horizontal_flip,{}
Foam-Medium,root,Foam-Medium/frame_0055.jpg,Foam-Medium/augmented/brightness/root/frame_0055__brightness.jpg,brightness,"{""factor"": 1.1121}"
Foam-Medium,root,Foam-Medium/frame_0055.jpg,Foam-Medium/augmented/contrast/root/frame_0055__contrast.jpg,contrast,"{""factor"": 0.9457}"
Foam-Medium,root,Foam-Medium/frame_0055.jpg,Foam-Medium/augmented/saturation/root/frame_0055__saturation.jpg,saturation,"{""factor"": 1.0641}"
Foam-Medium,root,Foam-Medium/frame_0055.jpg,Foam-Medium/augmented/zoom_translate/root/frame_0055__zoom_translate.jpg,zoom_translate,"{""shift_x_fraction"": -0.0301, ""shift_y_fraction"": -0.0032, ""zoom"": 1.0364}"
Foam-Medium,root,Foam-Medium/frame_0056.jpg,Foam-Medium/augmented/small_rotation/root/frame_0056__small_rotation.jpg,small_rotation,"{""angle_degrees"": -0.2806}"
Foam-Medium,root,Foam-Medium/frame_0056.jpg,Foam-Medium/augmented/horizontal_flip/root/frame_0056__horizontal_flip.jpg,horizontal_flip,{}
Foam-Medium,root,Foam-Medium/frame_0056.jpg,Foam-Medium/augmented/brightness/root/frame_0056__brightness.jpg,brightness,"{""factor"": 1.0617}"
Foam-Medium,root,Foam-Medium/frame_0056.jpg,Foam-Medium/augmented/contrast/root/frame_0056__contrast.jpg,contrast,"{""factor"": 0.9075}"
Foam-Medium,root,Foam-Medium/frame_0056.jpg,Foam-Medium/augmented/saturation/root/frame_0056__saturation.jpg,saturation,"{""factor"": 0.9321}"
Foam-Medium,root,Foam-Medium/frame_0056.jpg,Foam-Medium/augmented/zoom_translate/root/frame_0056__zoom_translate.jpg,zoom_translate,"{""shift_x_fraction"": 0.0302, ""shift_y_fraction"": 0.0203, ""zoom"": 1.0612}"
Foam-Medium,root,Foam-Medium/frame_0057.jpg,Foam-Medium/augmented/small_rotation/root/frame_0057__small_rotation.jpg,small_rotation,"{""angle_degrees"": 1.5759}"
Foam-Medium,root,Foam-Medium/frame_0057.jpg,Foam-Medium/augmented/horizontal_flip/root/frame_0057__horizontal_flip.jpg,horizontal_flip,{}
Foam-Medium,root,Foam-Medium/frame_0057.jpg,Foam-Medium/augmented/brightness/root/frame_0057__brightness.jpg,brightness,"{""factor"": 1.0298}"
Foam-Medium,root,Foam-Medium/frame_0057.jpg,Foam-Medium/augmented/contrast/root/frame_0057__contrast.jpg,contrast,"{""factor"": 1.1372}"
Foam-Medium,root,Foam-Medium/frame_0057.jpg,Foam-Medium/augmented/saturation/root/frame_0057__saturation.jpg,saturation,"{""factor"": 0.9834}"
Foam-Medium,root,Foam-Medium/frame_0057.jpg,Foam-Medium/augmented/zoom_translate/root/frame_0057__zoom_translate.jpg,zoom_translate,"{""shift_x_fraction"": -0.0303, ""shift_y_fraction"": 0.032, ""zoom"": 1.0473}"
Foam-Medium,root,Foam-Medium/frame_0058.jpg,Foam-Medium/augmented/small_rotation/root/frame_0058__small_rotation.jpg,small_rotation,"{""angle_degrees"": 4.5467}"
Foam-Medium,root,Foam-Medium/frame_0058.jpg,Foam-Medium/augmented/horizontal_flip/root/frame_0058__horizontal_flip.jpg,horizontal_flip,{}
Foam-Medium,root,Foam-Medium/frame_0058.jpg,Foam-Medium/augmented/brightness/root/frame_0058__brightness.jpg,brightness,"{""factor"": 1.1443}"
Foam-Medium,root,Foam-Medium/frame_0058.jpg,Foam-Medium/augmented/contrast/root/frame_0058__contrast.jpg,contrast,"{""factor"": 1.0157}"
Foam-Medium,root,Foam-Medium/frame_0058.jpg,Foam-Medium/augmented/saturation/root/frame_0058__saturation.jpg,saturation,"{""factor"": 0.9132}"
Foam-Medium,root,Foam-Medium/frame_0058.jpg,Foam-Medium/augmented/zoom_translate/root/frame_0058__zoom_translate.jpg,zoom_translate,"{""shift_x_fraction"": -0.0194, ""shift_y_fraction"": -0.0196, ""zoom"": 1.0328}"
Foam-Medium,root,Foam-Medium/frame_0059.jpg,Foam-Medium/augmented/small_rotation/root/frame_0059__small_rotation.jpg,small_rotation,"{""angle_degrees"": -4.7822}"
Foam-Medium,root,Foam-Medium/frame_0059.jpg,Foam-Medium/augmented/horizontal_flip/root/frame_0059__horizontal_flip.jpg,horizontal_flip,{}
Foam-Medium,root,Foam-Medium/frame_0059.jpg,Foam-Medium/augmented/brightness/root/frame_0059__brightness.jpg,brightness,"{""factor"": 0.921}"
Foam-Medium,root,Foam-Medium/frame_0059.jpg,Foam-Medium/augmented/contrast/root/frame_0059__contrast.jpg,contrast,"{""factor"": 0.9482}"
Foam-Medium,root,Foam-Medium/frame_0059.jpg,Foam-Medium/augmented/saturation/root/frame_0059__saturation.jpg,saturation,"{""factor"": 0.981}"
Foam-Medium,root,Foam-Medium/frame_0059.jpg,Foam-Medium/augmented/zoom_translate/root/frame_0059__zoom_translate.jpg,zoom_translate,"{""shift_x_fraction"": -0.0235, ""shift_y_fraction"": 0.0144, ""zoom"": 1.0757}"
Foam-Medium,root,Foam-Medium/frame_0060.jpg,Foam-Medium/augmented/small_rotation/root/frame_0060__small_rotation.jpg,small_rotation,"{""angle_degrees"": -5.8875}"
Foam-Medium,root,Foam-Medium/frame_0060.jpg,Foam-Medium/augmented/horizontal_flip/root/frame_0060__horizontal_flip.jpg,horizontal_flip,{}
Foam-Medium,root,Foam-Medium/frame_0060.jpg,Foam-Medium/augmented/brightness/root/frame_0060__brightness.jpg,brightness,"{""factor"": 0.888}"
Foam-Medium,root,Foam-Medium/frame_0060.jpg,Foam-Medium/augmented/contrast/root/frame_0060__contrast.jpg,contrast,"{""factor"": 1.0478}"
Foam-Medium,root,Foam-Medium/frame_0060.jpg,Foam-Medium/augmented/saturation/root/frame_0060__saturation.jpg,saturation,"{""factor"": 0.9238}"
Foam-Medium,root,Foam-Medium/frame_0060.jpg,Foam-Medium/augmented/zoom_translate/root/frame_0060__zoom_translate.jpg,zoom_translate,"{""shift_x_fraction"": 0.0121, ""shift_y_fraction"": 0.0254, ""zoom"": 1.0769}"
Foam-Medium,root,Foam-Medium/frame_0061.jpg,Foam-Medium/augmented/small_rotation/root/frame_0061__small_rotation.jpg,small_rotation,"{""angle_degrees"": 3.155}"
Foam-Medium,root,Foam-Medium/frame_0061.jpg,Foam-Medium/augmented/horizontal_flip/root/frame_0061__horizontal_flip.jpg,horizontal_flip,{}
Foam-Medium,root,Foam-Medium/frame_0061.jpg,Foam-Medium/augmented/brightness/root/frame_0061__brightness.jpg,brightness,"{""factor"": 0.9468}"
Foam-Medium,root,Foam-Medium/frame_0061.jpg,Foam-Medium/augmented/contrast/root/frame_0061__contrast.jpg,contrast,"{""factor"": 0.984}"
Foam-Medium,root,Foam-Medium/frame_0061.jpg,Foam-Medium/augmented/saturation/root/frame_0061__saturation.jpg,saturation,"{""factor"": 0.9725}"
Foam-Medium,root,Foam-Medium/frame_0061.jpg,Foam-Medium/augmented/zoom_translate/root/frame_0061__zoom_translate.jpg,zoom_translate,"{""shift_x_fraction"": -0.0068, ""shift_y_fraction"": 0.0207, ""zoom"": 1.0744}"
Foam-Medium,root,Foam-Medium/frame_0062.jpg,Foam-Medium/augmented/small_rotation/root/frame_0062__small_rotation.jpg,small_rotation,"{""angle_degrees"": 0.6426}"
Foam-Medium,root,Foam-Medium/frame_0062.jpg,Foam-Medium/augmented/horizontal_flip/root/frame_0062__horizontal_flip.jpg,horizontal_flip,{}
Foam-Medium,root,Foam-Medium/frame_0062.jpg,Foam-Medium/augmented/brightness/root/frame_0062__brightness.jpg,brightness,"{""factor"": 0.8888}"
Foam-Medium,root,Foam-Medium/frame_0062.jpg,Foam-Medium/augmented/contrast/root/frame_0062__contrast.jpg,contrast,"{""factor"": 1.138}"
Foam-Medium,root,Foam-Medium/frame_0062.jpg,Foam-Medium/augmented/saturation/root/frame_0062__saturation.jpg,saturation,"{""factor"": 0.9152}"
Foam-Medium,root,Foam-Medium/frame_0062.jpg,Foam-Medium/augmented/zoom_translate/root/frame_0062__zoom_translate.jpg,zoom_translate,"{""shift_x_fraction"": -0.0194, ""shift_y_fraction"": -0.0275, ""zoom"": 1.0107}"
Foam-Medium,root,Foam-Medium/frame_0063.jpg,Foam-Medium/augmented/small_rotation/root/frame_0063__small_rotation.jpg,small_rotation,"{""angle_degrees"": -1.8003}"
Foam-Medium,root,Foam-Medium/frame_0063.jpg,Foam-Medium/augmented/horizontal_flip/root/frame_0063__horizontal_flip.jpg,horizontal_flip,{}
Foam-Medium,root,Foam-Medium/frame_0063.jpg,Foam-Medium/augmented/brightness/root/frame_0063__brightness.jpg,brightness,"{""factor"": 1.0693}"
Foam-Medium,root,Foam-Medium/frame_0063.jpg,Foam-Medium/augmented/contrast/root/frame_0063__contrast.jpg,contrast,"{""factor"": 1.1065}"
Foam-Medium,root,Foam-Medium/frame_0063.jpg,Foam-Medium/augmented/saturation/root/frame_0063__saturation.jpg,saturation,"{""factor"": 0.9832}"
Foam-Medium,root,Foam-Medium/frame_0063.jpg,Foam-Medium/augmented/zoom_translate/root/frame_0063__zoom_translate.jpg,zoom_translate,"{""shift_x_fraction"": -0.0301, ""shift_y_fraction"": -0.0019, ""zoom"": 1.0286}"
Foam-Medium,root,Foam-Medium/frame_0064.jpg,Foam-Medium/augmented/small_rotation/root/frame_0064__small_rotation.jpg,small_rotation,"{""angle_degrees"": -3.552}"
Foam-Medium,root,Foam-Medium/frame_0064.jpg,Foam-Medium/augmented/horizontal_flip/root/frame_0064__horizontal_flip.jpg,horizontal_flip,{}
Foam-Medium,root,Foam-Medium/frame_0064.jpg,Foam-Medium/augmented/brightness/root/frame_0064__brightness.jpg,brightness,"{""factor"": 1.1048}"
Foam-Medium,root,Foam-Medium/frame_0064.jpg,Foam-Medium/augmented/contrast/root/frame_0064__contrast.jpg,contrast,"{""factor"": 1.127}"
Foam-Medium,root,Foam-Medium/frame_0064.jpg,Foam-Medium/augmented/saturation/root/frame_0064__saturation.jpg,saturation,"{""factor"": 0.9944}"
Foam-Medium,root,Foam-Medium/frame_0064.jpg,Foam-Medium/augmented/zoom_translate/root/frame_0064__zoom_translate.jpg,zoom_translate,"{""shift_x_fraction"": -0.0187, ""shift_y_fraction"": 0.0163, ""zoom"": 1.0435}"
Foam-Medium,root,Foam-Medium/frame_0065.jpg,Foam-Medium/augmented/small_rotation/root/frame_0065__small_rotation.jpg,small_rotation,"{""angle_degrees"": -4.1098}"
Foam-Medium,root,Foam-Medium/frame_0065.jpg,Foam-Medium/augmented/horizontal_flip/root/frame_0065__horizontal_flip.jpg,horizontal_flip,{}
Foam-Medium,root,Foam-Medium/frame_0065.jpg,Foam-Medium/augmented/brightness/root/frame_0065__brightness.jpg,brightness,"{""factor"": 1.0628}"
Foam-Medium,root,Foam-Medium/frame_0065.jpg,Foam-Medium/augmented/contrast/root/frame_0065__contrast.jpg,contrast,"{""factor"": 0.8943}"
Foam-Medium,root,Foam-Medium/frame_0065.jpg,Foam-Medium/augmented/saturation/root/frame_0065__saturation.jpg,saturation,"{""factor"": 0.9839}"
Foam-Medium,root,Foam-Medium/frame_0065.jpg,Foam-Medium/augmented/zoom_translate/root/frame_0065__zoom_translate.jpg,zoom_translate,"{""shift_x_fraction"": 0.0101, ""shift_y_fraction"": 0.0273, ""zoom"": 1.0542}"
Foam-Medium,root,Foam-Medium/frame_0066.jpg,Foam-Medium/augmented/small_rotation/root/frame_0066__small_rotation.jpg,small_rotation,"{""angle_degrees"": -6.4091}"
Foam-Medium,root,Foam-Medium/frame_0066.jpg,Foam-Medium/augmented/horizontal_flip/root/frame_0066__horizontal_flip.jpg,horizontal_flip,{}
Foam-Medium,root,Foam-Medium/frame_0066.jpg,Foam-Medium/augmented/brightness/root/frame_0066__brightness.jpg,brightness,"{""factor"": 1.0777}"
Foam-Medium,root,Foam-Medium/frame_0066.jpg,Foam-Medium/augmented/contrast/root/frame_0066__contrast.jpg,contrast,"{""factor"": 1.0856}"
Foam-Medium,root,Foam-Medium/frame_0066.jpg,Foam-Medium/augmented/saturation/root/frame_0066__saturation.jpg,saturation,"{""factor"": 0.9293}"
Foam-Medium,root,Foam-Medium/frame_0066.jpg,Foam-Medium/augmented/zoom_translate/root/frame_0066__zoom_translate.jpg,zoom_translate,"{""shift_x_fraction"": -0.0164, ""shift_y_fraction"": 0.0311, ""zoom"": 1.0733}"
Foam-Medium,root,Foam-Medium/frame_0067.jpg,Foam-Medium/augmented/small_rotation/root/frame_0067__small_rotation.jpg,small_rotation,"{""angle_degrees"": 7.784}"
Foam-Medium,root,Foam-Medium/frame_0067.jpg,Foam-Medium/augmented/horizontal_flip/root/frame_0067__horizontal_flip.jpg,horizontal_flip,{}
Foam-Medium,root,Foam-Medium/frame_0067.jpg,Foam-Medium/augmented/brightness/root/frame_0067__brightness.jpg,brightness,"{""factor"": 1.1062}"
Foam-Medium,root,Foam-Medium/frame_0067.jpg,Foam-Medium/augmented/contrast/root/frame_0067__contrast.jpg,contrast,"{""factor"": 0.9336}"
Foam-Medium,root,Foam-Medium/frame_0067.jpg,Foam-Medium/augmented/saturation/root/frame_0067__saturation.jpg,saturation,"{""factor"": 1.0135}"
Foam-Medium,root,Foam-Medium/frame_0067.jpg,Foam-Medium/augmented/zoom_translate/root/frame_0067__zoom_translate.jpg,zoom_translate,"{""shift_x_fraction"": -0.0336, ""shift_y_fraction"": -0.0203, ""zoom"": 1.0799}"
Foam-Medium,root,Foam-Medium/frame_0068.jpg,Foam-Medium/augmented/small_rotation/root/frame_0068__small_rotation.jpg,small_rotation,"{""angle_degrees"": -5.6293}"
Foam-Medium,root,Foam-Medium/frame_0068.jpg,Foam-Medium/augmented/horizontal_flip/root/frame_0068__horizontal_flip.jpg,horizontal_flip,{}
Foam-Medium,root,Foam-Medium/frame_0068.jpg,Foam-Medium/augmented/brightness/root/frame_0068__brightness.jpg,brightness,"{""factor"": 1.0832}"
Foam-Medium,root,Foam-Medium/frame_0068.jpg,Foam-Medium/augmented/contrast/root/frame_0068__contrast.jpg,contrast,"{""factor"": 0.8877}"
Foam-Medium,root,Foam-Medium/frame_0068.jpg,Foam-Medium/augmented/saturation/root/frame_0068__saturation.jpg,saturation,"{""factor"": 0.9171}"
Foam-Medium,root,Foam-Medium/frame_0068.jpg,Foam-Medium/augmented/zoom_translate/root/frame_0068__zoom_translate.jpg,zoom_translate,"{""shift_x_fraction"": -0.0342, ""shift_y_fraction"": -0.0316, ""zoom"": 1.0482}"
Foam-Medium,root,Foam-Medium/frame_0069.jpg,Foam-Medium/augmented/small_rotation/root/frame_0069__small_rotation.jpg,small_rotation,"{""angle_degrees"": 0.7024}"
Foam-Medium,root,Foam-Medium/frame_0069.jpg,Foam-Medium/augmented/horizontal_flip/root/frame_0069__horizontal_flip.jpg,horizontal_flip,{}
Foam-Medium,root,Foam-Medium/frame_0069.jpg,Foam-Medium/augmented/brightness/root/frame_0069__brightness.jpg,brightness,"{""factor"": 1.1239}"
Foam-Medium,root,Foam-Medium/frame_0069.jpg,Foam-Medium/augmented/contrast/root/frame_0069__contrast.jpg,contrast,"{""factor"": 0.8797}"
Foam-Medium,root,Foam-Medium/frame_0069.jpg,Foam-Medium/augmented/saturation/root/frame_0069__saturation.jpg,saturation,"{""factor"": 0.9645}"
Foam-Medium,root,Foam-Medium/frame_0069.jpg,Foam-Medium/augmented/zoom_translate/root/frame_0069__zoom_translate.jpg,zoom_translate,"{""shift_x_fraction"": 0.0137, ""shift_y_fraction"": 0.0295, ""zoom"": 1.0763}"
Foam-Medium,root,Foam-Medium/frame_0070.jpg,Foam-Medium/augmented/small_rotation/root/frame_0070__small_rotation.jpg,small_rotation,"{""angle_degrees"": 1.686}"
Foam-Medium,root,Foam-Medium/frame_0070.jpg,Foam-Medium/augmented/horizontal_flip/root/frame_0070__horizontal_flip.jpg,horizontal_flip,{}
Foam-Medium,root,Foam-Medium/frame_0070.jpg,Foam-Medium/augmented/brightness/root/frame_0070__brightness.jpg,brightness,"{""factor"": 1.0208}"
Foam-Medium,root,Foam-Medium/frame_0070.jpg,Foam-Medium/augmented/contrast/root/frame_0070__contrast.jpg,contrast,"{""factor"": 1.0094}"
Foam-Medium,root,Foam-Medium/frame_0070.jpg,Foam-Medium/augmented/saturation/root/frame_0070__saturation.jpg,saturation,"{""factor"": 0.946}"
Foam-Medium,root,Foam-Medium/frame_0070.jpg,Foam-Medium/augmented/zoom_translate/root/frame_0070__zoom_translate.jpg,zoom_translate,"{""shift_x_fraction"": 0.0291, ""shift_y_fraction"": 0.0002, ""zoom"": 1.0681}"
Foam-Medium,root,Foam-Medium/frame_0071.jpg,Foam-Medium/augmented/small_rotation/root/frame_0071__small_rotation.jpg,small_rotation,"{""angle_degrees"": -4.1955}"
Foam-Medium,root,Foam-Medium/frame_0071.jpg,Foam-Medium/augmented/horizontal_flip/root/frame_0071__horizontal_flip.jpg,horizontal_flip,{}
Foam-Medium,root,Foam-Medium/frame_0071.jpg,Foam-Medium/augmented/brightness/root/frame_0071__brightness.jpg,brightness,"{""factor"": 0.956}"
Foam-Medium,root,Foam-Medium/frame_0071.jpg,Foam-Medium/augmented/contrast/root/frame_0071__contrast.jpg,contrast,"{""factor"": 1.0021}"
Foam-Medium,root,Foam-Medium/frame_0071.jpg,Foam-Medium/augmented/saturation/root/frame_0071__saturation.jpg,saturation,"{""factor"": 0.9718}"
Foam-Medium,root,Foam-Medium/frame_0071.jpg,Foam-Medium/augmented/zoom_translate/root/frame_0071__zoom_translate.jpg,zoom_translate,"{""shift_x_fraction"": -0.0226, ""shift_y_fraction"": 0.0314, ""zoom"": 1.0325}"
Foam-Medium,root,Foam-Medium/frame_0072.jpg,Foam-Medium/augmented/small_rotation/root/frame_0072__small_rotation.jpg,small_rotation,"{""angle_degrees"": -5.7704}"
Foam-Medium,root,Foam-Medium/frame_0072.jpg,Foam-Medium/augmented/horizontal_flip/root/frame_0072__horizontal_flip.jpg,horizontal_flip,{}
Foam-Medium,root,Foam-Medium/frame_0072.jpg,Foam-Medium/augmented/brightness/root/frame_0072__brightness.jpg,brightness,"{""factor"": 0.8905}"
Foam-Medium,root,Foam-Medium/frame_0072.jpg,Foam-Medium/augmented/contrast/root/frame_0072__contrast.jpg,contrast,"{""factor"": 0.9893}"
Foam-Medium,root,Foam-Medium/frame_0072.jpg,Foam-Medium/augmented/saturation/root/frame_0072__saturation.jpg,saturation,"{""factor"": 1.0374}"
Foam-Medium,root,Foam-Medium/frame_0072.jpg,Foam-Medium/augmented/zoom_translate/root/frame_0072__zoom_translate.jpg,zoom_translate,"{""shift_x_fraction"": -0.0213, ""shift_y_fraction"": 0.0236, ""zoom"": 1.0147}"
Foam-Medium,root,Foam-Medium/frame_0073.jpg,Foam-Medium/augmented/small_rotation/root/frame_0073__small_rotation.jpg,small_rotation,"{""angle_degrees"": -5.5663}"
Foam-Medium,root,Foam-Medium/frame_0073.jpg,Foam-Medium/augmented/horizontal_flip/root/frame_0073__horizontal_flip.jpg,horizontal_flip,{}
Foam-Medium,root,Foam-Medium/frame_0073.jpg,Foam-Medium/augmented/brightness/root/frame_0073__brightness.jpg,brightness,"{""factor"": 0.9184}"
Foam-Medium,root,Foam-Medium/frame_0073.jpg,Foam-Medium/augmented/contrast/root/frame_0073__contrast.jpg,contrast,"{""factor"": 0.9884}"
Foam-Medium,root,Foam-Medium/frame_0073.jpg,Foam-Medium/augmented/saturation/root/frame_0073__saturation.jpg,saturation,"{""factor"": 0.9417}"
Foam-Medium,root,Foam-Medium/frame_0073.jpg,Foam-Medium/augmented/zoom_translate/root/frame_0073__zoom_translate.jpg,zoom_translate,"{""shift_x_fraction"": 0.0069, ""shift_y_fraction"": -0.0032, ""zoom"": 1.0571}"
Foam-Medium,root,Foam-Medium/frame_0074.jpg,Foam-Medium/augmented/small_rotation/root/frame_0074__small_rotation.jpg,small_rotation,"{""angle_degrees"": 6.1776}"
Foam-Medium,root,Foam-Medium/frame_0074.jpg,Foam-Medium/augmented/horizontal_flip/root/frame_0074__horizontal_flip.jpg,horizontal_flip,{}
Foam-Medium,root,Foam-Medium/frame_0074.jpg,Foam-Medium/augmented/brightness/root/frame_0074__brightness.jpg,brightness,"{""factor"": 0.9682}"
Foam-Medium,root,Foam-Medium/frame_0074.jpg,Foam-Medium/augmented/contrast/root/frame_0074__contrast.jpg,contrast,"{""factor"": 1.0725}"
Foam-Medium,root,Foam-Medium/frame_0074.jpg,Foam-Medium/augmented/saturation/root/frame_0074__saturation.jpg,saturation,"{""factor"": 1.0796}"
Foam-Medium,root,Foam-Medium/frame_0074.jpg,Foam-Medium/augmented/zoom_translate/root/frame_0074__zoom_translate.jpg,zoom_translate,"{""shift_x_fraction"": -0.0238, ""shift_y_fraction"": -0.0164, ""zoom"": 1.0003}"
Foam-Medium,root,Foam-Medium/frame_0075.jpg,Foam-Medium/augmented/small_rotation/root/frame_0075__small_rotation.jpg,small_rotation,"{""angle_degrees"": 2.7107}"
Foam-Medium,root,Foam-Medium/frame_0075.jpg,Foam-Medium/augmented/horizontal_flip/root/frame_0075__horizontal_flip.jpg,horizontal_flip,{}
Foam-Medium,root,Foam-Medium/frame_0075.jpg,Foam-Medium/augmented/brightness/root/frame_0075__brightness.jpg,brightness,"{""factor"": 0.9954}"
Foam-Medium,root,Foam-Medium/frame_0075.jpg,Foam-Medium/augmented/contrast/root/frame_0075__contrast.jpg,contrast,"{""factor"": 0.9311}"
Foam-Medium,root,Foam-Medium/frame_0075.jpg,Foam-Medium/augmented/saturation/root/frame_0075__saturation.jpg,saturation,"{""factor"": 0.9184}"
Foam-Medium,root,Foam-Medium/frame_0075.jpg,Foam-Medium/augmented/zoom_translate/root/frame_0075__zoom_translate.jpg,zoom_translate,"{""shift_x_fraction"": 0.0209, ""shift_y_fraction"": -0.0315, ""zoom"": 1.0655}"
Foam-Medium,root,Foam-Medium/frame_0076.jpg,Foam-Medium/augmented/small_rotation/root/frame_0076__small_rotation.jpg,small_rotation,"{""angle_degrees"": -1.0151}"
Foam-Medium,root,Foam-Medium/frame_0076.jpg,Foam-Medium/augmented/horizontal_flip/root/frame_0076__horizontal_flip.jpg,horizontal_flip,{}
Foam-Medium,root,Foam-Medium/frame_0076.jpg,Foam-Medium/augmented/brightness/root/frame_0076__brightness.jpg,brightness,"{""factor"": 0.9474}"
Foam-Medium,root,Foam-Medium/frame_0076.jpg,Foam-Medium/augmented/contrast/root/frame_0076__contrast.jpg,contrast,"{""factor"": 1.0872}"
Foam-Medium,root,Foam-Medium/frame_0076.jpg,Foam-Medium/augmented/saturation/root/frame_0076__saturation.jpg,saturation,"{""factor"": 0.9562}"
Foam-Medium,root,Foam-Medium/frame_0076.jpg,Foam-Medium/augmented/zoom_translate/root/frame_0076__zoom_translate.jpg,zoom_translate,"{""shift_x_fraction"": 0.0072, ""shift_y_fraction"": -0.0111, ""zoom"": 1.0036}"
Foam-Medium,root,Foam-Medium/frame_0077.jpg,Foam-Medium/augmented/small_rotation/root/frame_0077__small_rotation.jpg,small_rotation,"{""angle_degrees"": -3.0783}"
Foam-Medium,root,Foam-Medium/frame_0077.jpg,Foam-Medium/augmented/horizontal_flip/root/frame_0077__horizontal_flip.jpg,horizontal_flip,{}
Foam-Medium,root,Foam-Medium/frame_0077.jpg,Foam-Medium/augmented/brightness/root/frame_0077__brightness.jpg,brightness,"{""factor"": 0.9529}"
Foam-Medium,root,Foam-Medium/frame_0077.jpg,Foam-Medium/augmented/contrast/root/frame_0077__contrast.jpg,contrast,"{""factor"": 0.943}"
Foam-Medium,root,Foam-Medium/frame_0077.jpg,Foam-Medium/augmented/saturation/root/frame_0077__saturation.jpg,saturation,"{""factor"": 0.9505}"
Foam-Medium,root,Foam-Medium/frame_0077.jpg,Foam-Medium/augmented/zoom_translate/root/frame_0077__zoom_translate.jpg,zoom_translate,"{""shift_x_fraction"": -0.0066, ""shift_y_fraction"": 0.0133, ""zoom"": 1.0063}"
Foam-Medium,root,Foam-Medium/frame_0078.jpg,Foam-Medium/augmented/small_rotation/root/frame_0078__small_rotation.jpg,small_rotation,"{""angle_degrees"": 5.0597}"
Foam-Medium,root,Foam-Medium/frame_0078.jpg,Foam-Medium/augmented/horizontal_flip/root/frame_0078__horizontal_flip.jpg,horizontal_flip,{}
Foam-Medium,root,Foam-Medium/frame_0078.jpg,Foam-Medium/augmented/brightness/root/frame_0078__brightness.jpg,brightness,"{""factor"": 1.0865}"
Foam-Medium,root,Foam-Medium/frame_0078.jpg,Foam-Medium/augmented/contrast/root/frame_0078__contrast.jpg,contrast,"{""factor"": 1.0158}"
Foam-Medium,root,Foam-Medium/frame_0078.jpg,Foam-Medium/augmented/saturation/root/frame_0078__saturation.jpg,saturation,"{""factor"": 1.0555}"
Foam-Medium,root,Foam-Medium/frame_0078.jpg,Foam-Medium/augmented/zoom_translate/root/frame_0078__zoom_translate.jpg,zoom_translate,"{""shift_x_fraction"": 0.033, ""shift_y_fraction"": -0.0095, ""zoom"": 1.064}"
Foam-Medium,root,Foam-Medium/frame_0079.jpg,Foam-Medium/augmented/small_rotation/root/frame_0079__small_rotation.jpg,small_rotation,"{""angle_degrees"": -1.7146}"
Foam-Medium,root,Foam-Medium/frame_0079.jpg,Foam-Medium/augmented/horizontal_flip/root/frame_0079__horizontal_flip.jpg,horizontal_flip,{}
Foam-Medium,root,Foam-Medium/frame_0079.jpg,Foam-Medium/augmented/brightness/root/frame_0079__brightness.jpg,brightness,"{""factor"": 0.9255}"
Foam-Medium,root,Foam-Medium/frame_0079.jpg,Foam-Medium/augmented/contrast/root/frame_0079__contrast.jpg,contrast,"{""factor"": 0.8858}"
Foam-Medium,root,Foam-Medium/frame_0079.jpg,Foam-Medium/augmented/saturation/root/frame_0079__saturation.jpg,saturation,"{""factor"": 0.9421}"
Foam-Medium,root,Foam-Medium/frame_0079.jpg,Foam-Medium/augmented/zoom_translate/root/frame_0079__zoom_translate.jpg,zoom_translate,"{""shift_x_fraction"": -0.0001, ""shift_y_fraction"": 0.0183, ""zoom"": 1.0339}"
Foam-Medium,root,Foam-Medium/frame_0080.jpg,Foam-Medium/augmented/small_rotation/root/frame_0080__small_rotation.jpg,small_rotation,"{""angle_degrees"": -6.6315}"
Foam-Medium,root,Foam-Medium/frame_0080.jpg,Foam-Medium/augmented/horizontal_flip/root/frame_0080__horizontal_flip.jpg,horizontal_flip,{}
Foam-Medium,root,Foam-Medium/frame_0080.jpg,Foam-Medium/augmented/brightness/root/frame_0080__brightness.jpg,brightness,"{""factor"": 0.8816}"
Foam-Medium,root,Foam-Medium/frame_0080.jpg,Foam-Medium/augmented/contrast/root/frame_0080__contrast.jpg,contrast,"{""factor"": 0.8536}"
Foam-Medium,root,Foam-Medium/frame_0080.jpg,Foam-Medium/augmented/saturation/root/frame_0080__saturation.jpg,saturation,"{""factor"": 0.9973}"
Foam-Medium,root,Foam-Medium/frame_0080.jpg,Foam-Medium/augmented/zoom_translate/root/frame_0080__zoom_translate.jpg,zoom_translate,"{""shift_x_fraction"": 0.0339, ""shift_y_fraction"": -0.0253, ""zoom"": 1.0319}"
Foam-Medium,root,Foam-Medium/frame_0081.jpg,Foam-Medium/augmented/small_rotation/root/frame_0081__small_rotation.jpg,small_rotation,"{""angle_degrees"": 1.1778}"
Foam-Medium,root,Foam-Medium/frame_0081.jpg,Foam-Medium/augmented/horizontal_flip/root/frame_0081__horizontal_flip.jpg,horizontal_flip,{}
Foam-Medium,root,Foam-Medium/frame_0081.jpg,Foam-Medium/augmented/brightness/root/frame_0081__brightness.jpg,brightness,"{""factor"": 1.0256}"
Foam-Medium,root,Foam-Medium/frame_0081.jpg,Foam-Medium/augmented/contrast/root/frame_0081__contrast.jpg,contrast,"{""factor"": 1.1183}"
Foam-Medium,root,Foam-Medium/frame_0081.jpg,Foam-Medium/augmented/saturation/root/frame_0081__saturation.jpg,saturation,"{""factor"": 1.0943}"
Foam-Medium,root,Foam-Medium/frame_0081.jpg,Foam-Medium/augmented/zoom_translate/root/frame_0081__zoom_translate.jpg,zoom_translate,"{""shift_x_fraction"": 0.0017, ""shift_y_fraction"": 0.0089, ""zoom"": 1.0344}"
Foam-Medium,root,Foam-Medium/frame_0082.jpg,Foam-Medium/augmented/small_rotation/root/frame_0082__small_rotation.jpg,small_rotation,"{""angle_degrees"": 2.3995}"
Foam-Medium,root,Foam-Medium/frame_0082.jpg,Foam-Medium/augmented/horizontal_flip/root/frame_0082__horizontal_flip.jpg,horizontal_flip,{}
Foam-Medium,root,Foam-Medium/frame_0082.jpg,Foam-Medium/augmented/brightness/root/frame_0082__brightness.jpg,brightness,"{""factor"": 0.9533}"
Foam-Medium,root,Foam-Medium/frame_0082.jpg,Foam-Medium/augmented/contrast/root/frame_0082__contrast.jpg,contrast,"{""factor"": 0.9829}"
Foam-Medium,root,Foam-Medium/frame_0082.jpg,Foam-Medium/augmented/saturation/root/frame_0082__saturation.jpg,saturation,"{""factor"": 1.0775}"
Foam-Medium,root,Foam-Medium/frame_0082.jpg,Foam-Medium/augmented/zoom_translate/root/frame_0082__zoom_translate.jpg,zoom_translate,"{""shift_x_fraction"": 0.0061, ""shift_y_fraction"": -0.001, ""zoom"": 1.0334}"
Foam-Medium,root,Foam-Medium/frame_0083.jpg,Foam-Medium/augmented/small_rotation/root/frame_0083__small_rotation.jpg,small_rotation,"{""angle_degrees"": 2.8579}"
Foam-Medium,root,Foam-Medium/frame_0083.jpg,Foam-Medium/augmented/horizontal_flip/root/frame_0083__horizontal_flip.jpg,horizontal_flip,{}
Foam-Medium,root,Foam-Medium/frame_0083.jpg,Foam-Medium/augmented/brightness/root/frame_0083__brightness.jpg,brightness,"{""factor"": 1.0582}"
Foam-Medium,root,Foam-Medium/frame_0083.jpg,Foam-Medium/augmented/contrast/root/frame_0083__contrast.jpg,contrast,"{""factor"": 0.9205}"
Foam-Medium,root,Foam-Medium/frame_0083.jpg,Foam-Medium/augmented/saturation/root/frame_0083__saturation.jpg,saturation,"{""factor"": 1.0623}"
Foam-Medium,root,Foam-Medium/frame_0083.jpg,Foam-Medium/augmented/zoom_translate/root/frame_0083__zoom_translate.jpg,zoom_translate,"{""shift_x_fraction"": -0.0176, ""shift_y_fraction"": 0.0265, ""zoom"": 1.0153}"
Foam-Medium,root,Foam-Medium/frame_0084.jpg,Foam-Medium/augmented/small_rotation/root/frame_0084__small_rotation.jpg,small_rotation,"{""angle_degrees"": -3.2207}"
Foam-Medium,root,Foam-Medium/frame_0084.jpg,Foam-Medium/augmented/horizontal_flip/root/frame_0084__horizontal_flip.jpg,horizontal_flip,{}
Foam-Medium,root,Foam-Medium/frame_0084.jpg,Foam-Medium/augmented/brightness/root/frame_0084__brightness.jpg,brightness,"{""factor"": 1.0227}"
Foam-Medium,root,Foam-Medium/frame_0084.jpg,Foam-Medium/augmented/contrast/root/frame_0084__contrast.jpg,contrast,"{""factor"": 1.0161}"
Foam-Medium,root,Foam-Medium/frame_0084.jpg,Foam-Medium/augmented/saturation/root/frame_0084__saturation.jpg,saturation,"{""factor"": 0.9833}"
Foam-Medium,root,Foam-Medium/frame_0084.jpg,Foam-Medium/augmented/zoom_translate/root/frame_0084__zoom_translate.jpg,zoom_translate,"{""shift_x_fraction"": 0.0241, ""shift_y_fraction"": 0.0274, ""zoom"": 1.078}"
Foam-Medium,root,Foam-Medium/frame_0085.jpg,Foam-Medium/augmented/small_rotation/root/frame_0085__small_rotation.jpg,small_rotation,"{""angle_degrees"": -6.8161}"
Foam-Medium,root,Foam-Medium/frame_0085.jpg,Foam-Medium/augmented/horizontal_flip/root/frame_0085__horizontal_flip.jpg,horizontal_flip,{}
Foam-Medium,root,Foam-Medium/frame_0085.jpg,Foam-Medium/augmented/brightness/root/frame_0085__brightness.jpg,brightness,"{""factor"": 1.0}"
Foam-Medium,root,Foam-Medium/frame_0085.jpg,Foam-Medium/augmented/contrast/root/frame_0085__contrast.jpg,contrast,"{""factor"": 1.0615}"
Foam-Medium,root,Foam-Medium/frame_0085.jpg,Foam-Medium/augmented/saturation/root/frame_0085__saturation.jpg,saturation,"{""factor"": 0.9214}"
Foam-Medium,root,Foam-Medium/frame_0085.jpg,Foam-Medium/augmented/zoom_translate/root/frame_0085__zoom_translate.jpg,zoom_translate,"{""shift_x_fraction"": 0.0136, ""shift_y_fraction"": 0.0224, ""zoom"": 1.0414}"
Foam-Medium,root,Foam-Medium/frame_0086.jpg,Foam-Medium/augmented/small_rotation/root/frame_0086__small_rotation.jpg,small_rotation,"{""angle_degrees"": -3.2771}"
Foam-Medium,root,Foam-Medium/frame_0086.jpg,Foam-Medium/augmented/horizontal_flip/root/frame_0086__horizontal_flip.jpg,horizontal_flip,{}
Foam-Medium,root,Foam-Medium/frame_0086.jpg,Foam-Medium/augmented/brightness/root/frame_0086__brightness.jpg,brightness,"{""factor"": 0.9149}"
Foam-Medium,root,Foam-Medium/frame_0086.jpg,Foam-Medium/augmented/contrast/root/frame_0086__contrast.jpg,contrast,"{""factor"": 1.1211}"
Foam-Medium,root,Foam-Medium/frame_0086.jpg,Foam-Medium/augmented/saturation/root/frame_0086__saturation.jpg,saturation,"{""factor"": 1.0146}"
Foam-Medium,root,Foam-Medium/frame_0086.jpg,Foam-Medium/augmented/zoom_translate/root/frame_0086__zoom_translate.jpg,zoom_translate,"{""shift_x_fraction"": 0.0056, ""shift_y_fraction"": -0.0182, ""zoom"": 1.0108}"
Foam-Medium,root,Foam-Medium/frame_0087.jpg,Foam-Medium/augmented/small_rotation/root/frame_0087__small_rotation.jpg,small_rotation,"{""angle_degrees"": 5.3204}"
Foam-Medium,root,Foam-Medium/frame_0087.jpg,Foam-Medium/augmented/horizontal_flip/root/frame_0087__horizontal_flip.jpg,horizontal_flip,{}
Foam-Medium,root,Foam-Medium/frame_0087.jpg,Foam-Medium/augmented/brightness/root/frame_0087__brightness.jpg,brightness,"{""factor"": 0.9948}"
Foam-Medium,root,Foam-Medium/frame_0087.jpg,Foam-Medium/augmented/contrast/root/frame_0087__contrast.jpg,contrast,"{""factor"": 0.9314}"
Foam-Medium,root,Foam-Medium/frame_0087.jpg,Foam-Medium/augmented/saturation/root/frame_0087__saturation.jpg,saturation,"{""factor"": 1.09}"
Foam-Medium,root,Foam-Medium/frame_0087.jpg,Foam-Medium/augmented/zoom_translate/root/frame_0087__zoom_translate.jpg,zoom_translate,"{""shift_x_fraction"": -0.0036, ""shift_y_fraction"": 0.0258, ""zoom"": 1.0049}"
Foam-Medium,root,Foam-Medium/frame_0088.jpg,Foam-Medium/augmented/small_rotation/root/frame_0088__small_rotation.jpg,small_rotation,"{""angle_degrees"": 4.6297}"
Foam-Medium,root,Foam-Medium/frame_0088.jpg,Foam-Medium/augmented/horizontal_flip/root/frame_0088__horizontal_flip.jpg,horizontal_flip,{}
Foam-Medium,root,Foam-Medium/frame_0088.jpg,Foam-Medium/augmented/brightness/root/frame_0088__brightness.jpg,brightness,"{""factor"": 0.8849}"
Foam-Medium,root,Foam-Medium/frame_0088.jpg,Foam-Medium/augmented/contrast/root/frame_0088__contrast.jpg,contrast,"{""factor"": 0.9632}"
Foam-Medium,root,Foam-Medium/frame_0088.jpg,Foam-Medium/augmented/saturation/root/frame_0088__saturation.jpg,saturation,"{""factor"": 1.0146}"
Foam-Medium,root,Foam-Medium/frame_0088.jpg,Foam-Medium/augmented/zoom_translate/root/frame_0088__zoom_translate.jpg,zoom_translate,"{""shift_x_fraction"": 0.0068, ""shift_y_fraction"": 0.023, ""zoom"": 1.0644}"
Foam-Medium,root,Foam-Medium/frame_0089.jpg,Foam-Medium/augmented/small_rotation/root/frame_0089__small_rotation.jpg,small_rotation,"{""angle_degrees"": -6.712}"
Foam-Medium,root,Foam-Medium/frame_0089.jpg,Foam-Medium/augmented/horizontal_flip/root/frame_0089__horizontal_flip.jpg,horizontal_flip,{}
Foam-Medium,root,Foam-Medium/frame_0089.jpg,Foam-Medium/augmented/brightness/root/frame_0089__brightness.jpg,brightness,"{""factor"": 0.9387}"
Foam-Medium,root,Foam-Medium/frame_0089.jpg,Foam-Medium/augmented/contrast/root/frame_0089__contrast.jpg,contrast,"{""factor"": 1.0229}"
Foam-Medium,root,Foam-Medium/frame_0089.jpg,Foam-Medium/augmented/saturation/root/frame_0089__saturation.jpg,saturation,"{""factor"": 1.0195}"
Foam-Medium,root,Foam-Medium/frame_0089.jpg,Foam-Medium/augmented/zoom_translate/root/frame_0089__zoom_translate.jpg,zoom_translate,"{""shift_x_fraction"": -0.0016, ""shift_y_fraction"": 0.0034, ""zoom"": 1.0271}"
Foam-Medium,root,Foam-Medium/frame_0090.jpg,Foam-Medium/augmented/small_rotation/root/frame_0090__small_rotation.jpg,small_rotation,"{""angle_degrees"": -7.9164}"
Foam-Medium,root,Foam-Medium/frame_0090.jpg,Foam-Medium/augmented/horizontal_flip/root/frame_0090__horizontal_flip.jpg,horizontal_flip,{}
Foam-Medium,root,Foam-Medium/frame_0090.jpg,Foam-Medium/augmented/brightness/root/frame_0090__brightness.jpg,brightness,"{""factor"": 1.0404}"
Foam-Medium,root,Foam-Medium/frame_0090.jpg,Foam-Medium/augmented/contrast/root/frame_0090__contrast.jpg,contrast,"{""factor"": 1.1405}"
Foam-Medium,root,Foam-Medium/frame_0090.jpg,Foam-Medium/augmented/saturation/root/frame_0090__saturation.jpg,saturation,"{""factor"": 1.0721}"
Foam-Medium,root,Foam-Medium/frame_0090.jpg,Foam-Medium/augmented/zoom_translate/root/frame_0090__zoom_translate.jpg,zoom_translate,"{""shift_x_fraction"": 0.0042, ""shift_y_fraction"": 0.0031, ""zoom"": 1.0186}"
Foam-Medium,root,Foam-Medium/frame_0091.jpg,Foam-Medium/augmented/small_rotation/root/frame_0091__small_rotation.jpg,small_rotation,"{""angle_degrees"": -0.432}"
Foam-Medium,root,Foam-Medium/frame_0091.jpg,Foam-Medium/augmented/horizontal_flip/root/frame_0091__horizontal_flip.jpg,horizontal_flip,{}
Foam-Medium,root,Foam-Medium/frame_0091.jpg,Foam-Medium/augmented/brightness/root/frame_0091__brightness.jpg,brightness,"{""factor"": 1.1144}"
Foam-Medium,root,Foam-Medium/frame_0091.jpg,Foam-Medium/augmented/contrast/root/frame_0091__contrast.jpg,contrast,"{""factor"": 1.1198}"
Foam-Medium,root,Foam-Medium/frame_0091.jpg,Foam-Medium/augmented/saturation/root/frame_0091__saturation.jpg,saturation,"{""factor"": 1.0826}"
Foam-Medium,root,Foam-Medium/frame_0091.jpg,Foam-Medium/augmented/zoom_translate/root/frame_0091__zoom_translate.jpg,zoom_translate,"{""shift_x_fraction"": -0.0154, ""shift_y_fraction"": 0.0143, ""zoom"": 1.0148}"
Foam-Medium,root,Foam-Medium/frame_0092.jpg,Foam-Medium/augmented/small_rotation/root/frame_0092__small_rotation.jpg,small_rotation,"{""angle_degrees"": -6.3019}"
Foam-Medium,root,Foam-Medium/frame_0092.jpg,Foam-Medium/augmented/horizontal_flip/root/frame_0092__horizontal_flip.jpg,horizontal_flip,{}
Foam-Medium,root,Foam-Medium/frame_0092.jpg,Foam-Medium/augmented/brightness/root/frame_0092__brightness.jpg,brightness,"{""factor"": 1.1334}"
Foam-Medium,root,Foam-Medium/frame_0092.jpg,Foam-Medium/augmented/contrast/root/frame_0092__contrast.jpg,contrast,"{""factor"": 1.0694}"
Foam-Medium,root,Foam-Medium/frame_0092.jpg,Foam-Medium/augmented/saturation/root/frame_0092__saturation.jpg,saturation,"{""factor"": 1.0449}"
Foam-Medium,root,Foam-Medium/frame_0092.jpg,Foam-Medium/augmented/zoom_translate/root/frame_0092__zoom_translate.jpg,zoom_translate,"{""shift_x_fraction"": -0.0001, ""shift_y_fraction"": -0.0142, ""zoom"": 1.016}"
Foam-Medium,root,Foam-Medium/frame_0093.jpg,Foam-Medium/augmented/small_rotation/root/frame_0093__small_rotation.jpg,small_rotation,"{""angle_degrees"": 3.5978}"
Foam-Medium,root,Foam-Medium/frame_0093.jpg,Foam-Medium/augmented/horizontal_flip/root/frame_0093__horizontal_flip.jpg,horizontal_flip,{}
Foam-Medium,root,Foam-Medium/frame_0093.jpg,Foam-Medium/augmented/brightness/root/frame_0093__brightness.jpg,brightness,"{""factor"": 0.9072}"
Foam-Medium,root,Foam-Medium/frame_0093.jpg,Foam-Medium/augmented/contrast/root/frame_0093__contrast.jpg,contrast,"{""factor"": 0.9709}"
Foam-Medium,root,Foam-Medium/frame_0093.jpg,Foam-Medium/augmented/saturation/root/frame_0093__saturation.jpg,saturation,"{""factor"": 1.0381}"
Foam-Medium,root,Foam-Medium/frame_0093.jpg,Foam-Medium/augmented/zoom_translate/root/frame_0093__zoom_translate.jpg,zoom_translate,"{""shift_x_fraction"": 0.0205, ""shift_y_fraction"": 0.0156, ""zoom"": 1.0069}"
Foam-Medium,root,Foam-Medium/frame_0094.jpg,Foam-Medium/augmented/small_rotation/root/frame_0094__small_rotation.jpg,small_rotation,"{""angle_degrees"": -7.5442}"
Foam-Medium,root,Foam-Medium/frame_0094.jpg,Foam-Medium/augmented/horizontal_flip/root/frame_0094__horizontal_flip.jpg,horizontal_flip,{}
Foam-Medium,root,Foam-Medium/frame_0094.jpg,Foam-Medium/augmented/brightness/root/frame_0094__brightness.jpg,brightness,"{""factor"": 1.0299}"
Foam-Medium,root,Foam-Medium/frame_0094.jpg,Foam-Medium/augmented/contrast/root/frame_0094__contrast.jpg,contrast,"{""factor"": 0.9078}"
Foam-Medium,root,Foam-Medium/frame_0094.jpg,Foam-Medium/augmented/saturation/root/frame_0094__saturation.jpg,saturation,"{""factor"": 1.0447}"
Foam-Medium,root,Foam-Medium/frame_0094.jpg,Foam-Medium/augmented/zoom_translate/root/frame_0094__zoom_translate.jpg,zoom_translate,"{""shift_x_fraction"": -0.0096, ""shift_y_fraction"": 0.0028, ""zoom"": 1.017}"
Foam-Medium,root,Foam-Medium/frame_0095.jpg,Foam-Medium/augmented/small_rotation/root/frame_0095__small_rotation.jpg,small_rotation,"{""angle_degrees"": -5.8685}"
Foam-Medium,root,Foam-Medium/frame_0095.jpg,Foam-Medium/augmented/horizontal_flip/root/frame_0095__horizontal_flip.jpg,horizontal_flip,{}
Foam-Medium,root,Foam-Medium/frame_0095.jpg,Foam-Medium/augmented/brightness/root/frame_0095__brightness.jpg,brightness,"{""factor"": 1.0804}"
Foam-Medium,root,Foam-Medium/frame_0095.jpg,Foam-Medium/augmented/contrast/root/frame_0095__contrast.jpg,contrast,"{""factor"": 1.0083}"
Foam-Medium,root,Foam-Medium/frame_0095.jpg,Foam-Medium/augmented/saturation/root/frame_0095__saturation.jpg,saturation,"{""factor"": 1.0179}"
Foam-Medium,root,Foam-Medium/frame_0095.jpg,Foam-Medium/augmented/zoom_translate/root/frame_0095__zoom_translate.jpg,zoom_translate,"{""shift_x_fraction"": 0.0186, ""shift_y_fraction"": 0.0317, ""zoom"": 1.042}"
Foam-Medium,root,Foam-Medium/frame_0096.jpg,Foam-Medium/augmented/small_rotation/root/frame_0096__small_rotation.jpg,small_rotation,"{""angle_degrees"": -5.5289}"
Foam-Medium,root,Foam-Medium/frame_0096.jpg,Foam-Medium/augmented/horizontal_flip/root/frame_0096__horizontal_flip.jpg,horizontal_flip,{}
Foam-Medium,root,Foam-Medium/frame_0096.jpg,Foam-Medium/augmented/brightness/root/frame_0096__brightness.jpg,brightness,"{""factor"": 1.1195}"
Foam-Medium,root,Foam-Medium/frame_0096.jpg,Foam-Medium/augmented/contrast/root/frame_0096__contrast.jpg,contrast,"{""factor"": 1.0909}"
Foam-Medium,root,Foam-Medium/frame_0096.jpg,Foam-Medium/augmented/saturation/root/frame_0096__saturation.jpg,saturation,"{""factor"": 1.0092}"
Foam-Medium,root,Foam-Medium/frame_0096.jpg,Foam-Medium/augmented/zoom_translate/root/frame_0096__zoom_translate.jpg,zoom_translate,"{""shift_x_fraction"": 0.015, ""shift_y_fraction"": -0.0059, ""zoom"": 1.0172}"
Foam-Medium,root,Foam-Medium/frame_0097.jpg,Foam-Medium/augmented/small_rotation/root/frame_0097__small_rotation.jpg,small_rotation,"{""angle_degrees"": -0.9789}"
Foam-Medium,root,Foam-Medium/frame_0097.jpg,Foam-Medium/augmented/horizontal_flip/root/frame_0097__horizontal_flip.jpg,horizontal_flip,{}
Foam-Medium,root,Foam-Medium/frame_0097.jpg,Foam-Medium/augmented/brightness/root/frame_0097__brightness.jpg,brightness,"{""factor"": 0.9048}"
Foam-Medium,root,Foam-Medium/frame_0097.jpg,Foam-Medium/augmented/contrast/root/frame_0097__contrast.jpg,contrast,"{""factor"": 0.8693}"
Foam-Medium,root,Foam-Medium/frame_0097.jpg,Foam-Medium/augmented/saturation/root/frame_0097__saturation.jpg,saturation,"{""factor"": 0.979}"
Foam-Medium,root,Foam-Medium/frame_0097.jpg,Foam-Medium/augmented/zoom_translate/root/frame_0097__zoom_translate.jpg,zoom_translate,"{""shift_x_fraction"": 0.0138, ""shift_y_fraction"": 0.0141, ""zoom"": 1.0051}"
No Foam,root,No Foam/IMG_5460.png,No Foam/augmented/small_rotation/root/IMG_5460__small_rotation.jpg,small_rotation,"{""angle_degrees"": -1.8212}"
No Foam,root,No Foam/IMG_5460.png,No Foam/augmented/horizontal_flip/root/IMG_5460__horizontal_flip.jpg,horizontal_flip,{}
No Foam,root,No Foam/IMG_5460.png,No Foam/augmented/brightness/root/IMG_5460__brightness.jpg,brightness,"{""factor"": 1.117}"
No Foam,root,No Foam/IMG_5460.png,No Foam/augmented/contrast/root/IMG_5460__contrast.jpg,contrast,"{""factor"": 1.0379}"
No Foam,root,No Foam/IMG_5460.png,No Foam/augmented/saturation/root/IMG_5460__saturation.jpg,saturation,"{""factor"": 1.0335}"
No Foam,root,No Foam/IMG_5460.png,No Foam/augmented/zoom_translate/root/IMG_5460__zoom_translate.jpg,zoom_translate,"{""shift_x_fraction"": 0.0089, ""shift_y_fraction"": 0.034, ""zoom"": 1.0401}"
No Foam,root,No Foam/IMG_5461.png,No Foam/augmented/small_rotation/root/IMG_5461__small_rotation.jpg,small_rotation,"{""angle_degrees"": -3.9647}"
No Foam,root,No Foam/IMG_5461.png,No Foam/augmented/horizontal_flip/root/IMG_5461__horizontal_flip.jpg,horizontal_flip,{}
No Foam,root,No Foam/IMG_5461.png,No Foam/augmented/brightness/root/IMG_5461__brightness.jpg,brightness,"{""factor"": 1.0831}"
No Foam,root,No Foam/IMG_5461.png,No Foam/augmented/contrast/root/IMG_5461__contrast.jpg,contrast,"{""factor"": 0.9548}"
No Foam,root,No Foam/IMG_5461.png,No Foam/augmented/saturation/root/IMG_5461__saturation.jpg,saturation,"{""factor"": 1.0809}"
No Foam,root,No Foam/IMG_5461.png,No Foam/augmented/zoom_translate/root/IMG_5461__zoom_translate.jpg,zoom_translate,"{""shift_x_fraction"": 0.0328, ""shift_y_fraction"": 0.0157, ""zoom"": 1.0063}"
No Foam,root,No Foam/IMG_5462.png,No Foam/augmented/small_rotation/root/IMG_5462__small_rotation.jpg,small_rotation,"{""angle_degrees"": -6.391}"
No Foam,root,No Foam/IMG_5462.png,No Foam/augmented/horizontal_flip/root/IMG_5462__horizontal_flip.jpg,horizontal_flip,{}
No Foam,root,No Foam/IMG_5462.png,No Foam/augmented/brightness/root/IMG_5462__brightness.jpg,brightness,"{""factor"": 0.8536}"
No Foam,root,No Foam/IMG_5462.png,No Foam/augmented/contrast/root/IMG_5462__contrast.jpg,contrast,"{""factor"": 0.9084}"
No Foam,root,No Foam/IMG_5462.png,No Foam/augmented/saturation/root/IMG_5462__saturation.jpg,saturation,"{""factor"": 0.9788}"
No Foam,root,No Foam/IMG_5462.png,No Foam/augmented/zoom_translate/root/IMG_5462__zoom_translate.jpg,zoom_translate,"{""shift_x_fraction"": 0.0159, ""shift_y_fraction"": 0.0052, ""zoom"": 1.0225}"
No Foam,root,No Foam/IMG_5463.png,No Foam/augmented/small_rotation/root/IMG_5463__small_rotation.jpg,small_rotation,"{""angle_degrees"": 5.5692}"
No Foam,root,No Foam/IMG_5463.png,No Foam/augmented/horizontal_flip/root/IMG_5463__horizontal_flip.jpg,horizontal_flip,{}
No Foam,root,No Foam/IMG_5463.png,No Foam/augmented/brightness/root/IMG_5463__brightness.jpg,brightness,"{""factor"": 1.0434}"
No Foam,root,No Foam/IMG_5463.png,No Foam/augmented/contrast/root/IMG_5463__contrast.jpg,contrast,"{""factor"": 0.9677}"
No Foam,root,No Foam/IMG_5463.png,No Foam/augmented/saturation/root/IMG_5463__saturation.jpg,saturation,"{""factor"": 0.9152}"
No Foam,root,No Foam/IMG_5463.png,No Foam/augmented/zoom_translate/root/IMG_5463__zoom_translate.jpg,zoom_translate,"{""shift_x_fraction"": -0.0077, ""shift_y_fraction"": -0.0119, ""zoom"": 1.0465}"
No Foam,root,No Foam/IMG_5464.png,No Foam/augmented/small_rotation/root/IMG_5464__small_rotation.jpg,small_rotation,"{""angle_degrees"": 4.0217}"
No Foam,root,No Foam/IMG_5464.png,No Foam/augmented/horizontal_flip/root/IMG_5464__horizontal_flip.jpg,horizontal_flip,{}
No Foam,root,No Foam/IMG_5464.png,No Foam/augmented/brightness/root/IMG_5464__brightness.jpg,brightness,"{""factor"": 1.0308}"
No Foam,root,No Foam/IMG_5464.png,No Foam/augmented/contrast/root/IMG_5464__contrast.jpg,contrast,"{""factor"": 0.8846}"
No Foam,root,No Foam/IMG_5464.png,No Foam/augmented/saturation/root/IMG_5464__saturation.jpg,saturation,"{""factor"": 1.0664}"
No Foam,root,No Foam/IMG_5464.png,No Foam/augmented/zoom_translate/root/IMG_5464__zoom_translate.jpg,zoom_translate,"{""shift_x_fraction"": -0.0122, ""shift_y_fraction"": 0.0129, ""zoom"": 1.068}"
No Foam,root,No Foam/IMG_5465.png,No Foam/augmented/small_rotation/root/IMG_5465__small_rotation.jpg,small_rotation,"{""angle_degrees"": 7.061}"
No Foam,root,No Foam/IMG_5465.png,No Foam/augmented/horizontal_flip/root/IMG_5465__horizontal_flip.jpg,horizontal_flip,{}
No Foam,root,No Foam/IMG_5465.png,No Foam/augmented/brightness/root/IMG_5465__brightness.jpg,brightness,"{""factor"": 1.0463}"
No Foam,root,No Foam/IMG_5465.png,No Foam/augmented/contrast/root/IMG_5465__contrast.jpg,contrast,"{""factor"": 1.1069}"
No Foam,root,No Foam/IMG_5465.png,No Foam/augmented/saturation/root/IMG_5465__saturation.jpg,saturation,"{""factor"": 1.0003}"
No Foam,root,No Foam/IMG_5465.png,No Foam/augmented/zoom_translate/root/IMG_5465__zoom_translate.jpg,zoom_translate,"{""shift_x_fraction"": 0.0194, ""shift_y_fraction"": 0.0071, ""zoom"": 1.0586}"
No Foam,root,No Foam/IMG_5466.png,No Foam/augmented/small_rotation/root/IMG_5466__small_rotation.jpg,small_rotation,"{""angle_degrees"": 2.4827}"
No Foam,root,No Foam/IMG_5466.png,No Foam/augmented/horizontal_flip/root/IMG_5466__horizontal_flip.jpg,horizontal_flip,{}
No Foam,root,No Foam/IMG_5466.png,No Foam/augmented/brightness/root/IMG_5466__brightness.jpg,brightness,"{""factor"": 1.0324}"
No Foam,root,No Foam/IMG_5466.png,No Foam/augmented/contrast/root/IMG_5466__contrast.jpg,contrast,"{""factor"": 0.9148}"
No Foam,root,No Foam/IMG_5466.png,No Foam/augmented/saturation/root/IMG_5466__saturation.jpg,saturation,"{""factor"": 1.0702}"
No Foam,root,No Foam/IMG_5466.png,No Foam/augmented/zoom_translate/root/IMG_5466__zoom_translate.jpg,zoom_translate,"{""shift_x_fraction"": 0.0348, ""shift_y_fraction"": 0.0287, ""zoom"": 1.0133}"
No Foam,root,No Foam/IMG_5467.png,No Foam/augmented/small_rotation/root/IMG_5467__small_rotation.jpg,small_rotation,"{""angle_degrees"": -4.5626}"
No Foam,root,No Foam/IMG_5467.png,No Foam/augmented/horizontal_flip/root/IMG_5467__horizontal_flip.jpg,horizontal_flip,{}
No Foam,root,No Foam/IMG_5467.png,No Foam/augmented/brightness/root/IMG_5467__brightness.jpg,brightness,"{""factor"": 1.0474}"
No Foam,root,No Foam/IMG_5467.png,No Foam/augmented/contrast/root/IMG_5467__contrast.jpg,contrast,"{""factor"": 0.9629}"
No Foam,root,No Foam/IMG_5467.png,No Foam/augmented/saturation/root/IMG_5467__saturation.jpg,saturation,"{""factor"": 1.049}"
No Foam,root,No Foam/IMG_5467.png,No Foam/augmented/zoom_translate/root/IMG_5467__zoom_translate.jpg,zoom_translate,"{""shift_x_fraction"": -0.0062, ""shift_y_fraction"": 0.0138, ""zoom"": 1.0479}"
No Foam,root,No Foam/IMG_5468.png,No Foam/augmented/small_rotation/root/IMG_5468__small_rotation.jpg,small_rotation,"{""angle_degrees"": -0.3703}"
No Foam,root,No Foam/IMG_5468.png,No Foam/augmented/horizontal_flip/root/IMG_5468__horizontal_flip.jpg,horizontal_flip,{}
No Foam,root,No Foam/IMG_5468.png,No Foam/augmented/brightness/root/IMG_5468__brightness.jpg,brightness,"{""factor"": 1.0805}"
No Foam,root,No Foam/IMG_5468.png,No Foam/augmented/contrast/root/IMG_5468__contrast.jpg,contrast,"{""factor"": 1.0391}"
No Foam,root,No Foam/IMG_5468.png,No Foam/augmented/saturation/root/IMG_5468__saturation.jpg,saturation,"{""factor"": 1.0523}"
No Foam,root,No Foam/IMG_5468.png,No Foam/augmented/zoom_translate/root/IMG_5468__zoom_translate.jpg,zoom_translate,"{""shift_x_fraction"": -0.0122, ""shift_y_fraction"": -0.0026, ""zoom"": 1.0725}"
No Foam,root,No Foam/IMG_5469.png,No Foam/augmented/small_rotation/root/IMG_5469__small_rotation.jpg,small_rotation,"{""angle_degrees"": -1.7956}"
No Foam,root,No Foam/IMG_5469.png,No Foam/augmented/horizontal_flip/root/IMG_5469__horizontal_flip.jpg,horizontal_flip,{}
No Foam,root,No Foam/IMG_5469.png,No Foam/augmented/brightness/root/IMG_5469__brightness.jpg,brightness,"{""factor"": 1.1288}"
No Foam,root,No Foam/IMG_5469.png,No Foam/augmented/contrast/root/IMG_5469__contrast.jpg,contrast,"{""factor"": 0.9916}"
No Foam,root,No Foam/IMG_5469.png,No Foam/augmented/saturation/root/IMG_5469__saturation.jpg,saturation,"{""factor"": 1.0094}"
No Foam,root,No Foam/IMG_5469.png,No Foam/augmented/zoom_translate/root/IMG_5469__zoom_translate.jpg,zoom_translate,"{""shift_x_fraction"": -0.0107, ""shift_y_fraction"": -0.0231, ""zoom"": 1.0169}"
No Foam,root,No Foam/IMG_5471.png,No Foam/augmented/small_rotation/root/IMG_5471__small_rotation.jpg,small_rotation,"{""angle_degrees"": 1.1499}"
No Foam,root,No Foam/IMG_5471.png,No Foam/augmented/horizontal_flip/root/IMG_5471__horizontal_flip.jpg,horizontal_flip,{}
No Foam,root,No Foam/IMG_5471.png,No Foam/augmented/brightness/root/IMG_5471__brightness.jpg,brightness,"{""factor"": 0.9734}"
No Foam,root,No Foam/IMG_5471.png,No Foam/augmented/contrast/root/IMG_5471__contrast.jpg,contrast,"{""factor"": 0.9204}"
No Foam,root,No Foam/IMG_5471.png,No Foam/augmented/saturation/root/IMG_5471__saturation.jpg,saturation,"{""factor"": 0.9953}"
No Foam,root,No Foam/IMG_5471.png,No Foam/augmented/zoom_translate/root/IMG_5471__zoom_translate.jpg,zoom_translate,"{""shift_x_fraction"": 0.0039, ""shift_y_fraction"": 0.0168, ""zoom"": 1.0576}"
No Foam,root,No Foam/IMG_5472.png,No Foam/augmented/small_rotation/root/IMG_5472__small_rotation.jpg,small_rotation,"{""angle_degrees"": 5.2369}"
No Foam,root,No Foam/IMG_5472.png,No Foam/augmented/horizontal_flip/root/IMG_5472__horizontal_flip.jpg,horizontal_flip,{}
No Foam,root,No Foam/IMG_5472.png,No Foam/augmented/brightness/root/IMG_5472__brightness.jpg,brightness,"{""factor"": 1.0676}"
No Foam,root,No Foam/IMG_5472.png,No Foam/augmented/contrast/root/IMG_5472__contrast.jpg,contrast,"{""factor"": 0.9359}"
No Foam,root,No Foam/IMG_5472.png,No Foam/augmented/saturation/root/IMG_5472__saturation.jpg,saturation,"{""factor"": 0.9312}"
No Foam,root,No Foam/IMG_5472.png,No Foam/augmented/zoom_translate/root/IMG_5472__zoom_translate.jpg,zoom_translate,"{""shift_x_fraction"": 0.018, ""shift_y_fraction"": 0.0228, ""zoom"": 1.0392}"
No Foam,root,No Foam/IMG_5473.png,No Foam/augmented/small_rotation/root/IMG_5473__small_rotation.jpg,small_rotation,"{""angle_degrees"": 1.8135}"
No Foam,root,No Foam/IMG_5473.png,No Foam/augmented/horizontal_flip/root/IMG_5473__horizontal_flip.jpg,horizontal_flip,{}
No Foam,root,No Foam/IMG_5473.png,No Foam/augmented/brightness/root/IMG_5473__brightness.jpg,brightness,"{""factor"": 0.9713}"
No Foam,root,No Foam/IMG_5473.png,No Foam/augmented/contrast/root/IMG_5473__contrast.jpg,contrast,"{""factor"": 1.1167}"
No Foam,root,No Foam/IMG_5473.png,No Foam/augmented/saturation/root/IMG_5473__saturation.jpg,saturation,"{""factor"": 0.9392}"
No Foam,root,No Foam/IMG_5473.png,No Foam/augmented/zoom_translate/root/IMG_5473__zoom_translate.jpg,zoom_translate,"{""shift_x_fraction"": -0.0272, ""shift_y_fraction"": -0.0132, ""zoom"": 1.0124}"
No Foam,root,No Foam/IMG_5474.png,No Foam/augmented/small_rotation/root/IMG_5474__small_rotation.jpg,small_rotation,"{""angle_degrees"": -3.1704}"
No Foam,root,No Foam/IMG_5474.png,No Foam/augmented/horizontal_flip/root/IMG_5474__horizontal_flip.jpg,horizontal_flip,{}
No Foam,root,No Foam/IMG_5474.png,No Foam/augmented/brightness/root/IMG_5474__brightness.jpg,brightness,"{""factor"": 0.9607}"
No Foam,root,No Foam/IMG_5474.png,No Foam/augmented/contrast/root/IMG_5474__contrast.jpg,contrast,"{""factor"": 1.0829}"
No Foam,root,No Foam/IMG_5474.png,No Foam/augmented/saturation/root/IMG_5474__saturation.jpg,saturation,"{""factor"": 0.9894}"
No Foam,root,No Foam/IMG_5474.png,No Foam/augmented/zoom_translate/root/IMG_5474__zoom_translate.jpg,zoom_translate,"{""shift_x_fraction"": 0.0096, ""shift_y_fraction"": 0.0104, ""zoom"": 1.03}"
No Foam,root,No Foam/IMG_5475.png,No Foam/augmented/small_rotation/root/IMG_5475__small_rotation.jpg,small_rotation,"{""angle_degrees"": -6.2274}"
No Foam,root,No Foam/IMG_5475.png,No Foam/augmented/horizontal_flip/root/IMG_5475__horizontal_flip.jpg,horizontal_flip,{}
No Foam,root,No Foam/IMG_5475.png,No Foam/augmented/brightness/root/IMG_5475__brightness.jpg,brightness,"{""factor"": 1.0856}"
No Foam,root,No Foam/IMG_5475.png,No Foam/augmented/contrast/root/IMG_5475__contrast.jpg,contrast,"{""factor"": 1.0049}"
No Foam,root,No Foam/IMG_5475.png,No Foam/augmented/saturation/root/IMG_5475__saturation.jpg,saturation,"{""factor"": 0.9851}"
No Foam,root,No Foam/IMG_5475.png,No Foam/augmented/zoom_translate/root/IMG_5475__zoom_translate.jpg,zoom_translate,"{""shift_x_fraction"": 0.0116, ""shift_y_fraction"": -0.0305, ""zoom"": 1.0284}"
No Foam,root,No Foam/IMG_5476.png,No Foam/augmented/small_rotation/root/IMG_5476__small_rotation.jpg,small_rotation,"{""angle_degrees"": 0.9648}"
No Foam,root,No Foam/IMG_5476.png,No Foam/augmented/horizontal_flip/root/IMG_5476__horizontal_flip.jpg,horizontal_flip,{}
No Foam,root,No Foam/IMG_5476.png,No Foam/augmented/brightness/root/IMG_5476__brightness.jpg,brightness,"{""factor"": 0.9718}"
No Foam,root,No Foam/IMG_5476.png,No Foam/augmented/contrast/root/IMG_5476__contrast.jpg,contrast,"{""factor"": 1.0378}"
No Foam,root,No Foam/IMG_5476.png,No Foam/augmented/saturation/root/IMG_5476__saturation.jpg,saturation,"{""factor"": 1.0135}"
No Foam,root,No Foam/IMG_5476.png,No Foam/augmented/zoom_translate/root/IMG_5476__zoom_translate.jpg,zoom_translate,"{""shift_x_fraction"": 0.0128, ""shift_y_fraction"": 0.0148, ""zoom"": 1.0119}"
No Foam,root,No Foam/WIN_20260707_13_05_55_Pro.jpg,No Foam/augmented/small_rotation/root/WIN_20260707_13_05_55_Pro__small_rotation.jpg,small_rotation,"{""angle_degrees"": -2.0261}"
No Foam,root,No Foam/WIN_20260707_13_05_55_Pro.jpg,No Foam/augmented/horizontal_flip/root/WIN_20260707_13_05_55_Pro__horizontal_flip.jpg,horizontal_flip,{}
No Foam,root,No Foam/WIN_20260707_13_05_55_Pro.jpg,No Foam/augmented/brightness/root/WIN_20260707_13_05_55_Pro__brightness.jpg,brightness,"{""factor"": 0.9356}"
No Foam,root,No Foam/WIN_20260707_13_05_55_Pro.jpg,No Foam/augmented/contrast/root/WIN_20260707_13_05_55_Pro__contrast.jpg,contrast,"{""factor"": 1.1356}"
No Foam,root,No Foam/WIN_20260707_13_05_55_Pro.jpg,No Foam/augmented/saturation/root/WIN_20260707_13_05_55_Pro__saturation.jpg,saturation,"{""factor"": 0.9785}"
No Foam,root,No Foam/WIN_20260707_13_05_55_Pro.jpg,No Foam/augmented/zoom_translate/root/WIN_20260707_13_05_55_Pro__zoom_translate.jpg,zoom_translate,"{""shift_x_fraction"": 0.0157, ""shift_y_fraction"": 0.015, ""zoom"": 1.0125}"
No Foam,root,No Foam/WIN_20260707_13_06_02_Pro.jpg,No Foam/augmented/small_rotation/root/WIN_20260707_13_06_02_Pro__small_rotation.jpg,small_rotation,"{""angle_degrees"": 4.3554}"
No Foam,root,No Foam/WIN_20260707_13_06_02_Pro.jpg,No Foam/augmented/horizontal_flip/root/WIN_20260707_13_06_02_Pro__horizontal_flip.jpg,horizontal_flip,{}
No Foam,root,No Foam/WIN_20260707_13_06_02_Pro.jpg,No Foam/augmented/brightness/root/WIN_20260707_13_06_02_Pro__brightness.jpg,brightness,"{""factor"": 0.9313}"
No Foam,root,No Foam/WIN_20260707_13_06_02_Pro.jpg,No Foam/augmented/contrast/root/WIN_20260707_13_06_02_Pro__contrast.jpg,contrast,"{""factor"": 0.8608}"
No Foam,root,No Foam/WIN_20260707_13_06_02_Pro.jpg,No Foam/augmented/saturation/root/WIN_20260707_13_06_02_Pro__saturation.jpg,saturation,"{""factor"": 1.0504}"
No Foam,root,No Foam/WIN_20260707_13_06_02_Pro.jpg,No Foam/augmented/zoom_translate/root/WIN_20260707_13_06_02_Pro__zoom_translate.jpg,zoom_translate,"{""shift_x_fraction"": 0.0108, ""shift_y_fraction"": -0.0023, ""zoom"": 1.0244}"
No Foam,root,No Foam/WIN_20260707_13_06_18_Pro.jpg,No Foam/augmented/small_rotation/root/WIN_20260707_13_06_18_Pro__small_rotation.jpg,small_rotation,"{""angle_degrees"": -4.1707}"
No Foam,root,No Foam/WIN_20260707_13_06_18_Pro.jpg,No Foam/augmented/horizontal_flip/root/WIN_20260707_13_06_18_Pro__horizontal_flip.jpg,horizontal_flip,{}
No Foam,root,No Foam/WIN_20260707_13_06_18_Pro.jpg,No Foam/augmented/brightness/root/WIN_20260707_13_06_18_Pro__brightness.jpg,brightness,"{""factor"": 0.9711}"
No Foam,root,No Foam/WIN_20260707_13_06_18_Pro.jpg,No Foam/augmented/contrast/root/WIN_20260707_13_06_18_Pro__contrast.jpg,contrast,"{""factor"": 0.9915}"
No Foam,root,No Foam/WIN_20260707_13_06_18_Pro.jpg,No Foam/augmented/saturation/root/WIN_20260707_13_06_18_Pro__saturation.jpg,saturation,"{""factor"": 0.9659}"
No Foam,root,No Foam/WIN_20260707_13_06_18_Pro.jpg,No Foam/augmented/zoom_translate/root/WIN_20260707_13_06_18_Pro__zoom_translate.jpg,zoom_translate,"{""shift_x_fraction"": -0.0032, ""shift_y_fraction"": 0.0166, ""zoom"": 1.0628}"
No Foam,root,No Foam/WIN_20260707_13_06_19_Pro.jpg,No Foam/augmented/small_rotation/root/WIN_20260707_13_06_19_Pro__small_rotation.jpg,small_rotation,"{""angle_degrees"": 1.317}"
No Foam,root,No Foam/WIN_20260707_13_06_19_Pro.jpg,No Foam/augmented/horizontal_flip/root/WIN_20260707_13_06_19_Pro__horizontal_flip.jpg,horizontal_flip,{}
No Foam,root,No Foam/WIN_20260707_13_06_19_Pro.jpg,No Foam/augmented/brightness/root/WIN_20260707_13_06_19_Pro__brightness.jpg,brightness,"{""factor"": 1.0785}"
No Foam,root,No Foam/WIN_20260707_13_06_19_Pro.jpg,No Foam/augmented/contrast/root/WIN_20260707_13_06_19_Pro__contrast.jpg,contrast,"{""factor"": 0.8998}"
No Foam,root,No Foam/WIN_20260707_13_06_19_Pro.jpg,No Foam/augmented/saturation/root/WIN_20260707_13_06_19_Pro__saturation.jpg,saturation,"{""factor"": 1.0458}"
No Foam,root,No Foam/WIN_20260707_13_06_19_Pro.jpg,No Foam/augmented/zoom_translate/root/WIN_20260707_13_06_19_Pro__zoom_translate.jpg,zoom_translate,"{""shift_x_fraction"": 0.0008, ""shift_y_fraction"": -0.0105, ""zoom"": 1.0494}"
No Foam,root,No Foam/WIN_20260707_13_06_21_Pro.jpg,No Foam/augmented/small_rotation/root/WIN_20260707_13_06_21_Pro__small_rotation.jpg,small_rotation,"{""angle_degrees"": -1.913}"
No Foam,root,No Foam/WIN_20260707_13_06_21_Pro.jpg,No Foam/augmented/horizontal_flip/root/WIN_20260707_13_06_21_Pro__horizontal_flip.jpg,horizontal_flip,{}
No Foam,root,No Foam/WIN_20260707_13_06_21_Pro.jpg,No Foam/augmented/brightness/root/WIN_20260707_13_06_21_Pro__brightness.jpg,brightness,"{""factor"": 1.147}"
No Foam,root,No Foam/WIN_20260707_13_06_21_Pro.jpg,No Foam/augmented/contrast/root/WIN_20260707_13_06_21_Pro__contrast.jpg,contrast,"{""factor"": 0.9202}"
No Foam,root,No Foam/WIN_20260707_13_06_21_Pro.jpg,No Foam/augmented/saturation/root/WIN_20260707_13_06_21_Pro__saturation.jpg,saturation,"{""factor"": 1.0407}"
No Foam,root,No Foam/WIN_20260707_13_06_21_Pro.jpg,No Foam/augmented/zoom_translate/root/WIN_20260707_13_06_21_Pro__zoom_translate.jpg,zoom_translate,"{""shift_x_fraction"": -0.0041, ""shift_y_fraction"": -0.0003, ""zoom"": 1.045}"
No Foam,root,No Foam/WIN_20260707_13_06_43_Pro.jpg,No Foam/augmented/small_rotation/root/WIN_20260707_13_06_43_Pro__small_rotation.jpg,small_rotation,"{""angle_degrees"": 4.8242}"
No Foam,root,No Foam/WIN_20260707_13_06_43_Pro.jpg,No Foam/augmented/horizontal_flip/root/WIN_20260707_13_06_43_Pro__horizontal_flip.jpg,horizontal_flip,{}
No Foam,root,No Foam/WIN_20260707_13_06_43_Pro.jpg,No Foam/augmented/brightness/root/WIN_20260707_13_06_43_Pro__brightness.jpg,brightness,"{""factor"": 0.9024}"
No Foam,root,No Foam/WIN_20260707_13_06_43_Pro.jpg,No Foam/augmented/contrast/root/WIN_20260707_13_06_43_Pro__contrast.jpg,contrast,"{""factor"": 0.9477}"
No Foam,root,No Foam/WIN_20260707_13_06_43_Pro.jpg,No Foam/augmented/saturation/root/WIN_20260707_13_06_43_Pro__saturation.jpg,saturation,"{""factor"": 0.9987}"
No Foam,root,No Foam/WIN_20260707_13_06_43_Pro.jpg,No Foam/augmented/zoom_translate/root/WIN_20260707_13_06_43_Pro__zoom_translate.jpg,zoom_translate,"{""shift_x_fraction"": 0.033, ""shift_y_fraction"": 0.0254, ""zoom"": 1.0035}"
No Foam,root,No Foam/WIN_20260707_13_07_16_Pro.jpg,No Foam/augmented/small_rotation/root/WIN_20260707_13_07_16_Pro__small_rotation.jpg,small_rotation,"{""angle_degrees"": -2.0069}"
No Foam,root,No Foam/WIN_20260707_13_07_16_Pro.jpg,No Foam/augmented/horizontal_flip/root/WIN_20260707_13_07_16_Pro__horizontal_flip.jpg,horizontal_flip,{}
No Foam,root,No Foam/WIN_20260707_13_07_16_Pro.jpg,No Foam/augmented/brightness/root/WIN_20260707_13_07_16_Pro__brightness.jpg,brightness,"{""factor"": 0.8727}"
No Foam,root,No Foam/WIN_20260707_13_07_16_Pro.jpg,No Foam/augmented/contrast/root/WIN_20260707_13_07_16_Pro__contrast.jpg,contrast,"{""factor"": 1.1175}"
No Foam,root,No Foam/WIN_20260707_13_07_16_Pro.jpg,No Foam/augmented/saturation/root/WIN_20260707_13_07_16_Pro__saturation.jpg,saturation,"{""factor"": 1.004}"
No Foam,root,No Foam/WIN_20260707_13_07_16_Pro.jpg,No Foam/augmented/zoom_translate/root/WIN_20260707_13_07_16_Pro__zoom_translate.jpg,zoom_translate,"{""shift_x_fraction"": 0.0014, ""shift_y_fraction"": -0.0208, ""zoom"": 1.0536}"
No Foam,root,No Foam/WIN_20260707_13_07_18_Pro.jpg,No Foam/augmented/small_rotation/root/WIN_20260707_13_07_18_Pro__small_rotation.jpg,small_rotation,"{""angle_degrees"": 2.5533}"
No Foam,root,No Foam/WIN_20260707_13_07_18_Pro.jpg,No Foam/augmented/horizontal_flip/root/WIN_20260707_13_07_18_Pro__horizontal_flip.jpg,horizontal_flip,{}
No Foam,root,No Foam/WIN_20260707_13_07_18_Pro.jpg,No Foam/augmented/brightness/root/WIN_20260707_13_07_18_Pro__brightness.jpg,brightness,"{""factor"": 1.1174}"
No Foam,root,No Foam/WIN_20260707_13_07_18_Pro.jpg,No Foam/augmented/contrast/root/WIN_20260707_13_07_18_Pro__contrast.jpg,contrast,"{""factor"": 1.0751}"
No Foam,root,No Foam/WIN_20260707_13_07_18_Pro.jpg,No Foam/augmented/saturation/root/WIN_20260707_13_07_18_Pro__saturation.jpg,saturation,"{""factor"": 0.9122}"
No Foam,root,No Foam/WIN_20260707_13_07_18_Pro.jpg,No Foam/augmented/zoom_translate/root/WIN_20260707_13_07_18_Pro__zoom_translate.jpg,zoom_translate,"{""shift_x_fraction"": 0.0164, ""shift_y_fraction"": 0.0141, ""zoom"": 1.0701}"
No Foam,root,No Foam/WIN_20260707_13_07_25_Pro.jpg,No Foam/augmented/small_rotation/root/WIN_20260707_13_07_25_Pro__small_rotation.jpg,small_rotation,"{""angle_degrees"": -3.2002}"
No Foam,root,No Foam/WIN_20260707_13_07_25_Pro.jpg,No Foam/augmented/horizontal_flip/root/WIN_20260707_13_07_25_Pro__horizontal_flip.jpg,horizontal_flip,{}
No Foam,root,No Foam/WIN_20260707_13_07_25_Pro.jpg,No Foam/augmented/brightness/root/WIN_20260707_13_07_25_Pro__brightness.jpg,brightness,"{""factor"": 1.0737}"
No Foam,root,No Foam/WIN_20260707_13_07_25_Pro.jpg,No Foam/augmented/contrast/root/WIN_20260707_13_07_25_Pro__contrast.jpg,contrast,"{""factor"": 0.994}"
No Foam,root,No Foam/WIN_20260707_13_07_25_Pro.jpg,No Foam/augmented/saturation/root/WIN_20260707_13_07_25_Pro__saturation.jpg,saturation,"{""factor"": 0.9398}"
No Foam,root,No Foam/WIN_20260707_13_07_25_Pro.jpg,No Foam/augmented/zoom_translate/root/WIN_20260707_13_07_25_Pro__zoom_translate.jpg,zoom_translate,"{""shift_x_fraction"": 0.0006, ""shift_y_fraction"": -0.0337, ""zoom"": 1.0737}"
No Foam,root,No Foam/WIN_20260707_13_07_32_Pro.jpg,No Foam/augmented/small_rotation/root/WIN_20260707_13_07_32_Pro__small_rotation.jpg,small_rotation,"{""angle_degrees"": -2.5579}"
No Foam,root,No Foam/WIN_20260707_13_07_32_Pro.jpg,No Foam/augmented/horizontal_flip/root/WIN_20260707_13_07_32_Pro__horizontal_flip.jpg,horizontal_flip,{}
No Foam,root,No Foam/WIN_20260707_13_07_32_Pro.jpg,No Foam/augmented/brightness/root/WIN_20260707_13_07_32_Pro__brightness.jpg,brightness,"{""factor"": 1.1468}"
No Foam,root,No Foam/WIN_20260707_13_07_32_Pro.jpg,No Foam/augmented/contrast/root/WIN_20260707_13_07_32_Pro__contrast.jpg,contrast,"{""factor"": 0.9104}"
No Foam,root,No Foam/WIN_20260707_13_07_32_Pro.jpg,No Foam/augmented/saturation/root/WIN_20260707_13_07_32_Pro__saturation.jpg,saturation,"{""factor"": 1.0166}"
No Foam,root,No Foam/WIN_20260707_13_07_32_Pro.jpg,No Foam/augmented/zoom_translate/root/WIN_20260707_13_07_32_Pro__zoom_translate.jpg,zoom_translate,"{""shift_x_fraction"": 0.0221, ""shift_y_fraction"": 0.0346, ""zoom"": 1.0072}"
No Foam,root,No Foam/WIN_20260707_13_07_34_Pro.jpg,No Foam/augmented/small_rotation/root/WIN_20260707_13_07_34_Pro__small_rotation.jpg,small_rotation,"{""angle_degrees"": 4.0215}"
No Foam,root,No Foam/WIN_20260707_13_07_34_Pro.jpg,No Foam/augmented/horizontal_flip/root/WIN_20260707_13_07_34_Pro__horizontal_flip.jpg,horizontal_flip,{}
No Foam,root,No Foam/WIN_20260707_13_07_34_Pro.jpg,No Foam/augmented/brightness/root/WIN_20260707_13_07_34_Pro__brightness.jpg,brightness,"{""factor"": 1.1166}"
No Foam,root,No Foam/WIN_20260707_13_07_34_Pro.jpg,No Foam/augmented/contrast/root/WIN_20260707_13_07_34_Pro__contrast.jpg,contrast,"{""factor"": 1.0835}"
No Foam,root,No Foam/WIN_20260707_13_07_34_Pro.jpg,No Foam/augmented/saturation/root/WIN_20260707_13_07_34_Pro__saturation.jpg,saturation,"{""factor"": 0.9406}"
No Foam,root,No Foam/WIN_20260707_13_07_34_Pro.jpg,No Foam/augmented/zoom_translate/root/WIN_20260707_13_07_34_Pro__zoom_translate.jpg,zoom_translate,"{""shift_x_fraction"": 0.0138, ""shift_y_fraction"": 0.0189, ""zoom"": 1.0102}"
No Foam,root,No Foam/WIN_20260707_13_07_35_Pro.jpg,No Foam/augmented/small_rotation/root/WIN_20260707_13_07_35_Pro__small_rotation.jpg,small_rotation,"{""angle_degrees"": -0.9377}"
No Foam,root,No Foam/WIN_20260707_13_07_35_Pro.jpg,No Foam/augmented/horizontal_flip/root/WIN_20260707_13_07_35_Pro__horizontal_flip.jpg,horizontal_flip,{}
No Foam,root,No Foam/WIN_20260707_13_07_35_Pro.jpg,No Foam/augmented/brightness/root/WIN_20260707_13_07_35_Pro__brightness.jpg,brightness,"{""factor"": 1.1277}"
No Foam,root,No Foam/WIN_20260707_13_07_35_Pro.jpg,No Foam/augmented/contrast/root/WIN_20260707_13_07_35_Pro__contrast.jpg,contrast,"{""factor"": 1.1049}"
No Foam,root,No Foam/WIN_20260707_13_07_35_Pro.jpg,No Foam/augmented/saturation/root/WIN_20260707_13_07_35_Pro__saturation.jpg,saturation,"{""factor"": 1.011}"
No Foam,root,No Foam/WIN_20260707_13_07_35_Pro.jpg,No Foam/augmented/zoom_translate/root/WIN_20260707_13_07_35_Pro__zoom_translate.jpg,zoom_translate,"{""shift_x_fraction"": -0.0132, ""shift_y_fraction"": 0.008, ""zoom"": 1.0124}"
No Foam,root,No Foam/WIN_20260707_13_08_07_Pro.jpg,No Foam/augmented/small_rotation/root/WIN_20260707_13_08_07_Pro__small_rotation.jpg,small_rotation,"{""angle_degrees"": -1.2798}"
No Foam,root,No Foam/WIN_20260707_13_08_07_Pro.jpg,No Foam/augmented/horizontal_flip/root/WIN_20260707_13_08_07_Pro__horizontal_flip.jpg,horizontal_flip,{}
No Foam,root,No Foam/WIN_20260707_13_08_07_Pro.jpg,No Foam/augmented/brightness/root/WIN_20260707_13_08_07_Pro__brightness.jpg,brightness,"{""factor"": 1.0799}"
No Foam,root,No Foam/WIN_20260707_13_08_07_Pro.jpg,No Foam/augmented/contrast/root/WIN_20260707_13_08_07_Pro__contrast.jpg,contrast,"{""factor"": 1.1352}"
No Foam,root,No Foam/WIN_20260707_13_08_07_Pro.jpg,No Foam/augmented/saturation/root/WIN_20260707_13_08_07_Pro__saturation.jpg,saturation,"{""factor"": 0.9143}"
No Foam,root,No Foam/WIN_20260707_13_08_07_Pro.jpg,No Foam/augmented/zoom_translate/root/WIN_20260707_13_08_07_Pro__zoom_translate.jpg,zoom_translate,"{""shift_x_fraction"": 0.0106, ""shift_y_fraction"": 0.0145, ""zoom"": 1.0303}"
No Foam,root,No Foam/WIN_20260707_13_08_23_Pro.jpg,No Foam/augmented/small_rotation/root/WIN_20260707_13_08_23_Pro__small_rotation.jpg,small_rotation,"{""angle_degrees"": -0.1136}"
No Foam,root,No Foam/WIN_20260707_13_08_23_Pro.jpg,No Foam/augmented/horizontal_flip/root/WIN_20260707_13_08_23_Pro__horizontal_flip.jpg,horizontal_flip,{}
No Foam,root,No Foam/WIN_20260707_13_08_23_Pro.jpg,No Foam/augmented/brightness/root/WIN_20260707_13_08_23_Pro__brightness.jpg,brightness,"{""factor"": 1.1111}"
No Foam,root,No Foam/WIN_20260707_13_08_23_Pro.jpg,No Foam/augmented/contrast/root/WIN_20260707_13_08_23_Pro__contrast.jpg,contrast,"{""factor"": 1.1428}"
No Foam,root,No Foam/WIN_20260707_13_08_23_Pro.jpg,No Foam/augmented/saturation/root/WIN_20260707_13_08_23_Pro__saturation.jpg,saturation,"{""factor"": 0.9162}"
No Foam,root,No Foam/WIN_20260707_13_08_23_Pro.jpg,No Foam/augmented/zoom_translate/root/WIN_20260707_13_08_23_Pro__zoom_translate.jpg,zoom_translate,"{""shift_x_fraction"": 0.0145, ""shift_y_fraction"": -0.0251, ""zoom"": 1.0306}"
No Foam,root,No Foam/WIN_20260707_13_08_24_Pro.jpg,No Foam/augmented/small_rotation/root/WIN_20260707_13_08_24_Pro__small_rotation.jpg,small_rotation,"{""angle_degrees"": 5.6487}"
No Foam,root,No Foam/WIN_20260707_13_08_24_Pro.jpg,No Foam/augmented/horizontal_flip/root/WIN_20260707_13_08_24_Pro__horizontal_flip.jpg,horizontal_flip,{}
No Foam,root,No Foam/WIN_20260707_13_08_24_Pro.jpg,No Foam/augmented/brightness/root/WIN_20260707_13_08_24_Pro__brightness.jpg,brightness,"{""factor"": 0.9724}"
No Foam,root,No Foam/WIN_20260707_13_08_24_Pro.jpg,No Foam/augmented/contrast/root/WIN_20260707_13_08_24_Pro__contrast.jpg,contrast,"{""factor"": 0.8775}"
No Foam,root,No Foam/WIN_20260707_13_08_24_Pro.jpg,No Foam/augmented/saturation/root/WIN_20260707_13_08_24_Pro__saturation.jpg,saturation,"{""factor"": 1.086}"
No Foam,root,No Foam/WIN_20260707_13_08_24_Pro.jpg,No Foam/augmented/zoom_translate/root/WIN_20260707_13_08_24_Pro__zoom_translate.jpg,zoom_translate,"{""shift_x_fraction"": -0.0319, ""shift_y_fraction"": -0.0144, ""zoom"": 1.0104}"
No Foam,root,No Foam/WIN_20260707_13_09_01_Pro.jpg,No Foam/augmented/small_rotation/root/WIN_20260707_13_09_01_Pro__small_rotation.jpg,small_rotation,"{""angle_degrees"": -5.1509}"
No Foam,root,No Foam/WIN_20260707_13_09_01_Pro.jpg,No Foam/augmented/horizontal_flip/root/WIN_20260707_13_09_01_Pro__horizontal_flip.jpg,horizontal_flip,{}
No Foam,root,No Foam/WIN_20260707_13_09_01_Pro.jpg,No Foam/augmented/brightness/root/WIN_20260707_13_09_01_Pro__brightness.jpg,brightness,"{""factor"": 1.0475}"
No Foam,root,No Foam/WIN_20260707_13_09_01_Pro.jpg,No Foam/augmented/contrast/root/WIN_20260707_13_09_01_Pro__contrast.jpg,contrast,"{""factor"": 0.9404}"
No Foam,root,No Foam/WIN_20260707_13_09_01_Pro.jpg,No Foam/augmented/saturation/root/WIN_20260707_13_09_01_Pro__saturation.jpg,saturation,"{""factor"": 1.0873}"
No Foam,root,No Foam/WIN_20260707_13_09_01_Pro.jpg,No Foam/augmented/zoom_translate/root/WIN_20260707_13_09_01_Pro__zoom_translate.jpg,zoom_translate,"{""shift_x_fraction"": -0.0155, ""shift_y_fraction"": -0.0155, ""zoom"": 1.0085}"
No Foam,root,No Foam/WIN_20260707_13_09_02_Pro.jpg,No Foam/augmented/small_rotation/root/WIN_20260707_13_09_02_Pro__small_rotation.jpg,small_rotation,"{""angle_degrees"": 3.9305}"
No Foam,root,No Foam/WIN_20260707_13_09_02_Pro.jpg,No Foam/augmented/horizontal_flip/root/WIN_20260707_13_09_02_Pro__horizontal_flip.jpg,horizontal_flip,{}
No Foam,root,No Foam/WIN_20260707_13_09_02_Pro.jpg,No Foam/augmented/brightness/root/WIN_20260707_13_09_02_Pro__brightness.jpg,brightness,"{""factor"": 0.9778}"
No Foam,root,No Foam/WIN_20260707_13_09_02_Pro.jpg,No Foam/augmented/contrast/root/WIN_20260707_13_09_02_Pro__contrast.jpg,contrast,"{""factor"": 0.8965}"
No Foam,root,No Foam/WIN_20260707_13_09_02_Pro.jpg,No Foam/augmented/saturation/root/WIN_20260707_13_09_02_Pro__saturation.jpg,saturation,"{""factor"": 1.0109}"
No Foam,root,No Foam/WIN_20260707_13_09_02_Pro.jpg,No Foam/augmented/zoom_translate/root/WIN_20260707_13_09_02_Pro__zoom_translate.jpg,zoom_translate,"{""shift_x_fraction"": 0.0126, ""shift_y_fraction"": 0.0185, ""zoom"": 1.0676}"
No Foam,root,No Foam/WIN_20260707_13_09_03_Pro.jpg,No Foam/augmented/small_rotation/root/WIN_20260707_13_09_03_Pro__small_rotation.jpg,small_rotation,"{""angle_degrees"": -6.1462}"
No Foam,root,No Foam/WIN_20260707_13_09_03_Pro.jpg,No Foam/augmented/horizontal_flip/root/WIN_20260707_13_09_03_Pro__horizontal_flip.jpg,horizontal_flip,{}
No Foam,root,No Foam/WIN_20260707_13_09_03_Pro.jpg,No Foam/augmented/brightness/root/WIN_20260707_13_09_03_Pro__brightness.jpg,brightness,"{""factor"": 1.0949}"
No Foam,root,No Foam/WIN_20260707_13_09_03_Pro.jpg,No Foam/augmented/contrast/root/WIN_20260707_13_09_03_Pro__contrast.jpg,contrast,"{""factor"": 1.1051}"
No Foam,root,No Foam/WIN_20260707_13_09_03_Pro.jpg,No Foam/augmented/saturation/root/WIN_20260707_13_09_03_Pro__saturation.jpg,saturation,"{""factor"": 1.0973}"
No Foam,root,No Foam/WIN_20260707_13_09_03_Pro.jpg,No Foam/augmented/zoom_translate/root/WIN_20260707_13_09_03_Pro__zoom_translate.jpg,zoom_translate,"{""shift_x_fraction"": -0.0007, ""shift_y_fraction"": 0.0098, ""zoom"": 1.0456}"
No Foam,root,No Foam/WIN_20260707_13_09_04_Pro.jpg,No Foam/augmented/small_rotation/root/WIN_20260707_13_09_04_Pro__small_rotation.jpg,small_rotation,"{""angle_degrees"": -7.9179}"
No Foam,root,No Foam/WIN_20260707_13_09_04_Pro.jpg,No Foam/augmented/horizontal_flip/root/WIN_20260707_13_09_04_Pro__horizontal_flip.jpg,horizontal_flip,{}
No Foam,root,No Foam/WIN_20260707_13_09_04_Pro.jpg,No Foam/augmented/brightness/root/WIN_20260707_13_09_04_Pro__brightness.jpg,brightness,"{""factor"": 1.089}"
No Foam,root,No Foam/WIN_20260707_13_09_04_Pro.jpg,No Foam/augmented/contrast/root/WIN_20260707_13_09_04_Pro__contrast.jpg,contrast,"{""factor"": 1.0527}"
No Foam,root,No Foam/WIN_20260707_13_09_04_Pro.jpg,No Foam/augmented/saturation/root/WIN_20260707_13_09_04_Pro__saturation.jpg,saturation,"{""factor"": 1.0939}"
No Foam,root,No Foam/WIN_20260707_13_09_04_Pro.jpg,No Foam/augmented/zoom_translate/root/WIN_20260707_13_09_04_Pro__zoom_translate.jpg,zoom_translate,"{""shift_x_fraction"": -0.0085, ""shift_y_fraction"": -0.0136, ""zoom"": 1.0144}"
No Foam,root,No Foam/WIN_20260707_13_09_15_Pro.jpg,No Foam/augmented/small_rotation/root/WIN_20260707_13_09_15_Pro__small_rotation.jpg,small_rotation,"{""angle_degrees"": 5.8814}"
No Foam,root,No Foam/WIN_20260707_13_09_15_Pro.jpg,No Foam/augmented/horizontal_flip/root/WIN_20260707_13_09_15_Pro__horizontal_flip.jpg,horizontal_flip,{}
No Foam,root,No Foam/WIN_20260707_13_09_15_Pro.jpg,No Foam/augmented/brightness/root/WIN_20260707_13_09_15_Pro__brightness.jpg,brightness,"{""factor"": 0.9093}"
No Foam,root,No Foam/WIN_20260707_13_09_15_Pro.jpg,No Foam/augmented/contrast/root/WIN_20260707_13_09_15_Pro__contrast.jpg,contrast,"{""factor"": 0.9688}"
No Foam,root,No Foam/WIN_20260707_13_09_15_Pro.jpg,No Foam/augmented/saturation/root/WIN_20260707_13_09_15_Pro__saturation.jpg,saturation,"{""factor"": 0.9209}"
No Foam,root,No Foam/WIN_20260707_13_09_15_Pro.jpg,No Foam/augmented/zoom_translate/root/WIN_20260707_13_09_15_Pro__zoom_translate.jpg,zoom_translate,"{""shift_x_fraction"": 0.0029, ""shift_y_fraction"": 0.0029, ""zoom"": 1.0724}"
No Foam,root,No Foam/WIN_20260707_13_09_16_Pro.jpg,No Foam/augmented/small_rotation/root/WIN_20260707_13_09_16_Pro__small_rotation.jpg,small_rotation,"{""angle_degrees"": 3.1863}"
No Foam,root,No Foam/WIN_20260707_13_09_16_Pro.jpg,No Foam/augmented/horizontal_flip/root/WIN_20260707_13_09_16_Pro__horizontal_flip.jpg,horizontal_flip,{}
No Foam,root,No Foam/WIN_20260707_13_09_16_Pro.jpg,No Foam/augmented/brightness/root/WIN_20260707_13_09_16_Pro__brightness.jpg,brightness,"{""factor"": 0.8582}"
No Foam,root,No Foam/WIN_20260707_13_09_16_Pro.jpg,No Foam/augmented/contrast/root/WIN_20260707_13_09_16_Pro__contrast.jpg,contrast,"{""factor"": 0.9916}"
No Foam,root,No Foam/WIN_20260707_13_09_16_Pro.jpg,No Foam/augmented/saturation/root/WIN_20260707_13_09_16_Pro__saturation.jpg,saturation,"{""factor"": 0.9969}"
No Foam,root,No Foam/WIN_20260707_13_09_16_Pro.jpg,No Foam/augmented/zoom_translate/root/WIN_20260707_13_09_16_Pro__zoom_translate.jpg,zoom_translate,"{""shift_x_fraction"": 0.0332, ""shift_y_fraction"": -0.0001, ""zoom"": 1.0219}"
No Foam,root,No Foam/WIN_20260707_13_09_28_Pro.jpg,No Foam/augmented/small_rotation/root/WIN_20260707_13_09_28_Pro__small_rotation.jpg,small_rotation,"{""angle_degrees"": 0.0361}"
No Foam,root,No Foam/WIN_20260707_13_09_28_Pro.jpg,No Foam/augmented/horizontal_flip/root/WIN_20260707_13_09_28_Pro__horizontal_flip.jpg,horizontal_flip,{}
No Foam,root,No Foam/WIN_20260707_13_09_28_Pro.jpg,No Foam/augmented/brightness/root/WIN_20260707_13_09_28_Pro__brightness.jpg,brightness,"{""factor"": 0.9576}"
No Foam,root,No Foam/WIN_20260707_13_09_28_Pro.jpg,No Foam/augmented/contrast/root/WIN_20260707_13_09_28_Pro__contrast.jpg,contrast,"{""factor"": 1.0233}"
No Foam,root,No Foam/WIN_20260707_13_09_28_Pro.jpg,No Foam/augmented/saturation/root/WIN_20260707_13_09_28_Pro__saturation.jpg,saturation,"{""factor"": 1.0385}"
No Foam,root,No Foam/WIN_20260707_13_09_28_Pro.jpg,No Foam/augmented/zoom_translate/root/WIN_20260707_13_09_28_Pro__zoom_translate.jpg,zoom_translate,"{""shift_x_fraction"": -0.0305, ""shift_y_fraction"": 0.0276, ""zoom"": 1.0287}"
No Foam,root,No Foam/WIN_20260707_13_09_29_Pro.jpg,No Foam/augmented/small_rotation/root/WIN_20260707_13_09_29_Pro__small_rotation.jpg,small_rotation,"{""angle_degrees"": 7.0107}"
No Foam,root,No Foam/WIN_20260707_13_09_29_Pro.jpg,No Foam/augmented/horizontal_flip/root/WIN_20260707_13_09_29_Pro__horizontal_flip.jpg,horizontal_flip,{}
No Foam,root,No Foam/WIN_20260707_13_09_29_Pro.jpg,No Foam/augmented/brightness/root/WIN_20260707_13_09_29_Pro__brightness.jpg,brightness,"{""factor"": 1.0804}"
No Foam,root,No Foam/WIN_20260707_13_09_29_Pro.jpg,No Foam/augmented/contrast/root/WIN_20260707_13_09_29_Pro__contrast.jpg,contrast,"{""factor"": 1.1014}"
No Foam,root,No Foam/WIN_20260707_13_09_29_Pro.jpg,No Foam/augmented/saturation/root/WIN_20260707_13_09_29_Pro__saturation.jpg,saturation,"{""factor"": 0.9822}"
No Foam,root,No Foam/WIN_20260707_13_09_29_Pro.jpg,No Foam/augmented/zoom_translate/root/WIN_20260707_13_09_29_Pro__zoom_translate.jpg,zoom_translate,"{""shift_x_fraction"": -0.0045, ""shift_y_fraction"": -0.0322, ""zoom"": 1.0784}"
No Foam,root,No Foam/WIN_20260707_13_09_36_Pro (2).jpg,No Foam/augmented/small_rotation/root/WIN_20260707_13_09_36_Pro (2)__small_rotation.jpg,small_rotation,"{""angle_degrees"": 2.8946}"
No Foam,root,No Foam/WIN_20260707_13_09_36_Pro (2).jpg,No Foam/augmented/horizontal_flip/root/WIN_20260707_13_09_36_Pro (2)__horizontal_flip.jpg,horizontal_flip,{}
No Foam,root,No Foam/WIN_20260707_13_09_36_Pro (2).jpg,No Foam/augmented/brightness/root/WIN_20260707_13_09_36_Pro (2)__brightness.jpg,brightness,"{""factor"": 1.0866}"
No Foam,root,No Foam/WIN_20260707_13_09_36_Pro (2).jpg,No Foam/augmented/contrast/root/WIN_20260707_13_09_36_Pro (2)__contrast.jpg,contrast,"{""factor"": 0.9453}"
No Foam,root,No Foam/WIN_20260707_13_09_36_Pro (2).jpg,No Foam/augmented/saturation/root/WIN_20260707_13_09_36_Pro (2)__saturation.jpg,saturation,"{""factor"": 1.0813}"
No Foam,root,No Foam/WIN_20260707_13_09_36_Pro (2).jpg,No Foam/augmented/zoom_translate/root/WIN_20260707_13_09_36_Pro (2)__zoom_translate.jpg,zoom_translate,"{""shift_x_fraction"": -0.0162, ""shift_y_fraction"": -0.0314, ""zoom"": 1.044}"
No Foam,root,No Foam/WIN_20260707_13_09_36_Pro.jpg,No Foam/augmented/small_rotation/root/WIN_20260707_13_09_36_Pro__small_rotation.jpg,small_rotation,"{""angle_degrees"": -7.072}"
No Foam,root,No Foam/WIN_20260707_13_09_36_Pro.jpg,No Foam/augmented/horizontal_flip/root/WIN_20260707_13_09_36_Pro__horizontal_flip.jpg,horizontal_flip,{}
No Foam,root,No Foam/WIN_20260707_13_09_36_Pro.jpg,No Foam/augmented/brightness/root/WIN_20260707_13_09_36_Pro__brightness.jpg,brightness,"{""factor"": 1.082}"
No Foam,root,No Foam/WIN_20260707_13_09_36_Pro.jpg,No Foam/augmented/contrast/root/WIN_20260707_13_09_36_Pro__contrast.jpg,contrast,"{""factor"": 0.9032}"
No Foam,root,No Foam/WIN_20260707_13_09_36_Pro.jpg,No Foam/augmented/saturation/root/WIN_20260707_13_09_36_Pro__saturation.jpg,saturation,"{""factor"": 0.9809}"
No Foam,root,No Foam/WIN_20260707_13_09_36_Pro.jpg,No Foam/augmented/zoom_translate/root/WIN_20260707_13_09_36_Pro__zoom_translate.jpg,zoom_translate,"{""shift_x_fraction"": -0.0085, ""shift_y_fraction"": 0.0015, ""zoom"": 1.0303}"
No Foam,root,No Foam/WIN_20260707_13_09_45_Pro.jpg,No Foam/augmented/small_rotation/root/WIN_20260707_13_09_45_Pro__small_rotation.jpg,small_rotation,"{""angle_degrees"": -5.3199}"
No Foam,root,No Foam/WIN_20260707_13_09_45_Pro.jpg,No Foam/augmented/horizontal_flip/root/WIN_20260707_13_09_45_Pro__horizontal_flip.jpg,horizontal_flip,{}
No Foam,root,No Foam/WIN_20260707_13_09_45_Pro.jpg,No Foam/augmented/brightness/root/WIN_20260707_13_09_45_Pro__brightness.jpg,brightness,"{""factor"": 1.105}"
No Foam,root,No Foam/WIN_20260707_13_09_45_Pro.jpg,No Foam/augmented/contrast/root/WIN_20260707_13_09_45_Pro__contrast.jpg,contrast,"{""factor"": 0.9792}"
No Foam,root,No Foam/WIN_20260707_13_09_45_Pro.jpg,No Foam/augmented/saturation/root/WIN_20260707_13_09_45_Pro__saturation.jpg,saturation,"{""factor"": 0.9441}"
No Foam,root,No Foam/WIN_20260707_13_09_45_Pro.jpg,No Foam/augmented/zoom_translate/root/WIN_20260707_13_09_45_Pro__zoom_translate.jpg,zoom_translate,"{""shift_x_fraction"": -0.0215, ""shift_y_fraction"": -0.0131, ""zoom"": 1.0077}"
No Foam,root,No Foam/WIN_20260707_13_09_46_Pro.jpg,No Foam/augmented/small_rotation/root/WIN_20260707_13_09_46_Pro__small_rotation.jpg,small_rotation,"{""angle_degrees"": -0.9206}"
No Foam,root,No Foam/WIN_20260707_13_09_46_Pro.jpg,No Foam/augmented/horizontal_flip/root/WIN_20260707_13_09_46_Pro__horizontal_flip.jpg,horizontal_flip,{}
No Foam,root,No Foam/WIN_20260707_13_09_46_Pro.jpg,No Foam/augmented/brightness/root/WIN_20260707_13_09_46_Pro__brightness.jpg,brightness,"{""factor"": 1.0743}"
No Foam,root,No Foam/WIN_20260707_13_09_46_Pro.jpg,No Foam/augmented/contrast/root/WIN_20260707_13_09_46_Pro__contrast.jpg,contrast,"{""factor"": 1.0228}"
No Foam,root,No Foam/WIN_20260707_13_09_46_Pro.jpg,No Foam/augmented/saturation/root/WIN_20260707_13_09_46_Pro__saturation.jpg,saturation,"{""factor"": 0.9584}"
No Foam,root,No Foam/WIN_20260707_13_09_46_Pro.jpg,No Foam/augmented/zoom_translate/root/WIN_20260707_13_09_46_Pro__zoom_translate.jpg,zoom_translate,"{""shift_x_fraction"": 0.0231, ""shift_y_fraction"": 0.0131, ""zoom"": 1.0116}"
No Foam,root,No Foam/WIN_20260707_13_40_35_Pro.jpg,No Foam/augmented/small_rotation/root/WIN_20260707_13_40_35_Pro__small_rotation.jpg,small_rotation,"{""angle_degrees"": 1.8188}"
No Foam,root,No Foam/WIN_20260707_13_40_35_Pro.jpg,No Foam/augmented/horizontal_flip/root/WIN_20260707_13_40_35_Pro__horizontal_flip.jpg,horizontal_flip,{}
No Foam,root,No Foam/WIN_20260707_13_40_35_Pro.jpg,No Foam/augmented/brightness/root/WIN_20260707_13_40_35_Pro__brightness.jpg,brightness,"{""factor"": 0.9051}"
No Foam,root,No Foam/WIN_20260707_13_40_35_Pro.jpg,No Foam/augmented/contrast/root/WIN_20260707_13_40_35_Pro__contrast.jpg,contrast,"{""factor"": 0.9013}"
No Foam,root,No Foam/WIN_20260707_13_40_35_Pro.jpg,No Foam/augmented/saturation/root/WIN_20260707_13_40_35_Pro__saturation.jpg,saturation,"{""factor"": 1.0981}"
No Foam,root,No Foam/WIN_20260707_13_40_35_Pro.jpg,No Foam/augmented/zoom_translate/root/WIN_20260707_13_40_35_Pro__zoom_translate.jpg,zoom_translate,"{""shift_x_fraction"": 0.0181, ""shift_y_fraction"": 0.0302, ""zoom"": 1.0747}"
No Foam,root,No Foam/WIN_20260707_13_40_38_Pro.jpg,No Foam/augmented/small_rotation/root/WIN_20260707_13_40_38_Pro__small_rotation.jpg,small_rotation,"{""angle_degrees"": 2.943}"
No Foam,root,No Foam/WIN_20260707_13_40_38_Pro.jpg,No Foam/augmented/horizontal_flip/root/WIN_20260707_13_40_38_Pro__horizontal_flip.jpg,horizontal_flip,{}
No Foam,root,No Foam/WIN_20260707_13_40_38_Pro.jpg,No Foam/augmented/brightness/root/WIN_20260707_13_40_38_Pro__brightness.jpg,brightness,"{""factor"": 1.0591}"
No Foam,root,No Foam/WIN_20260707_13_40_38_Pro.jpg,No Foam/augmented/contrast/root/WIN_20260707_13_40_38_Pro__contrast.jpg,contrast,"{""factor"": 1.0507}"
No Foam,root,No Foam/WIN_20260707_13_40_38_Pro.jpg,No Foam/augmented/saturation/root/WIN_20260707_13_40_38_Pro__saturation.jpg,saturation,"{""factor"": 1.0681}"
No Foam,root,No Foam/WIN_20260707_13_40_38_Pro.jpg,No Foam/augmented/zoom_translate/root/WIN_20260707_13_40_38_Pro__zoom_translate.jpg,zoom_translate,"{""shift_x_fraction"": -0.019, ""shift_y_fraction"": 0.0064, ""zoom"": 1.0662}"
No Foam,root,No Foam/WIN_20260707_13_40_44_Pro.jpg,No Foam/augmented/small_rotation/root/WIN_20260707_13_40_44_Pro__small_rotation.jpg,small_rotation,"{""angle_degrees"": 0.7647}"
No Foam,root,No Foam/WIN_20260707_13_40_44_Pro.jpg,No Foam/augmented/horizontal_flip/root/WIN_20260707_13_40_44_Pro__horizontal_flip.jpg,horizontal_flip,{}
No Foam,root,No Foam/WIN_20260707_13_40_44_Pro.jpg,No Foam/augmented/brightness/root/WIN_20260707_13_40_44_Pro__brightness.jpg,brightness,"{""factor"": 0.8503}"
No Foam,root,No Foam/WIN_20260707_13_40_44_Pro.jpg,No Foam/augmented/contrast/root/WIN_20260707_13_40_44_Pro__contrast.jpg,contrast,"{""factor"": 1.0758}"
No Foam,root,No Foam/WIN_20260707_13_40_44_Pro.jpg,No Foam/augmented/saturation/root/WIN_20260707_13_40_44_Pro__saturation.jpg,saturation,"{""factor"": 0.9066}"
No Foam,root,No Foam/WIN_20260707_13_40_44_Pro.jpg,No Foam/augmented/zoom_translate/root/WIN_20260707_13_40_44_Pro__zoom_translate.jpg,zoom_translate,"{""shift_x_fraction"": -0.0182, ""shift_y_fraction"": -0.0215, ""zoom"": 1.0109}"
No Foam,root,No Foam/WIN_20260707_13_40_54_Pro.jpg,No Foam/augmented/small_rotation/root/WIN_20260707_13_40_54_Pro__small_rotation.jpg,small_rotation,"{""angle_degrees"": -5.8283}"
No Foam,root,No Foam/WIN_20260707_13_40_54_Pro.jpg,No Foam/augmented/horizontal_flip/root/WIN_20260707_13_40_54_Pro__horizontal_flip.jpg,horizontal_flip,{}
No Foam,root,No Foam/WIN_20260707_13_40_54_Pro.jpg,No Foam/augmented/brightness/root/WIN_20260707_13_40_54_Pro__brightness.jpg,brightness,"{""factor"": 0.986}"
No Foam,root,No Foam/WIN_20260707_13_40_54_Pro.jpg,No Foam/augmented/contrast/root/WIN_20260707_13_40_54_Pro__contrast.jpg,contrast,"{""factor"": 1.1323}"
No Foam,root,No Foam/WIN_20260707_13_40_54_Pro.jpg,No Foam/augmented/saturation/root/WIN_20260707_13_40_54_Pro__saturation.jpg,saturation,"{""factor"": 1.0158}"
No Foam,root,No Foam/WIN_20260707_13_40_54_Pro.jpg,No Foam/augmented/zoom_translate/root/WIN_20260707_13_40_54_Pro__zoom_translate.jpg,zoom_translate,"{""shift_x_fraction"": -0.0012, ""shift_y_fraction"": -0.0008, ""zoom"": 1.0408}"
No Foam,root,No Foam/WIN_20260707_13_40_56_Pro.jpg,No Foam/augmented/small_rotation/root/WIN_20260707_13_40_56_Pro__small_rotation.jpg,small_rotation,"{""angle_degrees"": 0.4622}"
No Foam,root,No Foam/WIN_20260707_13_40_56_Pro.jpg,No Foam/augmented/horizontal_flip/root/WIN_20260707_13_40_56_Pro__horizontal_flip.jpg,horizontal_flip,{}
No Foam,root,No Foam/WIN_20260707_13_40_56_Pro.jpg,No Foam/augmented/brightness/root/WIN_20260707_13_40_56_Pro__brightness.jpg,brightness,"{""factor"": 0.923}"
No Foam,root,No Foam/WIN_20260707_13_40_56_Pro.jpg,No Foam/augmented/contrast/root/WIN_20260707_13_40_56_Pro__contrast.jpg,contrast,"{""factor"": 1.106}"
No Foam,root,No Foam/WIN_20260707_13_40_56_Pro.jpg,No Foam/augmented/saturation/root/WIN_20260707_13_40_56_Pro__saturation.jpg,saturation,"{""factor"": 1.0737}"
No Foam,root,No Foam/WIN_20260707_13_40_56_Pro.jpg,No Foam/augmented/zoom_translate/root/WIN_20260707_13_40_56_Pro__zoom_translate.jpg,zoom_translate,"{""shift_x_fraction"": 0.0118, ""shift_y_fraction"": 0.027, ""zoom"": 1.0409}"
No Foam,root,No Foam/WIN_20260707_13_40_58_Pro.jpg,No Foam/augmented/small_rotation/root/WIN_20260707_13_40_58_Pro__small_rotation.jpg,small_rotation,"{""angle_degrees"": -0.4153}"
No Foam,root,No Foam/WIN_20260707_13_40_58_Pro.jpg,No Foam/augmented/horizontal_flip/root/WIN_20260707_13_40_58_Pro__horizontal_flip.jpg,horizontal_flip,{}
No Foam,root,No Foam/WIN_20260707_13_40_58_Pro.jpg,No Foam/augmented/brightness/root/WIN_20260707_13_40_58_Pro__brightness.jpg,brightness,"{""factor"": 1.0643}"
No Foam,root,No Foam/WIN_20260707_13_40_58_Pro.jpg,No Foam/augmented/contrast/root/WIN_20260707_13_40_58_Pro__contrast.jpg,contrast,"{""factor"": 1.0765}"
No Foam,root,No Foam/WIN_20260707_13_40_58_Pro.jpg,No Foam/augmented/saturation/root/WIN_20260707_13_40_58_Pro__saturation.jpg,saturation,"{""factor"": 0.9483}"
No Foam,root,No Foam/WIN_20260707_13_40_58_Pro.jpg,No Foam/augmented/zoom_translate/root/WIN_20260707_13_40_58_Pro__zoom_translate.jpg,zoom_translate,"{""shift_x_fraction"": 0.0305, ""shift_y_fraction"": -0.0283, ""zoom"": 1.0177}"
No Foam,root,No Foam/WIN_20260707_13_41_01_Pro.jpg,No Foam/augmented/small_rotation/root/WIN_20260707_13_41_01_Pro__small_rotation.jpg,small_rotation,"{""angle_degrees"": 2.3627}"
No Foam,root,No Foam/WIN_20260707_13_41_01_Pro.jpg,No Foam/augmented/horizontal_flip/root/WIN_20260707_13_41_01_Pro__horizontal_flip.jpg,horizontal_flip,{}
No Foam,root,No Foam/WIN_20260707_13_41_01_Pro.jpg,No Foam/augmented/brightness/root/WIN_20260707_13_41_01_Pro__brightness.jpg,brightness,"{""factor"": 0.8986}"
No Foam,root,No Foam/WIN_20260707_13_41_01_Pro.jpg,No Foam/augmented/contrast/root/WIN_20260707_13_41_01_Pro__contrast.jpg,contrast,"{""factor"": 0.9942}"
No Foam,root,No Foam/WIN_20260707_13_41_01_Pro.jpg,No Foam/augmented/saturation/root/WIN_20260707_13_41_01_Pro__saturation.jpg,saturation,"{""factor"": 1.0148}"
No Foam,root,No Foam/WIN_20260707_13_41_01_Pro.jpg,No Foam/augmented/zoom_translate/root/WIN_20260707_13_41_01_Pro__zoom_translate.jpg,zoom_translate,"{""shift_x_fraction"": 0.0084, ""shift_y_fraction"": -0.0172, ""zoom"": 1.0068}"
No Foam,root,No Foam/WIN_20260707_13_41_06_Pro.jpg,No Foam/augmented/small_rotation/root/WIN_20260707_13_41_06_Pro__small_rotation.jpg,small_rotation,"{""angle_degrees"": -5.2914}"
No Foam,root,No Foam/WIN_20260707_13_41_06_Pro.jpg,No Foam/augmented/horizontal_flip/root/WIN_20260707_13_41_06_Pro__horizontal_flip.jpg,horizontal_flip,{}
No Foam,root,No Foam/WIN_20260707_13_41_06_Pro.jpg,No Foam/augmented/brightness/root/WIN_20260707_13_41_06_Pro__brightness.jpg,brightness,"{""factor"": 0.9018}"
No Foam,root,No Foam/WIN_20260707_13_41_06_Pro.jpg,No Foam/augmented/contrast/root/WIN_20260707_13_41_06_Pro__contrast.jpg,contrast,"{""factor"": 0.929}"
No Foam,root,No Foam/WIN_20260707_13_41_06_Pro.jpg,No Foam/augmented/saturation/root/WIN_20260707_13_41_06_Pro__saturation.jpg,saturation,"{""factor"": 1.0686}"
No Foam,root,No Foam/WIN_20260707_13_41_06_Pro.jpg,No Foam/augmented/zoom_translate/root/WIN_20260707_13_41_06_Pro__zoom_translate.jpg,zoom_translate,"{""shift_x_fraction"": -0.0256, ""shift_y_fraction"": 0.0301, ""zoom"": 1.0097}"
No Foam,root,No Foam/WIN_20260707_13_41_09_Pro.jpg,No Foam/augmented/small_rotation/root/WIN_20260707_13_41_09_Pro__small_rotation.jpg,small_rotation,"{""angle_degrees"": 2.5281}"
No Foam,root,No Foam/WIN_20260707_13_41_09_Pro.jpg,No Foam/augmented/horizontal_flip/root/WIN_20260707_13_41_09_Pro__horizontal_flip.jpg,horizontal_flip,{}
No Foam,root,No Foam/WIN_20260707_13_41_09_Pro.jpg,No Foam/augmented/brightness/root/WIN_20260707_13_41_09_Pro__brightness.jpg,brightness,"{""factor"": 0.9761}"
No Foam,root,No Foam/WIN_20260707_13_41_09_Pro.jpg,No Foam/augmented/contrast/root/WIN_20260707_13_41_09_Pro__contrast.jpg,contrast,"{""factor"": 1.1445}"
No Foam,root,No Foam/WIN_20260707_13_41_09_Pro.jpg,No Foam/augmented/saturation/root/WIN_20260707_13_41_09_Pro__saturation.jpg,saturation,"{""factor"": 1.0453}"
No Foam,root,No Foam/WIN_20260707_13_41_09_Pro.jpg,No Foam/augmented/zoom_translate/root/WIN_20260707_13_41_09_Pro__zoom_translate.jpg,zoom_translate,"{""shift_x_fraction"": 0.0348, ""shift_y_fraction"": -0.0247, ""zoom"": 1.0596}"
No Foam,root,No Foam/WIN_20260707_13_41_12_Pro.jpg,No Foam/augmented/small_rotation/root/WIN_20260707_13_41_12_Pro__small_rotation.jpg,small_rotation,"{""angle_degrees"": 7.1026}"
No Foam,root,No Foam/WIN_20260707_13_41_12_Pro.jpg,No Foam/augmented/horizontal_flip/root/WIN_20260707_13_41_12_Pro__horizontal_flip.jpg,horizontal_flip,{}
No Foam,root,No Foam/WIN_20260707_13_41_12_Pro.jpg,No Foam/augmented/brightness/root/WIN_20260707_13_41_12_Pro__brightness.jpg,brightness,"{""factor"": 1.0395}"
No Foam,root,No Foam/WIN_20260707_13_41_12_Pro.jpg,No Foam/augmented/contrast/root/WIN_20260707_13_41_12_Pro__contrast.jpg,contrast,"{""factor"": 1.0333}"
No Foam,root,No Foam/WIN_20260707_13_41_12_Pro.jpg,No Foam/augmented/saturation/root/WIN_20260707_13_41_12_Pro__saturation.jpg,saturation,"{""factor"": 1.0702}"
No Foam,root,No Foam/WIN_20260707_13_41_12_Pro.jpg,No Foam/augmented/zoom_translate/root/WIN_20260707_13_41_12_Pro__zoom_translate.jpg,zoom_translate,"{""shift_x_fraction"": 0.0276, ""shift_y_fraction"": -0.0046, ""zoom"": 1.0356}"
No Foam,root,No Foam/WIN_20260707_13_41_15_Pro.jpg,No Foam/augmented/small_rotation/root/WIN_20260707_13_41_15_Pro__small_rotation.jpg,small_rotation,"{""angle_degrees"": -2.0144}"
No Foam,root,No Foam/WIN_20260707_13_41_15_Pro.jpg,No Foam/augmented/horizontal_flip/root/WIN_20260707_13_41_15_Pro__horizontal_flip.jpg,horizontal_flip,{}
No Foam,root,No Foam/WIN_20260707_13_41_15_Pro.jpg,No Foam/augmented/brightness/root/WIN_20260707_13_41_15_Pro__brightness.jpg,brightness,"{""factor"": 1.0184}"
No Foam,root,No Foam/WIN_20260707_13_41_15_Pro.jpg,No Foam/augmented/contrast/root/WIN_20260707_13_41_15_Pro__contrast.jpg,contrast,"{""factor"": 1.0834}"
No Foam,root,No Foam/WIN_20260707_13_41_15_Pro.jpg,No Foam/augmented/saturation/root/WIN_20260707_13_41_15_Pro__saturation.jpg,saturation,"{""factor"": 1.0067}"
No Foam,root,No Foam/WIN_20260707_13_41_15_Pro.jpg,No Foam/augmented/zoom_translate/root/WIN_20260707_13_41_15_Pro__zoom_translate.jpg,zoom_translate,"{""shift_x_fraction"": 0.0182, ""shift_y_fraction"": -0.0271, ""zoom"": 1.028}"
No Foam,root,No Foam/WIN_20260707_13_41_17_Pro.jpg,No Foam/augmented/small_rotation/root/WIN_20260707_13_41_17_Pro__small_rotation.jpg,small_rotation,"{""angle_degrees"": -5.1051}"
No Foam,root,No Foam/WIN_20260707_13_41_17_Pro.jpg,No Foam/augmented/horizontal_flip/root/WIN_20260707_13_41_17_Pro__horizontal_flip.jpg,horizontal_flip,{}
No Foam,root,No Foam/WIN_20260707_13_41_17_Pro.jpg,No Foam/augmented/brightness/root/WIN_20260707_13_41_17_Pro__brightness.jpg,brightness,"{""factor"": 1.144}"
No Foam,root,No Foam/WIN_20260707_13_41_17_Pro.jpg,No Foam/augmented/contrast/root/WIN_20260707_13_41_17_Pro__contrast.jpg,contrast,"{""factor"": 0.866}"
No Foam,root,No Foam/WIN_20260707_13_41_17_Pro.jpg,No Foam/augmented/saturation/root/WIN_20260707_13_41_17_Pro__saturation.jpg,saturation,"{""factor"": 0.9598}"
No Foam,root,No Foam/WIN_20260707_13_41_17_Pro.jpg,No Foam/augmented/zoom_translate/root/WIN_20260707_13_41_17_Pro__zoom_translate.jpg,zoom_translate,"{""shift_x_fraction"": 0.0312, ""shift_y_fraction"": -0.0147, ""zoom"": 1.029}"
No Foam,root,No Foam/frame_0000.jpg,No Foam/augmented/small_rotation/root/frame_0000__small_rotation.jpg,small_rotation,"{""angle_degrees"": -7.2571}"
No Foam,root,No Foam/frame_0000.jpg,No Foam/augmented/horizontal_flip/root/frame_0000__horizontal_flip.jpg,horizontal_flip,{}
No Foam,root,No Foam/frame_0000.jpg,No Foam/augmented/brightness/root/frame_0000__brightness.jpg,brightness,"{""factor"": 1.0115}"
No Foam,root,No Foam/frame_0000.jpg,No Foam/augmented/contrast/root/frame_0000__contrast.jpg,contrast,"{""factor"": 0.9602}"
No Foam,root,No Foam/frame_0000.jpg,No Foam/augmented/saturation/root/frame_0000__saturation.jpg,saturation,"{""factor"": 0.9008}"
No Foam,root,No Foam/frame_0000.jpg,No Foam/augmented/zoom_translate/root/frame_0000__zoom_translate.jpg,zoom_translate,"{""shift_x_fraction"": -0.0282, ""shift_y_fraction"": -0.0196, ""zoom"": 1.068}"
No Foam,root,No Foam/frame_0001.jpg,No Foam/augmented/small_rotation/root/frame_0001__small_rotation.jpg,small_rotation,"{""angle_degrees"": 2.9462}"
No Foam,root,No Foam/frame_0001.jpg,No Foam/augmented/horizontal_flip/root/frame_0001__horizontal_flip.jpg,horizontal_flip,{}
No Foam,root,No Foam/frame_0001.jpg,No Foam/augmented/brightness/root/frame_0001__brightness.jpg,brightness,"{""factor"": 0.9701}"
No Foam,root,No Foam/frame_0001.jpg,No Foam/augmented/contrast/root/frame_0001__contrast.jpg,contrast,"{""factor"": 1.0983}"
No Foam,root,No Foam/frame_0001.jpg,No Foam/augmented/saturation/root/frame_0001__saturation.jpg,saturation,"{""factor"": 0.928}"
No Foam,root,No Foam/frame_0001.jpg,No Foam/augmented/zoom_translate/root/frame_0001__zoom_translate.jpg,zoom_translate,"{""shift_x_fraction"": -0.0002, ""shift_y_fraction"": 0.0302, ""zoom"": 1.059}"
No Foam,root,No Foam/frame_0002.jpg,No Foam/augmented/small_rotation/root/frame_0002__small_rotation.jpg,small_rotation,"{""angle_degrees"": -3.9104}"
No Foam,root,No Foam/frame_0002.jpg,No Foam/augmented/horizontal_flip/root/frame_0002__horizontal_flip.jpg,horizontal_flip,{}
No Foam,root,No Foam/frame_0002.jpg,No Foam/augmented/brightness/root/frame_0002__brightness.jpg,brightness,"{""factor"": 1.0347}"
No Foam,root,No Foam/frame_0002.jpg,No Foam/augmented/contrast/root/frame_0002__contrast.jpg,contrast,"{""factor"": 0.8975}"
No Foam,root,No Foam/frame_0002.jpg,No Foam/augmented/saturation/root/frame_0002__saturation.jpg,saturation,"{""factor"": 1.0831}"
No Foam,root,No Foam/frame_0002.jpg,No Foam/augmented/zoom_translate/root/frame_0002__zoom_translate.jpg,zoom_translate,"{""shift_x_fraction"": 0.0167, ""shift_y_fraction"": -0.0254, ""zoom"": 1.0641}"
No Foam,root,No Foam/frame_0003.jpg,No Foam/augmented/small_rotation/root/frame_0003__small_rotation.jpg,small_rotation,"{""angle_degrees"": 3.2982}"
No Foam,root,No Foam/frame_0003.jpg,No Foam/augmented/horizontal_flip/root/frame_0003__horizontal_flip.jpg,horizontal_flip,{}
No Foam,root,No Foam/frame_0003.jpg,No Foam/augmented/brightness/root/frame_0003__brightness.jpg,brightness,"{""factor"": 1.1061}"
No Foam,root,No Foam/frame_0003.jpg,No Foam/augmented/contrast/root/frame_0003__contrast.jpg,contrast,"{""factor"": 0.9974}"
No Foam,root,No Foam/frame_0003.jpg,No Foam/augmented/saturation/root/frame_0003__saturation.jpg,saturation,"{""factor"": 0.9987}"
No Foam,root,No Foam/frame_0003.jpg,No Foam/augmented/zoom_translate/root/frame_0003__zoom_translate.jpg,zoom_translate,"{""shift_x_fraction"": -0.0135, ""shift_y_fraction"": 0.0281, ""zoom"": 1.0462}"
No Foam,root,No Foam/frame_0004.jpg,No Foam/augmented/small_rotation/root/frame_0004__small_rotation.jpg,small_rotation,"{""angle_degrees"": 6.4828}"
No Foam,root,No Foam/frame_0004.jpg,No Foam/augmented/horizontal_flip/root/frame_0004__horizontal_flip.jpg,horizontal_flip,{}
No Foam,root,No Foam/frame_0004.jpg,No Foam/augmented/brightness/root/frame_0004__brightness.jpg,brightness,"{""factor"": 1.0449}"
No Foam,root,No Foam/frame_0004.jpg,No Foam/augmented/contrast/root/frame_0004__contrast.jpg,contrast,"{""factor"": 0.899}"
No Foam,root,No Foam/frame_0004.jpg,No Foam/augmented/saturation/root/frame_0004__saturation.jpg,saturation,"{""factor"": 0.9222}"
No Foam,root,No Foam/frame_0004.jpg,No Foam/augmented/zoom_translate/root/frame_0004__zoom_translate.jpg,zoom_translate,"{""shift_x_fraction"": 0.0194, ""shift_y_fraction"": 0.0143, ""zoom"": 1.0114}"
No Foam,root,No Foam/frame_0005.jpg,No Foam/augmented/small_rotation/root/frame_0005__small_rotation.jpg,small_rotation,"{""angle_degrees"": -5.5421}"
No Foam,root,No Foam/frame_0005.jpg,No Foam/augmented/horizontal_flip/root/frame_0005__horizontal_flip.jpg,horizontal_flip,{}
No Foam,root,No Foam/frame_0005.jpg,No Foam/augmented/brightness/root/frame_0005__brightness.jpg,brightness,"{""factor"": 1.048}"
No Foam,root,No Foam/frame_0005.jpg,No Foam/augmented/contrast/root/frame_0005__contrast.jpg,contrast,"{""factor"": 1.0794}"
No Foam,root,No Foam/frame_0005.jpg,No Foam/augmented/saturation/root/frame_0005__saturation.jpg,saturation,"{""factor"": 0.9454}"
No Foam,root,No Foam/frame_0005.jpg,No Foam/augmented/zoom_translate/root/frame_0005__zoom_translate.jpg,zoom_translate,"{""shift_x_fraction"": -0.0027, ""shift_y_fraction"": 0.003, ""zoom"": 1.044}"
No Foam,root,No Foam/frame_0006.jpg,No Foam/augmented/small_rotation/root/frame_0006__small_rotation.jpg,small_rotation,"{""angle_degrees"": 3.5614}"
No Foam,root,No Foam/frame_0006.jpg,No Foam/augmented/horizontal_flip/root/frame_0006__horizontal_flip.jpg,horizontal_flip,{}
No Foam,root,No Foam/frame_0006.jpg,No Foam/augmented/brightness/root/frame_0006__brightness.jpg,brightness,"{""factor"": 1.0867}"
No Foam,root,No Foam/frame_0006.jpg,No Foam/augmented/contrast/root/frame_0006__contrast.jpg,contrast,"{""factor"": 1.0378}"
No Foam,root,No Foam/frame_0006.jpg,No Foam/augmented/saturation/root/frame_0006__saturation.jpg,saturation,"{""factor"": 0.9355}"
No Foam,root,No Foam/frame_0006.jpg,No Foam/augmented/zoom_translate/root/frame_0006__zoom_translate.jpg,zoom_translate,"{""shift_x_fraction"": -0.0153, ""shift_y_fraction"": 0.002, ""zoom"": 1.0389}"
No Foam,root,No Foam/frame_0007.jpg,No Foam/augmented/small_rotation/root/frame_0007__small_rotation.jpg,small_rotation,"{""angle_degrees"": -6.8007}"
No Foam,root,No Foam/frame_0007.jpg,No Foam/augmented/horizontal_flip/root/frame_0007__horizontal_flip.jpg,horizontal_flip,{}
No Foam,root,No Foam/frame_0007.jpg,No Foam/augmented/brightness/root/frame_0007__brightness.jpg,brightness,"{""factor"": 1.019}"
No Foam,root,No Foam/frame_0007.jpg,No Foam/augmented/contrast/root/frame_0007__contrast.jpg,contrast,"{""factor"": 1.0534}"
No Foam,root,No Foam/frame_0007.jpg,No Foam/augmented/saturation/root/frame_0007__saturation.jpg,saturation,"{""factor"": 1.057}"
No Foam,root,No Foam/frame_0007.jpg,No Foam/augmented/zoom_translate/root/frame_0007__zoom_translate.jpg,zoom_translate,"{""shift_x_fraction"": 0.0039, ""shift_y_fraction"": 0.0125, ""zoom"": 1.0658}"
No Foam,root,No Foam/frame_0008.jpg,No Foam/augmented/small_rotation/root/frame_0008__small_rotation.jpg,small_rotation,"{""angle_degrees"": 5.1299}"
No Foam,root,No Foam/frame_0008.jpg,No Foam/augmented/horizontal_flip/root/frame_0008__horizontal_flip.jpg,horizontal_flip,{}
No Foam,root,No Foam/frame_0008.jpg,No Foam/augmented/brightness/root/frame_0008__brightness.jpg,brightness,"{""factor"": 1.0305}"
No Foam,root,No Foam/frame_0008.jpg,No Foam/augmented/contrast/root/frame_0008__contrast.jpg,contrast,"{""factor"": 1.1048}"
No Foam,root,No Foam/frame_0008.jpg,No Foam/augmented/saturation/root/frame_0008__saturation.jpg,saturation,"{""factor"": 1.0379}"
No Foam,root,No Foam/frame_0008.jpg,No Foam/augmented/zoom_translate/root/frame_0008__zoom_translate.jpg,zoom_translate,"{""shift_x_fraction"": -0.0139, ""shift_y_fraction"": 0.0224, ""zoom"": 1.0321}"
No Foam,root,No Foam/frame_0009.jpg,No Foam/augmented/small_rotation/root/frame_0009__small_rotation.jpg,small_rotation,"{""angle_degrees"": -6.101}"
No Foam,root,No Foam/frame_0009.jpg,No Foam/augmented/horizontal_flip/root/frame_0009__horizontal_flip.jpg,horizontal_flip,{}
No Foam,root,No Foam/frame_0009.jpg,No Foam/augmented/brightness/root/frame_0009__brightness.jpg,brightness,"{""factor"": 1.052}"
No Foam,root,No Foam/frame_0009.jpg,No Foam/augmented/contrast/root/frame_0009__contrast.jpg,contrast,"{""factor"": 1.0634}"
No Foam,root,No Foam/frame_0009.jpg,No Foam/augmented/saturation/root/frame_0009__saturation.jpg,saturation,"{""factor"": 0.9963}"
No Foam,root,No Foam/frame_0009.jpg,No Foam/augmented/zoom_translate/root/frame_0009__zoom_translate.jpg,zoom_translate,"{""shift_x_fraction"": 0.0259, ""shift_y_fraction"": -0.0037, ""zoom"": 1.0481}"
No Foam,root,No Foam/frame_0010.jpg,No Foam/augmented/small_rotation/root/frame_0010__small_rotation.jpg,small_rotation,"{""angle_degrees"": -3.8234}"
No Foam,root,No Foam/frame_0010.jpg,No Foam/augmented/horizontal_flip/root/frame_0010__horizontal_flip.jpg,horizontal_flip,{}
No Foam,root,No Foam/frame_0010.jpg,No Foam/augmented/brightness/root/frame_0010__brightness.jpg,brightness,"{""factor"": 0.8762}"
No Foam,root,No Foam/frame_0010.jpg,No Foam/augmented/contrast/root/frame_0010__contrast.jpg,contrast,"{""factor"": 1.0977}"
No Foam,root,No Foam/frame_0010.jpg,No Foam/augmented/saturation/root/frame_0010__saturation.jpg,saturation,"{""factor"": 1.0419}"
No Foam,root,No Foam/frame_0010.jpg,No Foam/augmented/zoom_translate/root/frame_0010__zoom_translate.jpg,zoom_translate,"{""shift_x_fraction"": 0.0295, ""shift_y_fraction"": 0.008, ""zoom"": 1.0062}"
No Foam,root,No Foam/frame_0011.jpg,No Foam/augmented/small_rotation/root/frame_0011__small_rotation.jpg,small_rotation,"{""angle_degrees"": 6.7881}"
No Foam,root,No Foam/frame_0011.jpg,No Foam/augmented/horizontal_flip/root/frame_0011__horizontal_flip.jpg,horizontal_flip,{}
No Foam,root,No Foam/frame_0011.jpg,No Foam/augmented/brightness/root/frame_0011__brightness.jpg,brightness,"{""factor"": 0.9146}"
No Foam,root,No Foam/frame_0011.jpg,No Foam/augmented/contrast/root/frame_0011__contrast.jpg,contrast,"{""factor"": 0.947}"
No Foam,root,No Foam/frame_0011.jpg,No Foam/augmented/saturation/root/frame_0011__saturation.jpg,saturation,"{""factor"": 1.0371}"
No Foam,root,No Foam/frame_0011.jpg,No Foam/augmented/zoom_translate/root/frame_0011__zoom_translate.jpg,zoom_translate,"{""shift_x_fraction"": -0.0073, ""shift_y_fraction"": -0.0154, ""zoom"": 1.0106}"
No Foam,root,No Foam/frame_0012.jpg,No Foam/augmented/small_rotation/root/frame_0012__small_rotation.jpg,small_rotation,"{""angle_degrees"": -1.4414}"
No Foam,root,No Foam/frame_0012.jpg,No Foam/augmented/horizontal_flip/root/frame_0012__horizontal_flip.jpg,horizontal_flip,{}
No Foam,root,No Foam/frame_0012.jpg,No Foam/augmented/brightness/root/frame_0012__brightness.jpg,brightness,"{""factor"": 1.0083}"
No Foam,root,No Foam/frame_0012.jpg,No Foam/augmented/contrast/root/frame_0012__contrast.jpg,contrast,"{""factor"": 1.0362}"
No Foam,root,No Foam/frame_0012.jpg,No Foam/augmented/saturation/root/frame_0012__saturation.jpg,saturation,"{""factor"": 1.0226}"
No Foam,root,No Foam/frame_0012.jpg,No Foam/augmented/zoom_translate/root/frame_0012__zoom_translate.jpg,zoom_translate,"{""shift_x_fraction"": -0.005, ""shift_y_fraction"": -0.0091, ""zoom"": 1.0501}"
No Foam,root,No Foam/frame_0013.jpg,No Foam/augmented/small_rotation/root/frame_0013__small_rotation.jpg,small_rotation,"{""angle_degrees"": -2.4452}"
No Foam,root,No Foam/frame_0013.jpg,No Foam/augmented/horizontal_flip/root/frame_0013__horizontal_flip.jpg,horizontal_flip,{}
No Foam,root,No Foam/frame_0013.jpg,No Foam/augmented/brightness/root/frame_0013__brightness.jpg,brightness,"{""factor"": 0.8951}"
No Foam,root,No Foam/frame_0013.jpg,No Foam/augmented/contrast/root/frame_0013__contrast.jpg,contrast,"{""factor"": 1.0944}"
No Foam,root,No Foam/frame_0013.jpg,No Foam/augmented/saturation/root/frame_0013__saturation.jpg,saturation,"{""factor"": 1.0943}"
No Foam,root,No Foam/frame_0013.jpg,No Foam/augmented/zoom_translate/root/frame_0013__zoom_translate.jpg,zoom_translate,"{""shift_x_fraction"": -0.0144, ""shift_y_fraction"": -0.0134, ""zoom"": 1.0757}"
No Foam,root,No Foam/frame_0014.jpg,No Foam/augmented/small_rotation/root/frame_0014__small_rotation.jpg,small_rotation,"{""angle_degrees"": -3.2213}"
No Foam,root,No Foam/frame_0014.jpg,No Foam/augmented/horizontal_flip/root/frame_0014__horizontal_flip.jpg,horizontal_flip,{}
No Foam,root,No Foam/frame_0014.jpg,No Foam/augmented/brightness/root/frame_0014__brightness.jpg,brightness,"{""factor"": 0.935}"
No Foam,root,No Foam/frame_0014.jpg,No Foam/augmented/contrast/root/frame_0014__contrast.jpg,contrast,"{""factor"": 1.1485}"
No Foam,root,No Foam/frame_0014.jpg,No Foam/augmented/saturation/root/frame_0014__saturation.jpg,saturation,"{""factor"": 1.0942}"
No Foam,root,No Foam/frame_0014.jpg,No Foam/augmented/zoom_translate/root/frame_0014__zoom_translate.jpg,zoom_translate,"{""shift_x_fraction"": -0.0299, ""shift_y_fraction"": -0.002, ""zoom"": 1.0223}"
No Foam,root,No Foam/frame_0015.jpg,No Foam/augmented/small_rotation/root/frame_0015__small_rotation.jpg,small_rotation,"{""angle_degrees"": -3.8198}"
No Foam,root,No Foam/frame_0015.jpg,No Foam/augmented/horizontal_flip/root/frame_0015__horizontal_flip.jpg,horizontal_flip,{}
No Foam,root,No Foam/frame_0015.jpg,No Foam/augmented/brightness/root/frame_0015__brightness.jpg,brightness,"{""factor"": 0.895}"
No Foam,root,No Foam/frame_0015.jpg,No Foam/augmented/contrast/root/frame_0015__contrast.jpg,contrast,"{""factor"": 1.1286}"
No Foam,root,No Foam/frame_0015.jpg,No Foam/augmented/saturation/root/frame_0015__saturation.jpg,saturation,"{""factor"": 0.9495}"
No Foam,root,No Foam/frame_0015.jpg,No Foam/augmented/zoom_translate/root/frame_0015__zoom_translate.jpg,zoom_translate,"{""shift_x_fraction"": -0.0081, ""shift_y_fraction"": -0.0269, ""zoom"": 1.0053}"
No Foam,root,No Foam/frame_0016.jpg,No Foam/augmented/small_rotation/root/frame_0016__small_rotation.jpg,small_rotation,"{""angle_degrees"": 7.4532}"
No Foam,root,No Foam/frame_0016.jpg,No Foam/augmented/horizontal_flip/root/frame_0016__horizontal_flip.jpg,horizontal_flip,{}
No Foam,root,No Foam/frame_0016.jpg,No Foam/augmented/brightness/root/frame_0016__brightness.jpg,brightness,"{""factor"": 0.9177}"
No Foam,root,No Foam/frame_0016.jpg,No Foam/augmented/contrast/root/frame_0016__contrast.jpg,contrast,"{""factor"": 1.0187}"
No Foam,root,No Foam/frame_0016.jpg,No Foam/augmented/saturation/root/frame_0016__saturation.jpg,saturation,"{""factor"": 1.0632}"
No Foam,root,No Foam/frame_0016.jpg,No Foam/augmented/zoom_translate/root/frame_0016__zoom_translate.jpg,zoom_translate,"{""shift_x_fraction"": 0.0165, ""shift_y_fraction"": -0.0298, ""zoom"": 1.0655}"
No Foam,root,No Foam/frame_0017.jpg,No Foam/augmented/small_rotation/root/frame_0017__small_rotation.jpg,small_rotation,"{""angle_degrees"": -6.8322}"
No Foam,root,No Foam/frame_0017.jpg,No Foam/augmented/horizontal_flip/root/frame_0017__horizontal_flip.jpg,horizontal_flip,{}
No Foam,root,No Foam/frame_0017.jpg,No Foam/augmented/brightness/root/frame_0017__brightness.jpg,brightness,"{""factor"": 1.0761}"
No Foam,root,No Foam/frame_0017.jpg,No Foam/augmented/contrast/root/frame_0017__contrast.jpg,contrast,"{""factor"": 1.0541}"
No Foam,root,No Foam/frame_0017.jpg,No Foam/augmented/saturation/root/frame_0017__saturation.jpg,saturation,"{""factor"": 0.9268}"
No Foam,root,No Foam/frame_0017.jpg,No Foam/augmented/zoom_translate/root/frame_0017__zoom_translate.jpg,zoom_translate,"{""shift_x_fraction"": 0.0256, ""shift_y_fraction"": 0.0071, ""zoom"": 1.0461}"
No Foam,root,No Foam/frame_0018.jpg,No Foam/augmented/small_rotation/root/frame_0018__small_rotation.jpg,small_rotation,"{""angle_degrees"": -4.1034}"
No Foam,root,No Foam/frame_0018.jpg,No Foam/augmented/horizontal_flip/root/frame_0018__horizontal_flip.jpg,horizontal_flip,{}
No Foam,root,No Foam/frame_0018.jpg,No Foam/augmented/brightness/root/frame_0018__brightness.jpg,brightness,"{""factor"": 0.8514}"
No Foam,root,No Foam/frame_0018.jpg,No Foam/augmented/contrast/root/frame_0018__contrast.jpg,contrast,"{""factor"": 1.0553}"
No Foam,root,No Foam/frame_0018.jpg,No Foam/augmented/saturation/root/frame_0018__saturation.jpg,saturation,"{""factor"": 0.9935}"
No Foam,root,No Foam/frame_0018.jpg,No Foam/augmented/zoom_translate/root/frame_0018__zoom_translate.jpg,zoom_translate,"{""shift_x_fraction"": -0.0063, ""shift_y_fraction"": -0.0024, ""zoom"": 1.0768}"
No Foam,root,No Foam/frame_0019.jpg,No Foam/augmented/small_rotation/root/frame_0019__small_rotation.jpg,small_rotation,"{""angle_degrees"": -6.5101}"
No Foam,root,No Foam/frame_0019.jpg,No Foam/augmented/horizontal_flip/root/frame_0019__horizontal_flip.jpg,horizontal_flip,{}
No Foam,root,No Foam/frame_0019.jpg,No Foam/augmented/brightness/root/frame_0019__brightness.jpg,brightness,"{""factor"": 1.0474}"
No Foam,root,No Foam/frame_0019.jpg,No Foam/augmented/contrast/root/frame_0019__contrast.jpg,contrast,"{""factor"": 0.8878}"
No Foam,root,No Foam/frame_0019.jpg,No Foam/augmented/saturation/root/frame_0019__saturation.jpg,saturation,"{""factor"": 1.0676}"
No Foam,root,No Foam/frame_0019.jpg,No Foam/augmented/zoom_translate/root/frame_0019__zoom_translate.jpg,zoom_translate,"{""shift_x_fraction"": 0.0059, ""shift_y_fraction"": 0.0114, ""zoom"": 1.0418}"
No Foam,root,No Foam/frame_0020.jpg,No Foam/augmented/small_rotation/root/frame_0020__small_rotation.jpg,small_rotation,"{""angle_degrees"": -2.2226}"
No Foam,root,No Foam/frame_0020.jpg,No Foam/augmented/horizontal_flip/root/frame_0020__horizontal_flip.jpg,horizontal_flip,{}
No Foam,root,No Foam/frame_0020.jpg,No Foam/augmented/brightness/root/frame_0020__brightness.jpg,brightness,"{""factor"": 0.8584}"
No Foam,root,No Foam/frame_0020.jpg,No Foam/augmented/contrast/root/frame_0020__contrast.jpg,contrast,"{""factor"": 1.0433}"
No Foam,root,No Foam/frame_0020.jpg,No Foam/augmented/saturation/root/frame_0020__saturation.jpg,saturation,"{""factor"": 0.9069}"
No Foam,root,No Foam/frame_0020.jpg,No Foam/augmented/zoom_translate/root/frame_0020__zoom_translate.jpg,zoom_translate,"{""shift_x_fraction"": 0.0058, ""shift_y_fraction"": -0.0083, ""zoom"": 1.0617}"
No Foam,root,No Foam/frame_0021.jpg,No Foam/augmented/small_rotation/root/frame_0021__small_rotation.jpg,small_rotation,"{""angle_degrees"": 3.3327}"
No Foam,root,No Foam/frame_0021.jpg,No Foam/augmented/horizontal_flip/root/frame_0021__horizontal_flip.jpg,horizontal_flip,{}
No Foam,root,No Foam/frame_0021.jpg,No Foam/augmented/brightness/root/frame_0021__brightness.jpg,brightness,"{""factor"": 1.1226}"
No Foam,root,No Foam/frame_0021.jpg,No Foam/augmented/contrast/root/frame_0021__contrast.jpg,contrast,"{""factor"": 1.0019}"
No Foam,root,No Foam/frame_0021.jpg,No Foam/augmented/saturation/root/frame_0021__saturation.jpg,saturation,"{""factor"": 1.0268}"
No Foam,root,No Foam/frame_0021.jpg,No Foam/augmented/zoom_translate/root/frame_0021__zoom_translate.jpg,zoom_translate,"{""shift_x_fraction"": -0.0345, ""shift_y_fraction"": -0.0206, ""zoom"": 1.0782}"
No Foam,root,No Foam/frame_0022.jpg,No Foam/augmented/small_rotation/root/frame_0022__small_rotation.jpg,small_rotation,"{""angle_degrees"": -0.1792}"
No Foam,root,No Foam/frame_0022.jpg,No Foam/augmented/horizontal_flip/root/frame_0022__horizontal_flip.jpg,horizontal_flip,{}
No Foam,root,No Foam/frame_0022.jpg,No Foam/augmented/brightness/root/frame_0022__brightness.jpg,brightness,"{""factor"": 1.061}"
No Foam,root,No Foam/frame_0022.jpg,No Foam/augmented/contrast/root/frame_0022__contrast.jpg,contrast,"{""factor"": 1.0755}"
No Foam,root,No Foam/frame_0022.jpg,No Foam/augmented/saturation/root/frame_0022__saturation.jpg,saturation,"{""factor"": 0.9258}"
No Foam,root,No Foam/frame_0022.jpg,No Foam/augmented/zoom_translate/root/frame_0022__zoom_translate.jpg,zoom_translate,"{""shift_x_fraction"": -0.0139, ""shift_y_fraction"": 0.0269, ""zoom"": 1.0031}"
No Foam,root,No Foam/frame_0023.jpg,No Foam/augmented/small_rotation/root/frame_0023__small_rotation.jpg,small_rotation,"{""angle_degrees"": 1.0178}"
No Foam,root,No Foam/frame_0023.jpg,No Foam/augmented/horizontal_flip/root/frame_0023__horizontal_flip.jpg,horizontal_flip,{}
No Foam,root,No Foam/frame_0023.jpg,No Foam/augmented/brightness/root/frame_0023__brightness.jpg,brightness,"{""factor"": 1.1301}"
No Foam,root,No Foam/frame_0023.jpg,No Foam/augmented/contrast/root/frame_0023__contrast.jpg,contrast,"{""factor"": 0.9922}"
No Foam,root,No Foam/frame_0023.jpg,No Foam/augmented/saturation/root/frame_0023__saturation.jpg,saturation,"{""factor"": 1.0115}"
No Foam,root,No Foam/frame_0023.jpg,No Foam/augmented/zoom_translate/root/frame_0023__zoom_translate.jpg,zoom_translate,"{""shift_x_fraction"": -0.0287, ""shift_y_fraction"": 0.0267, ""zoom"": 1.0695}"
No Foam,root,No Foam/frame_0024.jpg,No Foam/augmented/small_rotation/root/frame_0024__small_rotation.jpg,small_rotation,"{""angle_degrees"": -2.8495}"
No Foam,root,No Foam/frame_0024.jpg,No Foam/augmented/horizontal_flip/root/frame_0024__horizontal_flip.jpg,horizontal_flip,{}
No Foam,root,No Foam/frame_0024.jpg,No Foam/augmented/brightness/root/frame_0024__brightness.jpg,brightness,"{""factor"": 0.9832}"
No Foam,root,No Foam/frame_0024.jpg,No Foam/augmented/contrast/root/frame_0024__contrast.jpg,contrast,"{""factor"": 1.1097}"
No Foam,root,No Foam/frame_0024.jpg,No Foam/augmented/saturation/root/frame_0024__saturation.jpg,saturation,"{""factor"": 1.0891}"
No Foam,root,No Foam/frame_0024.jpg,No Foam/augmented/zoom_translate/root/frame_0024__zoom_translate.jpg,zoom_translate,"{""shift_x_fraction"": -0.0222, ""shift_y_fraction"": -0.0245, ""zoom"": 1.0282}"
No Foam,root,No Foam/frame_0025.jpg,No Foam/augmented/small_rotation/root/frame_0025__small_rotation.jpg,small_rotation,"{""angle_degrees"": 4.5607}"
No Foam,root,No Foam/frame_0025.jpg,No Foam/augmented/horizontal_flip/root/frame_0025__horizontal_flip.jpg,horizontal_flip,{}
No Foam,root,No Foam/frame_0025.jpg,No Foam/augmented/brightness/root/frame_0025__brightness.jpg,brightness,"{""factor"": 1.0815}"
No Foam,root,No Foam/frame_0025.jpg,No Foam/augmented/contrast/root/frame_0025__contrast.jpg,contrast,"{""factor"": 0.8996}"
No Foam,root,No Foam/frame_0025.jpg,No Foam/augmented/saturation/root/frame_0025__saturation.jpg,saturation,"{""factor"": 0.9441}"
No Foam,root,No Foam/frame_0025.jpg,No Foam/augmented/zoom_translate/root/frame_0025__zoom_translate.jpg,zoom_translate,"{""shift_x_fraction"": 0.0035, ""shift_y_fraction"": 0.0318, ""zoom"": 1.0392}"
No Foam,root,No Foam/frame_0026.jpg,No Foam/augmented/small_rotation/root/frame_0026__small_rotation.jpg,small_rotation,"{""angle_degrees"": -3.1519}"
No Foam,root,No Foam/frame_0026.jpg,No Foam/augmented/horizontal_flip/root/frame_0026__horizontal_flip.jpg,horizontal_flip,{}
No Foam,root,No Foam/frame_0026.jpg,No Foam/augmented/brightness/root/frame_0026__brightness.jpg,brightness,"{""factor"": 0.9242}"
No Foam,root,No Foam/frame_0026.jpg,No Foam/augmented/contrast/root/frame_0026__contrast.jpg,contrast,"{""factor"": 0.8703}"
No Foam,root,No Foam/frame_0026.jpg,No Foam/augmented/saturation/root/frame_0026__saturation.jpg,saturation,"{""factor"": 1.0072}"
No Foam,root,No Foam/frame_0026.jpg,No Foam/augmented/zoom_translate/root/frame_0026__zoom_translate.jpg,zoom_translate,"{""shift_x_fraction"": -0.0283, ""shift_y_fraction"": 0.0226, ""zoom"": 1.0241}"
No Foam,root,No Foam/frame_0027.jpg,No Foam/augmented/small_rotation/root/frame_0027__small_rotation.jpg,small_rotation,"{""angle_degrees"": 1.8227}"
No Foam,root,No Foam/frame_0027.jpg,No Foam/augmented/horizontal_flip/root/frame_0027__horizontal_flip.jpg,horizontal_flip,{}
No Foam,root,No Foam/frame_0027.jpg,No Foam/augmented/brightness/root/frame_0027__brightness.jpg,brightness,"{""factor"": 0.9229}"
No Foam,root,No Foam/frame_0027.jpg,No Foam/augmented/contrast/root/frame_0027__contrast.jpg,contrast,"{""factor"": 0.9359}"
No Foam,root,No Foam/frame_0027.jpg,No Foam/augmented/saturation/root/frame_0027__saturation.jpg,saturation,"{""factor"": 1.0302}"
No Foam,root,No Foam/frame_0027.jpg,No Foam/augmented/zoom_translate/root/frame_0027__zoom_translate.jpg,zoom_translate,"{""shift_x_fraction"": 0.0073, ""shift_y_fraction"": -0.0327, ""zoom"": 1.0296}"
No Foam,root,No Foam/frame_0028.jpg,No Foam/augmented/small_rotation/root/frame_0028__small_rotation.jpg,small_rotation,"{""angle_degrees"": 4.85}"
No Foam,root,No Foam/frame_0028.jpg,No Foam/augmented/horizontal_flip/root/frame_0028__horizontal_flip.jpg,horizontal_flip,{}
No Foam,root,No Foam/frame_0028.jpg,No Foam/augmented/brightness/root/frame_0028__brightness.jpg,brightness,"{""factor"": 1.0217}"
No Foam,root,No Foam/frame_0028.jpg,No Foam/augmented/contrast/root/frame_0028__contrast.jpg,contrast,"{""factor"": 1.001}"
No Foam,root,No Foam/frame_0028.jpg,No Foam/augmented/saturation/root/frame_0028__saturation.jpg,saturation,"{""factor"": 1.0906}"
No Foam,root,No Foam/frame_0028.jpg,No Foam/augmented/zoom_translate/root/frame_0028__zoom_translate.jpg,zoom_translate,"{""shift_x_fraction"": 0.0281, ""shift_y_fraction"": 0.0009, ""zoom"": 1.019}"
No Foam,root,No Foam/frame_0029.jpg,No Foam/augmented/small_rotation/root/frame_0029__small_rotation.jpg,small_rotation,"{""angle_degrees"": -3.5794}"
No Foam,root,No Foam/frame_0029.jpg,No Foam/augmented/horizontal_flip/root/frame_0029__horizontal_flip.jpg,horizontal_flip,{}
No Foam,root,No Foam/frame_0029.jpg,No Foam/augmented/brightness/root/frame_0029__brightness.jpg,brightness,"{""factor"": 0.9004}"
No Foam,root,No Foam/frame_0029.jpg,No Foam/augmented/contrast/root/frame_0029__contrast.jpg,contrast,"{""factor"": 0.8707}"
No Foam,root,No Foam/frame_0029.jpg,No Foam/augmented/saturation/root/frame_0029__saturation.jpg,saturation,"{""factor"": 1.0362}"
No Foam,root,No Foam/frame_0029.jpg,No Foam/augmented/zoom_translate/root/frame_0029__zoom_translate.jpg,zoom_translate,"{""shift_x_fraction"": 0.0287, ""shift_y_fraction"": 0.0045, ""zoom"": 1.0704}"
No Foam,root,No Foam/frame_0030.jpg,No Foam/augmented/small_rotation/root/frame_0030__small_rotation.jpg,small_rotation,"{""angle_degrees"": 0.0042}"
No Foam,root,No Foam/frame_0030.jpg,No Foam/augmented/horizontal_flip/root/frame_0030__horizontal_flip.jpg,horizontal_flip,{}
No Foam,root,No Foam/frame_0030.jpg,No Foam/augmented/brightness/root/frame_0030__brightness.jpg,brightness,"{""factor"": 1.1238}"
No Foam,root,No Foam/frame_0030.jpg,No Foam/augmented/contrast/root/frame_0030__contrast.jpg,contrast,"{""factor"": 1.0962}"
No Foam,root,No Foam/frame_0030.jpg,No Foam/augmented/saturation/root/frame_0030__saturation.jpg,saturation,"{""factor"": 1.0127}"
No Foam,root,No Foam/frame_0030.jpg,No Foam/augmented/zoom_translate/root/frame_0030__zoom_translate.jpg,zoom_translate,"{""shift_x_fraction"": 0.0337, ""shift_y_fraction"": -0.024, ""zoom"": 1.0241}"
No Foam,root,No Foam/frame_0031.jpg,No Foam/augmented/small_rotation/root/frame_0031__small_rotation.jpg,small_rotation,"{""angle_degrees"": 6.536}"
No Foam,root,No Foam/frame_0031.jpg,No Foam/augmented/horizontal_flip/root/frame_0031__horizontal_flip.jpg,horizontal_flip,{}
No Foam,root,No Foam/frame_0031.jpg,No Foam/augmented/brightness/root/frame_0031__brightness.jpg,brightness,"{""factor"": 0.9731}"
No Foam,root,No Foam/frame_0031.jpg,No Foam/augmented/contrast/root/frame_0031__contrast.jpg,contrast,"{""factor"": 0.9971}"
No Foam,root,No Foam/frame_0031.jpg,No Foam/augmented/saturation/root/frame_0031__saturation.jpg,saturation,"{""factor"": 1.0984}"
No Foam,root,No Foam/frame_0031.jpg,No Foam/augmented/zoom_translate/root/frame_0031__zoom_translate.jpg,zoom_translate,"{""shift_x_fraction"": 0.01, ""shift_y_fraction"": 0.005, ""zoom"": 1.0375}"
No Foam,root,No Foam/frame_0032.jpg,No Foam/augmented/small_rotation/root/frame_0032__small_rotation.jpg,small_rotation,"{""angle_degrees"": 2.3291}"
No Foam,root,No Foam/frame_0032.jpg,No Foam/augmented/horizontal_flip/root/frame_0032__horizontal_flip.jpg,horizontal_flip,{}
No Foam,root,No Foam/frame_0032.jpg,No Foam/augmented/brightness/root/frame_0032__brightness.jpg,brightness,"{""factor"": 1.0148}"
No Foam,root,No Foam/frame_0032.jpg,No Foam/augmented/contrast/root/frame_0032__contrast.jpg,contrast,"{""factor"": 1.0493}"
No Foam,root,No Foam/frame_0032.jpg,No Foam/augmented/saturation/root/frame_0032__saturation.jpg,saturation,"{""factor"": 0.9919}"
No Foam,root,No Foam/frame_0032.jpg,No Foam/augmented/zoom_translate/root/frame_0032__zoom_translate.jpg,zoom_translate,"{""shift_x_fraction"": -0.0323, ""shift_y_fraction"": -0.0348, ""zoom"": 1.0621}"
No Foam,root,No Foam/frame_0033.jpg,No Foam/augmented/small_rotation/root/frame_0033__small_rotation.jpg,small_rotation,"{""angle_degrees"": -5.3492}"
No Foam,root,No Foam/frame_0033.jpg,No Foam/augmented/horizontal_flip/root/frame_0033__horizontal_flip.jpg,horizontal_flip,{}
No Foam,root,No Foam/frame_0033.jpg,No Foam/augmented/brightness/root/frame_0033__brightness.jpg,brightness,"{""factor"": 1.0831}"
No Foam,root,No Foam/frame_0033.jpg,No Foam/augmented/contrast/root/frame_0033__contrast.jpg,contrast,"{""factor"": 1.0054}"
No Foam,root,No Foam/frame_0033.jpg,No Foam/augmented/saturation/root/frame_0033__saturation.jpg,saturation,"{""factor"": 0.9598}"
No Foam,root,No Foam/frame_0033.jpg,No Foam/augmented/zoom_translate/root/frame_0033__zoom_translate.jpg,zoom_translate,"{""shift_x_fraction"": 0.011, ""shift_y_fraction"": -0.0313, ""zoom"": 1.0104}"
No Foam,root,No Foam/frame_0034.jpg,No Foam/augmented/small_rotation/root/frame_0034__small_rotation.jpg,small_rotation,"{""angle_degrees"": 1.7593}"
No Foam,root,No Foam/frame_0034.jpg,No Foam/augmented/horizontal_flip/root/frame_0034__horizontal_flip.jpg,horizontal_flip,{}
No Foam,root,No Foam/frame_0034.jpg,No Foam/augmented/brightness/root/frame_0034__brightness.jpg,brightness,"{""factor"": 1.0601}"
No Foam,root,No Foam/frame_0034.jpg,No Foam/augmented/contrast/root/frame_0034__contrast.jpg,contrast,"{""factor"": 0.9312}"
No Foam,root,No Foam/frame_0034.jpg,No Foam/augmented/saturation/root/frame_0034__saturation.jpg,saturation,"{""factor"": 0.9778}"
No Foam,root,No Foam/frame_0034.jpg,No Foam/augmented/zoom_translate/root/frame_0034__zoom_translate.jpg,zoom_translate,"{""shift_x_fraction"": -0.0221, ""shift_y_fraction"": 0.0228, ""zoom"": 1.0112}"
No Foam,root,No Foam/frame_0035.jpg,No Foam/augmented/small_rotation/root/frame_0035__small_rotation.jpg,small_rotation,"{""angle_degrees"": 2.0004}"
No Foam,root,No Foam/frame_0035.jpg,No Foam/augmented/horizontal_flip/root/frame_0035__horizontal_flip.jpg,horizontal_flip,{}
No Foam,root,No Foam/frame_0035.jpg,No Foam/augmented/brightness/root/frame_0035__brightness.jpg,brightness,"{""factor"": 0.9098}"
No Foam,root,No Foam/frame_0035.jpg,No Foam/augmented/contrast/root/frame_0035__contrast.jpg,contrast,"{""factor"": 1.13}"
No Foam,root,No Foam/frame_0035.jpg,No Foam/augmented/saturation/root/frame_0035__saturation.jpg,saturation,"{""factor"": 1.0208}"
No Foam,root,No Foam/frame_0035.jpg,No Foam/augmented/zoom_translate/root/frame_0035__zoom_translate.jpg,zoom_translate,"{""shift_x_fraction"": -0.0067, ""shift_y_fraction"": 0.0063, ""zoom"": 1.0432}"
No Foam,root,No Foam/frame_0036.jpg,No Foam/augmented/small_rotation/root/frame_0036__small_rotation.jpg,small_rotation,"{""angle_degrees"": 2.4414}"
No Foam,root,No Foam/frame_0036.jpg,No Foam/augmented/horizontal_flip/root/frame_0036__horizontal_flip.jpg,horizontal_flip,{}
No Foam,root,No Foam/frame_0036.jpg,No Foam/augmented/brightness/root/frame_0036__brightness.jpg,brightness,"{""factor"": 1.0819}"
No Foam,root,No Foam/frame_0036.jpg,No Foam/augmented/contrast/root/frame_0036__contrast.jpg,contrast,"{""factor"": 0.9826}"
No Foam,root,No Foam/frame_0036.jpg,No Foam/augmented/saturation/root/frame_0036__saturation.jpg,saturation,"{""factor"": 1.0659}"
No Foam,root,No Foam/frame_0036.jpg,No Foam/augmented/zoom_translate/root/frame_0036__zoom_translate.jpg,zoom_translate,"{""shift_x_fraction"": -0.0099, ""shift_y_fraction"": -0.0345, ""zoom"": 1.0569}"
No Foam,root,No Foam/frame_0037.jpg,No Foam/augmented/small_rotation/root/frame_0037__small_rotation.jpg,small_rotation,"{""angle_degrees"": 3.3711}"
No Foam,root,No Foam/frame_0037.jpg,No Foam/augmented/horizontal_flip/root/frame_0037__horizontal_flip.jpg,horizontal_flip,{}
No Foam,root,No Foam/frame_0037.jpg,No Foam/augmented/brightness/root/frame_0037__brightness.jpg,brightness,"{""factor"": 1.0379}"
No Foam,root,No Foam/frame_0037.jpg,No Foam/augmented/contrast/root/frame_0037__contrast.jpg,contrast,"{""factor"": 1.0234}"
No Foam,root,No Foam/frame_0037.jpg,No Foam/augmented/saturation/root/frame_0037__saturation.jpg,saturation,"{""factor"": 0.973}"
No Foam,root,No Foam/frame_0037.jpg,No Foam/augmented/zoom_translate/root/frame_0037__zoom_translate.jpg,zoom_translate,"{""shift_x_fraction"": -0.0147, ""shift_y_fraction"": 0.0061, ""zoom"": 1.0377}"
No Foam,root,No Foam/frame_0038.jpg,No Foam/augmented/small_rotation/root/frame_0038__small_rotation.jpg,small_rotation,"{""angle_degrees"": -5.2836}"
No Foam,root,No Foam/frame_0038.jpg,No Foam/augmented/horizontal_flip/root/frame_0038__horizontal_flip.jpg,horizontal_flip,{}
No Foam,root,No Foam/frame_0038.jpg,No Foam/augmented/brightness/root/frame_0038__brightness.jpg,brightness,"{""factor"": 0.9277}"
No Foam,root,No Foam/frame_0038.jpg,No Foam/augmented/contrast/root/frame_0038__contrast.jpg,contrast,"{""factor"": 0.8515}"
No Foam,root,No Foam/frame_0038.jpg,No Foam/augmented/saturation/root/frame_0038__saturation.jpg,saturation,"{""factor"": 1.082}"
No Foam,root,No Foam/frame_0038.jpg,No Foam/augmented/zoom_translate/root/frame_0038__zoom_translate.jpg,zoom_translate,"{""shift_x_fraction"": -0.0029, ""shift_y_fraction"": -0.0215, ""zoom"": 1.0743}"
No Foam,root,No Foam/frame_0039.jpg,No Foam/augmented/small_rotation/root/frame_0039__small_rotation.jpg,small_rotation,"{""angle_degrees"": -1.3561}"
No Foam,root,No Foam/frame_0039.jpg,No Foam/augmented/horizontal_flip/root/frame_0039__horizontal_flip.jpg,horizontal_flip,{}
No Foam,root,No Foam/frame_0039.jpg,No Foam/augmented/brightness/root/frame_0039__brightness.jpg,brightness,"{""factor"": 0.9077}"
No Foam,root,No Foam/frame_0039.jpg,No Foam/augmented/contrast/root/frame_0039__contrast.jpg,contrast,"{""factor"": 1.0753}"
No Foam,root,No Foam/frame_0039.jpg,No Foam/augmented/saturation/root/frame_0039__saturation.jpg,saturation,"{""factor"": 0.9383}"
No Foam,root,No Foam/frame_0039.jpg,No Foam/augmented/zoom_translate/root/frame_0039__zoom_translate.jpg,zoom_translate,"{""shift_x_fraction"": -0.0126, ""shift_y_fraction"": 0.0316, ""zoom"": 1.0673}"
No Foam,root,No Foam/frame_0040.jpg,No Foam/augmented/small_rotation/root/frame_0040__small_rotation.jpg,small_rotation,"{""angle_degrees"": 2.624}"
No Foam,root,No Foam/frame_0040.jpg,No Foam/augmented/horizontal_flip/root/frame_0040__horizontal_flip.jpg,horizontal_flip,{}
No Foam,root,No Foam/frame_0040.jpg,No Foam/augmented/brightness/root/frame_0040__brightness.jpg,brightness,"{""factor"": 1.1207}"
No Foam,root,No Foam/frame_0040.jpg,No Foam/augmented/contrast/root/frame_0040__contrast.jpg,contrast,"{""factor"": 0.9949}"
No Foam,root,No Foam/frame_0040.jpg,No Foam/augmented/saturation/root/frame_0040__saturation.jpg,saturation,"{""factor"": 1.0366}"
No Foam,root,No Foam/frame_0040.jpg,No Foam/augmented/zoom_translate/root/frame_0040__zoom_translate.jpg,zoom_translate,"{""shift_x_fraction"": 0.0255, ""shift_y_fraction"": 0.0217, ""zoom"": 1.0697}"
No Foam,root,No Foam/frame_0041.jpg,No Foam/augmented/small_rotation/root/frame_0041__small_rotation.jpg,small_rotation,"{""angle_degrees"": -6.0986}"
No Foam,root,No Foam/frame_0041.jpg,No Foam/augmented/horizontal_flip/root/frame_0041__horizontal_flip.jpg,horizontal_flip,{}
No Foam,root,No Foam/frame_0041.jpg,No Foam/augmented/brightness/root/frame_0041__brightness.jpg,brightness,"{""factor"": 0.8549}"
No Foam,root,No Foam/frame_0041.jpg,No Foam/augmented/contrast/root/frame_0041__contrast.jpg,contrast,"{""factor"": 1.0882}"
No Foam,root,No Foam/frame_0041.jpg,No Foam/augmented/saturation/root/frame_0041__saturation.jpg,saturation,"{""factor"": 1.0106}"
No Foam,root,No Foam/frame_0041.jpg,No Foam/augmented/zoom_translate/root/frame_0041__zoom_translate.jpg,zoom_translate,"{""shift_x_fraction"": -0.0266, ""shift_y_fraction"": 0.0188, ""zoom"": 1.0443}"
No Foam,root,No Foam/frame_0042.jpg,No Foam/augmented/small_rotation/root/frame_0042__small_rotation.jpg,small_rotation,"{""angle_degrees"": -6.5171}"
No Foam,root,No Foam/frame_0042.jpg,No Foam/augmented/horizontal_flip/root/frame_0042__horizontal_flip.jpg,horizontal_flip,{}
No Foam,root,No Foam/frame_0042.jpg,No Foam/augmented/brightness/root/frame_0042__brightness.jpg,brightness,"{""factor"": 1.1221}"
No Foam,root,No Foam/frame_0042.jpg,No Foam/augmented/contrast/root/frame_0042__contrast.jpg,contrast,"{""factor"": 0.9249}"
No Foam,root,No Foam/frame_0042.jpg,No Foam/augmented/saturation/root/frame_0042__saturation.jpg,saturation,"{""factor"": 0.9429}"
No Foam,root,No Foam/frame_0042.jpg,No Foam/augmented/zoom_translate/root/frame_0042__zoom_translate.jpg,zoom_translate,"{""shift_x_fraction"": 0.0071, ""shift_y_fraction"": 0.0337, ""zoom"": 1.049}"
No Foam,root,No Foam/frame_0043.jpg,No Foam/augmented/small_rotation/root/frame_0043__small_rotation.jpg,small_rotation,"{""angle_degrees"": 2.5388}"
No Foam,root,No Foam/frame_0043.jpg,No Foam/augmented/horizontal_flip/root/frame_0043__horizontal_flip.jpg,horizontal_flip,{}
No Foam,root,No Foam/frame_0043.jpg,No Foam/augmented/brightness/root/frame_0043__brightness.jpg,brightness,"{""factor"": 0.9947}"
No Foam,root,No Foam/frame_0043.jpg,No Foam/augmented/contrast/root/frame_0043__contrast.jpg,contrast,"{""factor"": 0.8689}"
No Foam,root,No Foam/frame_0043.jpg,No Foam/augmented/saturation/root/frame_0043__saturation.jpg,saturation,"{""factor"": 0.9627}"
No Foam,root,No Foam/frame_0043.jpg,No Foam/augmented/zoom_translate/root/frame_0043__zoom_translate.jpg,zoom_translate,"{""shift_x_fraction"": 0.0257, ""shift_y_fraction"": 0.0204, ""zoom"": 1.0471}"
No Foam,root,No Foam/frame_0044.jpg,No Foam/augmented/small_rotation/root/frame_0044__small_rotation.jpg,small_rotation,"{""angle_degrees"": -3.4202}"
No Foam,root,No Foam/frame_0044.jpg,No Foam/augmented/horizontal_flip/root/frame_0044__horizontal_flip.jpg,horizontal_flip,{}
No Foam,root,No Foam/frame_0044.jpg,No Foam/augmented/brightness/root/frame_0044__brightness.jpg,brightness,"{""factor"": 1.0819}"
No Foam,root,No Foam/frame_0044.jpg,No Foam/augmented/contrast/root/frame_0044__contrast.jpg,contrast,"{""factor"": 1.015}"
No Foam,root,No Foam/frame_0044.jpg,No Foam/augmented/saturation/root/frame_0044__saturation.jpg,saturation,"{""factor"": 1.0206}"
No Foam,root,No Foam/frame_0044.jpg,No Foam/augmented/zoom_translate/root/frame_0044__zoom_translate.jpg,zoom_translate,"{""shift_x_fraction"": 0.0246, ""shift_y_fraction"": -0.0076, ""zoom"": 1.0248}"
No Foam,root,No Foam/frame_0045.jpg,No Foam/augmented/small_rotation/root/frame_0045__small_rotation.jpg,small_rotation,"{""angle_degrees"": -0.2196}"
No Foam,root,No Foam/frame_0045.jpg,No Foam/augmented/horizontal_flip/root/frame_0045__horizontal_flip.jpg,horizontal_flip,{}
No Foam,root,No Foam/frame_0045.jpg,No Foam/augmented/brightness/root/frame_0045__brightness.jpg,brightness,"{""factor"": 0.8837}"
No Foam,root,No Foam/frame_0045.jpg,No Foam/augmented/contrast/root/frame_0045__contrast.jpg,contrast,"{""factor"": 0.9488}"
No Foam,root,No Foam/frame_0045.jpg,No Foam/augmented/saturation/root/frame_0045__saturation.jpg,saturation,"{""factor"": 0.9533}"
No Foam,root,No Foam/frame_0045.jpg,No Foam/augmented/zoom_translate/root/frame_0045__zoom_translate.jpg,zoom_translate,"{""shift_x_fraction"": -0.0345, ""shift_y_fraction"": 0.0051, ""zoom"": 1.0137}"
No Foam,root,No Foam/frame_0046.jpg,No Foam/augmented/small_rotation/root/frame_0046__small_rotation.jpg,small_rotation,"{""angle_degrees"": -1.9436}"
No Foam,root,No Foam/frame_0046.jpg,No Foam/augmented/horizontal_flip/root/frame_0046__horizontal_flip.jpg,horizontal_flip,{}
No Foam,root,No Foam/frame_0046.jpg,No Foam/augmented/brightness/root/frame_0046__brightness.jpg,brightness,"{""factor"": 0.9832}"
No Foam,root,No Foam/frame_0046.jpg,No Foam/augmented/contrast/root/frame_0046__contrast.jpg,contrast,"{""factor"": 1.1462}"
No Foam,root,No Foam/frame_0046.jpg,No Foam/augmented/saturation/root/frame_0046__saturation.jpg,saturation,"{""factor"": 0.9869}"
No Foam,root,No Foam/frame_0046.jpg,No Foam/augmented/zoom_translate/root/frame_0046__zoom_translate.jpg,zoom_translate,"{""shift_x_fraction"": -0.0294, ""shift_y_fraction"": 0.0276, ""zoom"": 1.0002}"
No Foam,root,No Foam/frame_0047.jpg,No Foam/augmented/small_rotation/root/frame_0047__small_rotation.jpg,small_rotation,"{""angle_degrees"": -3.7039}"
No Foam,root,No Foam/frame_0047.jpg,No Foam/augmented/horizontal_flip/root/frame_0047__horizontal_flip.jpg,horizontal_flip,{}
No Foam,root,No Foam/frame_0047.jpg,No Foam/augmented/brightness/root/frame_0047__brightness.jpg,brightness,"{""factor"": 1.1313}"
No Foam,root,No Foam/frame_0047.jpg,No Foam/augmented/contrast/root/frame_0047__contrast.jpg,contrast,"{""factor"": 0.9175}"
No Foam,root,No Foam/frame_0047.jpg,No Foam/augmented/saturation/root/frame_0047__saturation.jpg,saturation,"{""factor"": 1.08}"
No Foam,root,No Foam/frame_0047.jpg,No Foam/augmented/zoom_translate/root/frame_0047__zoom_translate.jpg,zoom_translate,"{""shift_x_fraction"": -0.0126, ""shift_y_fraction"": -0.0342, ""zoom"": 1.0051}"
No Foam,root,No Foam/frame_0048.jpg,No Foam/augmented/small_rotation/root/frame_0048__small_rotation.jpg,small_rotation,"{""angle_degrees"": -3.5065}"
No Foam,root,No Foam/frame_0048.jpg,No Foam/augmented/horizontal_flip/root/frame_0048__horizontal_flip.jpg,horizontal_flip,{}
No Foam,root,No Foam/frame_0048.jpg,No Foam/augmented/brightness/root/frame_0048__brightness.jpg,brightness,"{""factor"": 0.8959}"
No Foam,root,No Foam/frame_0048.jpg,No Foam/augmented/contrast/root/frame_0048__contrast.jpg,contrast,"{""factor"": 0.998}"
No Foam,root,No Foam/frame_0048.jpg,No Foam/augmented/saturation/root/frame_0048__saturation.jpg,saturation,"{""factor"": 0.9597}"
No Foam,root,No Foam/frame_0048.jpg,No Foam/augmented/zoom_translate/root/frame_0048__zoom_translate.jpg,zoom_translate,"{""shift_x_fraction"": -0.0014, ""shift_y_fraction"": -0.0033, ""zoom"": 1.0114}"
No Foam,root,No Foam/frame_0049.jpg,No Foam/augmented/small_rotation/root/frame_0049__small_rotation.jpg,small_rotation,"{""angle_degrees"": 7.9569}"
No Foam,root,No Foam/frame_0049.jpg,No Foam/augmented/horizontal_flip/root/frame_0049__horizontal_flip.jpg,horizontal_flip,{}
No Foam,root,No Foam/frame_0049.jpg,No Foam/augmented/brightness/root/frame_0049__brightness.jpg,brightness,"{""factor"": 0.9941}"
No Foam,root,No Foam/frame_0049.jpg,No Foam/augmented/contrast/root/frame_0049__contrast.jpg,contrast,"{""factor"": 0.872}"
No Foam,root,No Foam/frame_0049.jpg,No Foam/augmented/saturation/root/frame_0049__saturation.jpg,saturation,"{""factor"": 1.0446}"
No Foam,root,No Foam/frame_0049.jpg,No Foam/augmented/zoom_translate/root/frame_0049__zoom_translate.jpg,zoom_translate,"{""shift_x_fraction"": 0.0077, ""shift_y_fraction"": -0.0026, ""zoom"": 1.0121}"
No Foam,root,No Foam/frame_0050.jpg,No Foam/augmented/small_rotation/root/frame_0050__small_rotation.jpg,small_rotation,"{""angle_degrees"": 3.3705}"
No Foam,root,No Foam/frame_0050.jpg,No Foam/augmented/horizontal_flip/root/frame_0050__horizontal_flip.jpg,horizontal_flip,{}
No Foam,root,No Foam/frame_0050.jpg,No Foam/augmented/brightness/root/frame_0050__brightness.jpg,brightness,"{""factor"": 0.9359}"
No Foam,root,No Foam/frame_0050.jpg,No Foam/augmented/contrast/root/frame_0050__contrast.jpg,contrast,"{""factor"": 1.0399}"
No Foam,root,No Foam/frame_0050.jpg,No Foam/augmented/saturation/root/frame_0050__saturation.jpg,saturation,"{""factor"": 0.9595}"
No Foam,root,No Foam/frame_0050.jpg,No Foam/augmented/zoom_translate/root/frame_0050__zoom_translate.jpg,zoom_translate,"{""shift_x_fraction"": -0.0087, ""shift_y_fraction"": 0.0008, ""zoom"": 1.0447}"
No Foam,root,No Foam/frame_0051.jpg,No Foam/augmented/small_rotation/root/frame_0051__small_rotation.jpg,small_rotation,"{""angle_degrees"": -5.7257}"
No Foam,root,No Foam/frame_0051.jpg,No Foam/augmented/horizontal_flip/root/frame_0051__horizontal_flip.jpg,horizontal_flip,{}
No Foam,root,No Foam/frame_0051.jpg,No Foam/augmented/brightness/root/frame_0051__brightness.jpg,brightness,"{""factor"": 0.8607}"
No Foam,root,No Foam/frame_0051.jpg,No Foam/augmented/contrast/root/frame_0051__contrast.jpg,contrast,"{""factor"": 1.1192}"
No Foam,root,No Foam/frame_0051.jpg,No Foam/augmented/saturation/root/frame_0051__saturation.jpg,saturation,"{""factor"": 0.9737}"
No Foam,root,No Foam/frame_0051.jpg,No Foam/augmented/zoom_translate/root/frame_0051__zoom_translate.jpg,zoom_translate,"{""shift_x_fraction"": -0.0166, ""shift_y_fraction"": 0.0319, ""zoom"": 1.0167}"
No Foam,root,No Foam/frame_0052.jpg,No Foam/augmented/small_rotation/root/frame_0052__small_rotation.jpg,small_rotation,"{""angle_degrees"": -1.7931}"
No Foam,root,No Foam/frame_0052.jpg,No Foam/augmented/horizontal_flip/root/frame_0052__horizontal_flip.jpg,horizontal_flip,{}
No Foam,root,No Foam/frame_0052.jpg,No Foam/augmented/brightness/root/frame_0052__brightness.jpg,brightness,"{""factor"": 0.9774}"
No Foam,root,No Foam/frame_0052.jpg,No Foam/augmented/contrast/root/frame_0052__contrast.jpg,contrast,"{""factor"": 1.1232}"
No Foam,root,No Foam/frame_0052.jpg,No Foam/augmented/saturation/root/frame_0052__saturation.jpg,saturation,"{""factor"": 0.9385}"
No Foam,root,No Foam/frame_0052.jpg,No Foam/augmented/zoom_translate/root/frame_0052__zoom_translate.jpg,zoom_translate,"{""shift_x_fraction"": 0.0141, ""shift_y_fraction"": 0.0095, ""zoom"": 1.0009}"
No Foam,root,No Foam/frame_0053.jpg,No Foam/augmented/small_rotation/root/frame_0053__small_rotation.jpg,small_rotation,"{""angle_degrees"": 4.3929}"
No Foam,root,No Foam/frame_0053.jpg,No Foam/augmented/horizontal_flip/root/frame_0053__horizontal_flip.jpg,horizontal_flip,{}
No Foam,root,No Foam/frame_0053.jpg,No Foam/augmented/brightness/root/frame_0053__brightness.jpg,brightness,"{""factor"": 1.105}"
No Foam,root,No Foam/frame_0053.jpg,No Foam/augmented/contrast/root/frame_0053__contrast.jpg,contrast,"{""factor"": 0.9221}"
No Foam,root,No Foam/frame_0053.jpg,No Foam/augmented/saturation/root/frame_0053__saturation.jpg,saturation,"{""factor"": 1.0783}"
No Foam,root,No Foam/frame_0053.jpg,No Foam/augmented/zoom_translate/root/frame_0053__zoom_translate.jpg,zoom_translate,"{""shift_x_fraction"": -0.024, ""shift_y_fraction"": -0.0258, ""zoom"": 1.0708}"
No Foam,root,No Foam/frame_0054.jpg,No Foam/augmented/small_rotation/root/frame_0054__small_rotation.jpg,small_rotation,"{""angle_degrees"": -2.7149}"
No Foam,root,No Foam/frame_0054.jpg,No Foam/augmented/horizontal_flip/root/frame_0054__horizontal_flip.jpg,horizontal_flip,{}
No Foam,root,No Foam/frame_0054.jpg,No Foam/augmented/brightness/root/frame_0054__brightness.jpg,brightness,"{""factor"": 0.9335}"
No Foam,root,No Foam/frame_0054.jpg,No Foam/augmented/contrast/root/frame_0054__contrast.jpg,contrast,"{""factor"": 0.852}"
No Foam,root,No Foam/frame_0054.jpg,No Foam/augmented/saturation/root/frame_0054__saturation.jpg,saturation,"{""factor"": 0.9056}"
No Foam,root,No Foam/frame_0054.jpg,No Foam/augmented/zoom_translate/root/frame_0054__zoom_translate.jpg,zoom_translate,"{""shift_x_fraction"": -0.0268, ""shift_y_fraction"": -0.0145, ""zoom"": 1.0089}"
No Foam,root,No Foam/frame_0055.jpg,No Foam/augmented/small_rotation/root/frame_0055__small_rotation.jpg,small_rotation,"{""angle_degrees"": 1.3086}"
No Foam,root,No Foam/frame_0055.jpg,No Foam/augmented/horizontal_flip/root/frame_0055__horizontal_flip.jpg,horizontal_flip,{}
No Foam,root,No Foam/frame_0055.jpg,No Foam/augmented/brightness/root/frame_0055__brightness.jpg,brightness,"{""factor"": 0.853}"
No Foam,root,No Foam/frame_0055.jpg,No Foam/augmented/contrast/root/frame_0055__contrast.jpg,contrast,"{""factor"": 0.9903}"
No Foam,root,No Foam/frame_0055.jpg,No Foam/augmented/saturation/root/frame_0055__saturation.jpg,saturation,"{""factor"": 1.0658}"
No Foam,root,No Foam/frame_0055.jpg,No Foam/augmented/zoom_translate/root/frame_0055__zoom_translate.jpg,zoom_translate,"{""shift_x_fraction"": -0.0245, ""shift_y_fraction"": -0.0244, ""zoom"": 1.0347}"
No Foam,root,No Foam/frame_0056.jpg,No Foam/augmented/small_rotation/root/frame_0056__small_rotation.jpg,small_rotation,"{""angle_degrees"": 0.0836}"
No Foam,root,No Foam/frame_0056.jpg,No Foam/augmented/horizontal_flip/root/frame_0056__horizontal_flip.jpg,horizontal_flip,{}
No Foam,root,No Foam/frame_0056.jpg,No Foam/augmented/brightness/root/frame_0056__brightness.jpg,brightness,"{""factor"": 1.0724}"
No Foam,root,No Foam/frame_0056.jpg,No Foam/augmented/contrast/root/frame_0056__contrast.jpg,contrast,"{""factor"": 1.0772}"
No Foam,root,No Foam/frame_0056.jpg,No Foam/augmented/saturation/root/frame_0056__saturation.jpg,saturation,"{""factor"": 1.0613}"
No Foam,root,No Foam/frame_0056.jpg,No Foam/augmented/zoom_translate/root/frame_0056__zoom_translate.jpg,zoom_translate,"{""shift_x_fraction"": -0.0265, ""shift_y_fraction"": 0.017, ""zoom"": 1.0476}"
No Foam,root,No Foam/frame_0057.jpg,No Foam/augmented/small_rotation/root/frame_0057__small_rotation.jpg,small_rotation,"{""angle_degrees"": 4.3338}"
No Foam,root,No Foam/frame_0057.jpg,No Foam/augmented/horizontal_flip/root/frame_0057__horizontal_flip.jpg,horizontal_flip,{}
No Foam,root,No Foam/frame_0057.jpg,No Foam/augmented/brightness/root/frame_0057__brightness.jpg,brightness,"{""factor"": 0.8586}"
No Foam,root,No Foam/frame_0057.jpg,No Foam/augmented/contrast/root/frame_0057__contrast.jpg,contrast,"{""factor"": 0.8649}"
No Foam,root,No Foam/frame_0057.jpg,No Foam/augmented/saturation/root/frame_0057__saturation.jpg,saturation,"{""factor"": 1.0248}"
No Foam,root,No Foam/frame_0057.jpg,No Foam/augmented/zoom_translate/root/frame_0057__zoom_translate.jpg,zoom_translate,"{""shift_x_fraction"": 0.0251, ""shift_y_fraction"": -0.0072, ""zoom"": 1.0224}"
No Foam,root,No Foam/frame_0058.jpg,No Foam/augmented/small_rotation/root/frame_0058__small_rotation.jpg,small_rotation,"{""angle_degrees"": 6.1695}"
No Foam,root,No Foam/frame_0058.jpg,No Foam/augmented/horizontal_flip/root/frame_0058__horizontal_flip.jpg,horizontal_flip,{}
No Foam,root,No Foam/frame_0058.jpg,No Foam/augmented/brightness/root/frame_0058__brightness.jpg,brightness,"{""factor"": 0.9367}"
No Foam,root,No Foam/frame_0058.jpg,No Foam/augmented/contrast/root/frame_0058__contrast.jpg,contrast,"{""factor"": 1.0591}"
No Foam,root,No Foam/frame_0058.jpg,No Foam/augmented/saturation/root/frame_0058__saturation.jpg,saturation,"{""factor"": 1.057}"
No Foam,root,No Foam/frame_0058.jpg,No Foam/augmented/zoom_translate/root/frame_0058__zoom_translate.jpg,zoom_translate,"{""shift_x_fraction"": 0.0322, ""shift_y_fraction"": 0.0139, ""zoom"": 1.0365}"
No Foam,root,No Foam/frame_0059.jpg,No Foam/augmented/small_rotation/root/frame_0059__small_rotation.jpg,small_rotation,"{""angle_degrees"": -0.1504}"
No Foam,root,No Foam/frame_0059.jpg,No Foam/augmented/horizontal_flip/root/frame_0059__horizontal_flip.jpg,horizontal_flip,{}
No Foam,root,No Foam/frame_0059.jpg,No Foam/augmented/brightness/root/frame_0059__brightness.jpg,brightness,"{""factor"": 0.8829}"
No Foam,root,No Foam/frame_0059.jpg,No Foam/augmented/contrast/root/frame_0059__contrast.jpg,contrast,"{""factor"": 1.1147}"
No Foam,root,No Foam/frame_0059.jpg,No Foam/augmented/saturation/root/frame_0059__saturation.jpg,saturation,"{""factor"": 0.9038}"
No Foam,root,No Foam/frame_0059.jpg,No Foam/augmented/zoom_translate/root/frame_0059__zoom_translate.jpg,zoom_translate,"{""shift_x_fraction"": -0.0085, ""shift_y_fraction"": 0.0255, ""zoom"": 1.0545}"
No Foam,root,No Foam/frame_0060.jpg,No Foam/augmented/small_rotation/root/frame_0060__small_rotation.jpg,small_rotation,"{""angle_degrees"": 2.6604}"
No Foam,root,No Foam/frame_0060.jpg,No Foam/augmented/horizontal_flip/root/frame_0060__horizontal_flip.jpg,horizontal_flip,{}
No Foam,root,No Foam/frame_0060.jpg,No Foam/augmented/brightness/root/frame_0060__brightness.jpg,brightness,"{""factor"": 0.8539}"
No Foam,root,No Foam/frame_0060.jpg,No Foam/augmented/contrast/root/frame_0060__contrast.jpg,contrast,"{""factor"": 0.9307}"
No Foam,root,No Foam/frame_0060.jpg,No Foam/augmented/saturation/root/frame_0060__saturation.jpg,saturation,"{""factor"": 1.0308}"
No Foam,root,No Foam/frame_0060.jpg,No Foam/augmented/zoom_translate/root/frame_0060__zoom_translate.jpg,zoom_translate,"{""shift_x_fraction"": 0.0341, ""shift_y_fraction"": 0.01, ""zoom"": 1.0086}"
No Foam,root,No Foam/frame_0061.jpg,No Foam/augmented/small_rotation/root/frame_0061__small_rotation.jpg,small_rotation,"{""angle_degrees"": 6.1985}"
No Foam,root,No Foam/frame_0061.jpg,No Foam/augmented/horizontal_flip/root/frame_0061__horizontal_flip.jpg,horizontal_flip,{}
No Foam,root,No Foam/frame_0061.jpg,No Foam/augmented/brightness/root/frame_0061__brightness.jpg,brightness,"{""factor"": 0.9698}"
No Foam,root,No Foam/frame_0061.jpg,No Foam/augmented/contrast/root/frame_0061__contrast.jpg,contrast,"{""factor"": 1.0104}"
No Foam,root,No Foam/frame_0061.jpg,No Foam/augmented/saturation/root/frame_0061__saturation.jpg,saturation,"{""factor"": 0.9634}"
No Foam,root,No Foam/frame_0061.jpg,No Foam/augmented/zoom_translate/root/frame_0061__zoom_translate.jpg,zoom_translate,"{""shift_x_fraction"": 0.0284, ""shift_y_fraction"": -0.0015, ""zoom"": 1.0585}"
No Foam,root,No Foam/frame_0062.jpg,No Foam/augmented/small_rotation/root/frame_0062__small_rotation.jpg,small_rotation,"{""angle_degrees"": 3.019}"
No Foam,root,No Foam/frame_0062.jpg,No Foam/augmented/horizontal_flip/root/frame_0062__horizontal_flip.jpg,horizontal_flip,{}
No Foam,root,No Foam/frame_0062.jpg,No Foam/augmented/brightness/root/frame_0062__brightness.jpg,brightness,"{""factor"": 0.9612}"
No Foam,root,No Foam/frame_0062.jpg,No Foam/augmented/contrast/root/frame_0062__contrast.jpg,contrast,"{""factor"": 0.8608}"
No Foam,root,No Foam/frame_0062.jpg,No Foam/augmented/saturation/root/frame_0062__saturation.jpg,saturation,"{""factor"": 0.9078}"
No Foam,root,No Foam/frame_0062.jpg,No Foam/augmented/zoom_translate/root/frame_0062__zoom_translate.jpg,zoom_translate,"{""shift_x_fraction"": 0.032, ""shift_y_fraction"": 0.0087, ""zoom"": 1.0783}"
No Foam,root,No Foam/frame_0063.jpg,No Foam/augmented/small_rotation/root/frame_0063__small_rotation.jpg,small_rotation,"{""angle_degrees"": 7.842}"
No Foam,root,No Foam/frame_0063.jpg,No Foam/augmented/horizontal_flip/root/frame_0063__horizontal_flip.jpg,horizontal_flip,{}
No Foam,root,No Foam/frame_0063.jpg,No Foam/augmented/brightness/root/frame_0063__brightness.jpg,brightness,"{""factor"": 1.1304}"
No Foam,root,No Foam/frame_0063.jpg,No Foam/augmented/contrast/root/frame_0063__contrast.jpg,contrast,"{""factor"": 1.0189}"
No Foam,root,No Foam/frame_0063.jpg,No Foam/augmented/saturation/root/frame_0063__saturation.jpg,saturation,"{""factor"": 1.069}"
No Foam,root,No Foam/frame_0063.jpg,No Foam/augmented/zoom_translate/root/frame_0063__zoom_translate.jpg,zoom_translate,"{""shift_x_fraction"": 0.0195, ""shift_y_fraction"": 0.0213, ""zoom"": 1.0199}"
No Foam,root,No Foam/frame_0064.jpg,No Foam/augmented/small_rotation/root/frame_0064__small_rotation.jpg,small_rotation,"{""angle_degrees"": 3.7899}"
No Foam,root,No Foam/frame_0064.jpg,No Foam/augmented/horizontal_flip/root/frame_0064__horizontal_flip.jpg,horizontal_flip,{}
No Foam,root,No Foam/frame_0064.jpg,No Foam/augmented/brightness/root/frame_0064__brightness.jpg,brightness,"{""factor"": 0.978}"
No Foam,root,No Foam/frame_0064.jpg,No Foam/augmented/contrast/root/frame_0064__contrast.jpg,contrast,"{""factor"": 0.9896}"
No Foam,root,No Foam/frame_0064.jpg,No Foam/augmented/saturation/root/frame_0064__saturation.jpg,saturation,"{""factor"": 1.0153}"
No Foam,root,No Foam/frame_0064.jpg,No Foam/augmented/zoom_translate/root/frame_0064__zoom_translate.jpg,zoom_translate,"{""shift_x_fraction"": 0.0119, ""shift_y_fraction"": 0.0034, ""zoom"": 1.0338}"
No Foam,root,No Foam/frame_0065.jpg,No Foam/augmented/small_rotation/root/frame_0065__small_rotation.jpg,small_rotation,"{""angle_degrees"": -1.8577}"
No Foam,root,No Foam/frame_0065.jpg,No Foam/augmented/horizontal_flip/root/frame_0065__horizontal_flip.jpg,horizontal_flip,{}
No Foam,root,No Foam/frame_0065.jpg,No Foam/augmented/brightness/root/frame_0065__brightness.jpg,brightness,"{""factor"": 1.0188}"
No Foam,root,No Foam/frame_0065.jpg,No Foam/augmented/contrast/root/frame_0065__contrast.jpg,contrast,"{""factor"": 1.1078}"
No Foam,root,No Foam/frame_0065.jpg,No Foam/augmented/saturation/root/frame_0065__saturation.jpg,saturation,"{""factor"": 0.9157}"
No Foam,root,No Foam/frame_0065.jpg,No Foam/augmented/zoom_translate/root/frame_0065__zoom_translate.jpg,zoom_translate,"{""shift_x_fraction"": -0.004, ""shift_y_fraction"": -0.0193, ""zoom"": 1.0571}"
No Foam,root,No Foam/frame_0066.jpg,No Foam/augmented/small_rotation/root/frame_0066__small_rotation.jpg,small_rotation,"{""angle_degrees"": -6.0107}"
No Foam,root,No Foam/frame_0066.jpg,No Foam/augmented/horizontal_flip/root/frame_0066__horizontal_flip.jpg,horizontal_flip,{}
No Foam,root,No Foam/frame_0066.jpg,No Foam/augmented/brightness/root/frame_0066__brightness.jpg,brightness,"{""factor"": 1.1014}"
No Foam,root,No Foam/frame_0066.jpg,No Foam/augmented/contrast/root/frame_0066__contrast.jpg,contrast,"{""factor"": 0.9449}"
No Foam,root,No Foam/frame_0066.jpg,No Foam/augmented/saturation/root/frame_0066__saturation.jpg,saturation,"{""factor"": 1.0088}"
No Foam,root,No Foam/frame_0066.jpg,No Foam/augmented/zoom_translate/root/frame_0066__zoom_translate.jpg,zoom_translate,"{""shift_x_fraction"": -0.0103, ""shift_y_fraction"": 0.007, ""zoom"": 1.0468}"
No Foam,root,No Foam/frame_0067.jpg,No Foam/augmented/small_rotation/root/frame_0067__small_rotation.jpg,small_rotation,"{""angle_degrees"": -7.4178}"
No Foam,root,No Foam/frame_0067.jpg,No Foam/augmented/horizontal_flip/root/frame_0067__horizontal_flip.jpg,horizontal_flip,{}
No Foam,root,No Foam/frame_0067.jpg,No Foam/augmented/brightness/root/frame_0067__brightness.jpg,brightness,"{""factor"": 0.9859}"
No Foam,root,No Foam/frame_0067.jpg,No Foam/augmented/contrast/root/frame_0067__contrast.jpg,contrast,"{""factor"": 0.8884}"
No Foam,root,No Foam/frame_0067.jpg,No Foam/augmented/saturation/root/frame_0067__saturation.jpg,saturation,"{""factor"": 0.917}"
No Foam,root,No Foam/frame_0067.jpg,No Foam/augmented/zoom_translate/root/frame_0067__zoom_translate.jpg,zoom_translate,"{""shift_x_fraction"": -0.0203, ""shift_y_fraction"": 0.004, ""zoom"": 1.0496}"
No Foam,root,No Foam/frame_0068.jpg,No Foam/augmented/small_rotation/root/frame_0068__small_rotation.jpg,small_rotation,"{""angle_degrees"": -5.797}"
No Foam,root,No Foam/frame_0068.jpg,No Foam/augmented/horizontal_flip/root/frame_0068__horizontal_flip.jpg,horizontal_flip,{}
No Foam,root,No Foam/frame_0068.jpg,No Foam/augmented/brightness/root/frame_0068__brightness.jpg,brightness,"{""factor"": 1.1023}"
No Foam,root,No Foam/frame_0068.jpg,No Foam/augmented/contrast/root/frame_0068__contrast.jpg,contrast,"{""factor"": 1.1073}"
No Foam,root,No Foam/frame_0068.jpg,No Foam/augmented/saturation/root/frame_0068__saturation.jpg,saturation,"{""factor"": 0.9344}"
No Foam,root,No Foam/frame_0068.jpg,No Foam/augmented/zoom_translate/root/frame_0068__zoom_translate.jpg,zoom_translate,"{""shift_x_fraction"": 0.0333, ""shift_y_fraction"": 0.0224, ""zoom"": 1.0718}"
No Foam,root,No Foam/frame_0069.jpg,No Foam/augmented/small_rotation/root/frame_0069__small_rotation.jpg,small_rotation,"{""angle_degrees"": 3.6366}"
No Foam,root,No Foam/frame_0069.jpg,No Foam/augmented/horizontal_flip/root/frame_0069__horizontal_flip.jpg,horizontal_flip,{}
No Foam,root,No Foam/frame_0069.jpg,No Foam/augmented/brightness/root/frame_0069__brightness.jpg,brightness,"{""factor"": 0.8859}"
No Foam,root,No Foam/frame_0069.jpg,No Foam/augmented/contrast/root/frame_0069__contrast.jpg,contrast,"{""factor"": 1.1093}"
No Foam,root,No Foam/frame_0069.jpg,No Foam/augmented/saturation/root/frame_0069__saturation.jpg,saturation,"{""factor"": 1.0253}"
No Foam,root,No Foam/frame_0069.jpg,No Foam/augmented/zoom_translate/root/frame_0069__zoom_translate.jpg,zoom_translate,"{""shift_x_fraction"": 0.0292, ""shift_y_fraction"": 0.0205, ""zoom"": 1.0265}"
No Foam,root,No Foam/frame_0070.jpg,No Foam/augmented/small_rotation/root/frame_0070__small_rotation.jpg,small_rotation,"{""angle_degrees"": 2.2723}"
No Foam,root,No Foam/frame_0070.jpg,No Foam/augmented/horizontal_flip/root/frame_0070__horizontal_flip.jpg,horizontal_flip,{}
No Foam,root,No Foam/frame_0070.jpg,No Foam/augmented/brightness/root/frame_0070__brightness.jpg,brightness,"{""factor"": 1.1315}"
No Foam,root,No Foam/frame_0070.jpg,No Foam/augmented/contrast/root/frame_0070__contrast.jpg,contrast,"{""factor"": 0.8854}"
No Foam,root,No Foam/frame_0070.jpg,No Foam/augmented/saturation/root/frame_0070__saturation.jpg,saturation,"{""factor"": 1.0169}"
No Foam,root,No Foam/frame_0070.jpg,No Foam/augmented/zoom_translate/root/frame_0070__zoom_translate.jpg,zoom_translate,"{""shift_x_fraction"": -0.0261, ""shift_y_fraction"": -0.0123, ""zoom"": 1.0174}"
No Foam,root,No Foam/frame_0071.jpg,No Foam/augmented/small_rotation/root/frame_0071__small_rotation.jpg,small_rotation,"{""angle_degrees"": 2.417}"
No Foam,root,No Foam/frame_0071.jpg,No Foam/augmented/horizontal_flip/root/frame_0071__horizontal_flip.jpg,horizontal_flip,{}
No Foam,root,No Foam/frame_0071.jpg,No Foam/augmented/brightness/root/frame_0071__brightness.jpg,brightness,"{""factor"": 1.1299}"
No Foam,root,No Foam/frame_0071.jpg,No Foam/augmented/contrast/root/frame_0071__contrast.jpg,contrast,"{""factor"": 1.1427}"
No Foam,root,No Foam/frame_0071.jpg,No Foam/augmented/saturation/root/frame_0071__saturation.jpg,saturation,"{""factor"": 1.0033}"
No Foam,root,No Foam/frame_0071.jpg,No Foam/augmented/zoom_translate/root/frame_0071__zoom_translate.jpg,zoom_translate,"{""shift_x_fraction"": -0.0322, ""shift_y_fraction"": -0.025, ""zoom"": 1.0492}"
No Foam,root,No Foam/frame_0072.jpg,No Foam/augmented/small_rotation/root/frame_0072__small_rotation.jpg,small_rotation,"{""angle_degrees"": 0.0722}"
No Foam,root,No Foam/frame_0072.jpg,No Foam/augmented/horizontal_flip/root/frame_0072__horizontal_flip.jpg,horizontal_flip,{}
No Foam,root,No Foam/frame_0072.jpg,No Foam/augmented/brightness/root/frame_0072__brightness.jpg,brightness,"{""factor"": 1.0799}"
No Foam,root,No Foam/frame_0072.jpg,No Foam/augmented/contrast/root/frame_0072__contrast.jpg,contrast,"{""factor"": 1.0775}"
No Foam,root,No Foam/frame_0072.jpg,No Foam/augmented/saturation/root/frame_0072__saturation.jpg,saturation,"{""factor"": 1.0423}"
No Foam,root,No Foam/frame_0072.jpg,No Foam/augmented/zoom_translate/root/frame_0072__zoom_translate.jpg,zoom_translate,"{""shift_x_fraction"": -0.0239, ""shift_y_fraction"": 0.0309, ""zoom"": 1.0339}"
No Foam,root,No Foam/frame_0073.jpg,No Foam/augmented/small_rotation/root/frame_0073__small_rotation.jpg,small_rotation,"{""angle_degrees"": -2.4114}"
No Foam,root,No Foam/frame_0073.jpg,No Foam/augmented/horizontal_flip/root/frame_0073__horizontal_flip.jpg,horizontal_flip,{}
No Foam,root,No Foam/frame_0073.jpg,No Foam/augmented/brightness/root/frame_0073__brightness.jpg,brightness,"{""factor"": 1.0358}"
No Foam,root,No Foam/frame_0073.jpg,No Foam/augmented/contrast/root/frame_0073__contrast.jpg,contrast,"{""factor"": 0.8832}"
No Foam,root,No Foam/frame_0073.jpg,No Foam/augmented/saturation/root/frame_0073__saturation.jpg,saturation,"{""factor"": 1.042}"
No Foam,root,No Foam/frame_0073.jpg,No Foam/augmented/zoom_translate/root/frame_0073__zoom_translate.jpg,zoom_translate,"{""shift_x_fraction"": -0.0227, ""shift_y_fraction"": -0.0079, ""zoom"": 1.0149}"
No Foam,root,No Foam/frame_0074.jpg,No Foam/augmented/small_rotation/root/frame_0074__small_rotation.jpg,small_rotation,"{""angle_degrees"": 4.0482}"
No Foam,root,No Foam/frame_0074.jpg,No Foam/augmented/horizontal_flip/root/frame_0074__horizontal_flip.jpg,horizontal_flip,{}
No Foam,root,No Foam/frame_0074.jpg,No Foam/augmented/brightness/root/frame_0074__brightness.jpg,brightness,"{""factor"": 1.0405}"
No Foam,root,No Foam/frame_0074.jpg,No Foam/augmented/contrast/root/frame_0074__contrast.jpg,contrast,"{""factor"": 0.9835}"
No Foam,root,No Foam/frame_0074.jpg,No Foam/augmented/saturation/root/frame_0074__saturation.jpg,saturation,"{""factor"": 1.0964}"
No Foam,root,No Foam/frame_0074.jpg,No Foam/augmented/zoom_translate/root/frame_0074__zoom_translate.jpg,zoom_translate,"{""shift_x_fraction"": -0.0103, ""shift_y_fraction"": -0.0268, ""zoom"": 1.0672}"
No Foam,root,No Foam/frame_0075.jpg,No Foam/augmented/small_rotation/root/frame_0075__small_rotation.jpg,small_rotation,"{""angle_degrees"": 2.4487}"
No Foam,root,No Foam/frame_0075.jpg,No Foam/augmented/horizontal_flip/root/frame_0075__horizontal_flip.jpg,horizontal_flip,{}
No Foam,root,No Foam/frame_0075.jpg,No Foam/augmented/brightness/root/frame_0075__brightness.jpg,brightness,"{""factor"": 1.0958}"
No Foam,root,No Foam/frame_0075.jpg,No Foam/augmented/contrast/root/frame_0075__contrast.jpg,contrast,"{""factor"": 0.8816}"
No Foam,root,No Foam/frame_0075.jpg,No Foam/augmented/saturation/root/frame_0075__saturation.jpg,saturation,"{""factor"": 1.0922}"
No Foam,root,No Foam/frame_0075.jpg,No Foam/augmented/zoom_translate/root/frame_0075__zoom_translate.jpg,zoom_translate,"{""shift_x_fraction"": 0.0243, ""shift_y_fraction"": 0.0337, ""zoom"": 1.0736}"
No Foam,root,No Foam/frame_0076.jpg,No Foam/augmented/small_rotation/root/frame_0076__small_rotation.jpg,small_rotation,"{""angle_degrees"": 2.4213}"
No Foam,root,No Foam/frame_0076.jpg,No Foam/augmented/horizontal_flip/root/frame_0076__horizontal_flip.jpg,horizontal_flip,{}
No Foam,root,No Foam/frame_0076.jpg,No Foam/augmented/brightness/root/frame_0076__brightness.jpg,brightness,"{""factor"": 1.0796}"
No Foam,root,No Foam/frame_0076.jpg,No Foam/augmented/contrast/root/frame_0076__contrast.jpg,contrast,"{""factor"": 0.857}"
No Foam,root,No Foam/frame_0076.jpg,No Foam/augmented/saturation/root/frame_0076__saturation.jpg,saturation,"{""factor"": 1.0995}"
No Foam,root,No Foam/frame_0076.jpg,No Foam/augmented/zoom_translate/root/frame_0076__zoom_translate.jpg,zoom_translate,"{""shift_x_fraction"": -0.0038, ""shift_y_fraction"": -0.0287, ""zoom"": 1.0154}"
No Foam,root,No Foam/frame_0077.jpg,No Foam/augmented/small_rotation/root/frame_0077__small_rotation.jpg,small_rotation,"{""angle_degrees"": -2.6323}"
No Foam,root,No Foam/frame_0077.jpg,No Foam/augmented/horizontal_flip/root/frame_0077__horizontal_flip.jpg,horizontal_flip,{}
No Foam,root,No Foam/frame_0077.jpg,No Foam/augmented/brightness/root/frame_0077__brightness.jpg,brightness,"{""factor"": 1.0241}"
No Foam,root,No Foam/frame_0077.jpg,No Foam/augmented/contrast/root/frame_0077__contrast.jpg,contrast,"{""factor"": 0.8558}"
No Foam,root,No Foam/frame_0077.jpg,No Foam/augmented/saturation/root/frame_0077__saturation.jpg,saturation,"{""factor"": 1.0762}"
No Foam,root,No Foam/frame_0077.jpg,No Foam/augmented/zoom_translate/root/frame_0077__zoom_translate.jpg,zoom_translate,"{""shift_x_fraction"": -0.0062, ""shift_y_fraction"": 0.0229, ""zoom"": 1.0134}"
No Foam,root,No Foam/frame_0078.jpg,No Foam/augmented/small_rotation/root/frame_0078__small_rotation.jpg,small_rotation,"{""angle_degrees"": -3.3931}"
No Foam,root,No Foam/frame_0078.jpg,No Foam/augmented/horizontal_flip/root/frame_0078__horizontal_flip.jpg,horizontal_flip,{}
No Foam,root,No Foam/frame_0078.jpg,No Foam/augmented/brightness/root/frame_0078__brightness.jpg,brightness,"{""factor"": 0.9935}"
No Foam,root,No Foam/frame_0078.jpg,No Foam/augmented/contrast/root/frame_0078__contrast.jpg,contrast,"{""factor"": 0.8582}"
No Foam,root,No Foam/frame_0078.jpg,No Foam/augmented/saturation/root/frame_0078__saturation.jpg,saturation,"{""factor"": 1.0696}"
No Foam,root,No Foam/frame_0078.jpg,No Foam/augmented/zoom_translate/root/frame_0078__zoom_translate.jpg,zoom_translate,"{""shift_x_fraction"": 0.0199, ""shift_y_fraction"": -0.0139, ""zoom"": 1.0411}"
No Foam,root,No Foam/frame_0079.jpg,No Foam/augmented/small_rotation/root/frame_0079__small_rotation.jpg,small_rotation,"{""angle_degrees"": -5.9347}"
No Foam,root,No Foam/frame_0079.jpg,No Foam/augmented/horizontal_flip/root/frame_0079__horizontal_flip.jpg,horizontal_flip,{}
No Foam,root,No Foam/frame_0079.jpg,No Foam/augmented/brightness/root/frame_0079__brightness.jpg,brightness,"{""factor"": 1.0485}"
No Foam,root,No Foam/frame_0079.jpg,No Foam/augmented/contrast/root/frame_0079__contrast.jpg,contrast,"{""factor"": 0.9269}"
No Foam,root,No Foam/frame_0079.jpg,No Foam/augmented/saturation/root/frame_0079__saturation.jpg,saturation,"{""factor"": 0.9997}"
No Foam,root,No Foam/frame_0079.jpg,No Foam/augmented/zoom_translate/root/frame_0079__zoom_translate.jpg,zoom_translate,"{""shift_x_fraction"": 0.0233, ""shift_y_fraction"": 0.0089, ""zoom"": 1.0049}"
No Foam,root,No Foam/frame_0080.jpg,No Foam/augmented/small_rotation/root/frame_0080__small_rotation.jpg,small_rotation,"{""angle_degrees"": -1.8464}"
No Foam,root,No Foam/frame_0080.jpg,No Foam/augmented/horizontal_flip/root/frame_0080__horizontal_flip.jpg,horizontal_flip,{}
No Foam,root,No Foam/frame_0080.jpg,No Foam/augmented/brightness/root/frame_0080__brightness.jpg,brightness,"{""factor"": 1.0712}"
No Foam,root,No Foam/frame_0080.jpg,No Foam/augmented/contrast/root/frame_0080__contrast.jpg,contrast,"{""factor"": 0.9998}"
No Foam,root,No Foam/frame_0080.jpg,No Foam/augmented/saturation/root/frame_0080__saturation.jpg,saturation,"{""factor"": 0.9533}"
No Foam,root,No Foam/frame_0080.jpg,No Foam/augmented/zoom_translate/root/frame_0080__zoom_translate.jpg,zoom_translate,"{""shift_x_fraction"": -0.0191, ""shift_y_fraction"": 0.0071, ""zoom"": 1.0436}"
No Foam,root,No Foam/frame_0081.jpg,No Foam/augmented/small_rotation/root/frame_0081__small_rotation.jpg,small_rotation,"{""angle_degrees"": -7.4835}"
No Foam,root,No Foam/frame_0081.jpg,No Foam/augmented/horizontal_flip/root/frame_0081__horizontal_flip.jpg,horizontal_flip,{}
No Foam,root,No Foam/frame_0081.jpg,No Foam/augmented/brightness/root/frame_0081__brightness.jpg,brightness,"{""factor"": 0.9922}"
No Foam,root,No Foam/frame_0081.jpg,No Foam/augmented/contrast/root/frame_0081__contrast.jpg,contrast,"{""factor"": 0.9305}"
No Foam,root,No Foam/frame_0081.jpg,No Foam/augmented/saturation/root/frame_0081__saturation.jpg,saturation,"{""factor"": 0.9578}"
No Foam,root,No Foam/frame_0081.jpg,No Foam/augmented/zoom_translate/root/frame_0081__zoom_translate.jpg,zoom_translate,"{""shift_x_fraction"": -0.0317, ""shift_y_fraction"": -0.0305, ""zoom"": 1.0494}"
No Foam,root,No Foam/frame_0082.jpg,No Foam/augmented/small_rotation/root/frame_0082__small_rotation.jpg,small_rotation,"{""angle_degrees"": 3.7777}"
No Foam,root,No Foam/frame_0082.jpg,No Foam/augmented/horizontal_flip/root/frame_0082__horizontal_flip.jpg,horizontal_flip,{}
No Foam,root,No Foam/frame_0082.jpg,No Foam/augmented/brightness/root/frame_0082__brightness.jpg,brightness,"{""factor"": 1.1011}"
No Foam,root,No Foam/frame_0082.jpg,No Foam/augmented/contrast/root/frame_0082__contrast.jpg,contrast,"{""factor"": 1.1147}"
No Foam,root,No Foam/frame_0082.jpg,No Foam/augmented/saturation/root/frame_0082__saturation.jpg,saturation,"{""factor"": 1.0443}"
No Foam,root,No Foam/frame_0082.jpg,No Foam/augmented/zoom_translate/root/frame_0082__zoom_translate.jpg,zoom_translate,"{""shift_x_fraction"": 0.0165, ""shift_y_fraction"": -0.0346, ""zoom"": 1.0089}"
No Foam,root,No Foam/frame_0083.jpg,No Foam/augmented/small_rotation/root/frame_0083__small_rotation.jpg,small_rotation,"{""angle_degrees"": -4.1672}"
No Foam,root,No Foam/frame_0083.jpg,No Foam/augmented/horizontal_flip/root/frame_0083__horizontal_flip.jpg,horizontal_flip,{}
No Foam,root,No Foam/frame_0083.jpg,No Foam/augmented/brightness/root/frame_0083__brightness.jpg,brightness,"{""factor"": 1.0646}"
No Foam,root,No Foam/frame_0083.jpg,No Foam/augmented/contrast/root/frame_0083__contrast.jpg,contrast,"{""factor"": 0.886}"
No Foam,root,No Foam/frame_0083.jpg,No Foam/augmented/saturation/root/frame_0083__saturation.jpg,saturation,"{""factor"": 1.0246}"
No Foam,root,No Foam/frame_0083.jpg,No Foam/augmented/zoom_translate/root/frame_0083__zoom_translate.jpg,zoom_translate,"{""shift_x_fraction"": -0.0269, ""shift_y_fraction"": 0.0165, ""zoom"": 1.0093}"
No Foam,root,No Foam/frame_0084.jpg,No Foam/augmented/small_rotation/root/frame_0084__small_rotation.jpg,small_rotation,"{""angle_degrees"": 3.3604}"
No Foam,root,No Foam/frame_0084.jpg,No Foam/augmented/horizontal_flip/root/frame_0084__horizontal_flip.jpg,horizontal_flip,{}
No Foam,root,No Foam/frame_0084.jpg,No Foam/augmented/brightness/root/frame_0084__brightness.jpg,brightness,"{""factor"": 0.9952}"
No Foam,root,No Foam/frame_0084.jpg,No Foam/augmented/contrast/root/frame_0084__contrast.jpg,contrast,"{""factor"": 1.0703}"
No Foam,root,No Foam/frame_0084.jpg,No Foam/augmented/saturation/root/frame_0084__saturation.jpg,saturation,"{""factor"": 1.0435}"
No Foam,root,No Foam/frame_0084.jpg,No Foam/augmented/zoom_translate/root/frame_0084__zoom_translate.jpg,zoom_translate,"{""shift_x_fraction"": 0.01, ""shift_y_fraction"": 0.0247, ""zoom"": 1.069}"
No Foam,root,No Foam/frame_0085.jpg,No Foam/augmented/small_rotation/root/frame_0085__small_rotation.jpg,small_rotation,"{""angle_degrees"": 3.1613}"
No Foam,root,No Foam/frame_0085.jpg,No Foam/augmented/horizontal_flip/root/frame_0085__horizontal_flip.jpg,horizontal_flip,{}
No Foam,root,No Foam/frame_0085.jpg,No Foam/augmented/brightness/root/frame_0085__brightness.jpg,brightness,"{""factor"": 0.9172}"
No Foam,root,No Foam/frame_0085.jpg,No Foam/augmented/contrast/root/frame_0085__contrast.jpg,contrast,"{""factor"": 1.117}"
No Foam,root,No Foam/frame_0085.jpg,No Foam/augmented/saturation/root/frame_0085__saturation.jpg,saturation,"{""factor"": 0.913}"
No Foam,root,No Foam/frame_0085.jpg,No Foam/augmented/zoom_translate/root/frame_0085__zoom_translate.jpg,zoom_translate,"{""shift_x_fraction"": 0.0273, ""shift_y_fraction"": 0.0342, ""zoom"": 1.0716}"
No Foam,root,No Foam/frame_0086.jpg,No Foam/augmented/small_rotation/root/frame_0086__small_rotation.jpg,small_rotation,"{""angle_degrees"": -1.8339}"
No Foam,root,No Foam/frame_0086.jpg,No Foam/augmented/horizontal_flip/root/frame_0086__horizontal_flip.jpg,horizontal_flip,{}
No Foam,root,No Foam/frame_0086.jpg,No Foam/augmented/brightness/root/frame_0086__brightness.jpg,brightness,"{""factor"": 1.0123}"
No Foam,root,No Foam/frame_0086.jpg,No Foam/augmented/contrast/root/frame_0086__contrast.jpg,contrast,"{""factor"": 1.0241}"
No Foam,root,No Foam/frame_0086.jpg,No Foam/augmented/saturation/root/frame_0086__saturation.jpg,saturation,"{""factor"": 1.0066}"
No Foam,root,No Foam/frame_0086.jpg,No Foam/augmented/zoom_translate/root/frame_0086__zoom_translate.jpg,zoom_translate,"{""shift_x_fraction"": -0.0285, ""shift_y_fraction"": 0.0233, ""zoom"": 1.0312}"
No Foam,root,No Foam/frame_0087.jpg,No Foam/augmented/small_rotation/root/frame_0087__small_rotation.jpg,small_rotation,"{""angle_degrees"": 2.8778}"
No Foam,root,No Foam/frame_0087.jpg,No Foam/augmented/horizontal_flip/root/frame_0087__horizontal_flip.jpg,horizontal_flip,{}
No Foam,root,No Foam/frame_0087.jpg,No Foam/augmented/brightness/root/frame_0087__brightness.jpg,brightness,"{""factor"": 0.9675}"
No Foam,root,No Foam/frame_0087.jpg,No Foam/augmented/contrast/root/frame_0087__contrast.jpg,contrast,"{""factor"": 1.1222}"
No Foam,root,No Foam/frame_0087.jpg,No Foam/augmented/saturation/root/frame_0087__saturation.jpg,saturation,"{""factor"": 0.9277}"
No Foam,root,No Foam/frame_0087.jpg,No Foam/augmented/zoom_translate/root/frame_0087__zoom_translate.jpg,zoom_translate,"{""shift_x_fraction"": -0.0161, ""shift_y_fraction"": 0.0206, ""zoom"": 1.0077}"
No Foam,root,No Foam/frame_0088.jpg,No Foam/augmented/small_rotation/root/frame_0088__small_rotation.jpg,small_rotation,"{""angle_degrees"": 6.2145}"
No Foam,root,No Foam/frame_0088.jpg,No Foam/augmented/horizontal_flip/root/frame_0088__horizontal_flip.jpg,horizontal_flip,{}
No Foam,root,No Foam/frame_0088.jpg,No Foam/augmented/brightness/root/frame_0088__brightness.jpg,brightness,"{""factor"": 1.0607}"
No Foam,root,No Foam/frame_0088.jpg,No Foam/augmented/contrast/root/frame_0088__contrast.jpg,contrast,"{""factor"": 0.9414}"
No Foam,root,No Foam/frame_0088.jpg,No Foam/augmented/saturation/root/frame_0088__saturation.jpg,saturation,"{""factor"": 1.067}"
No Foam,root,No Foam/frame_0088.jpg,No Foam/augmented/zoom_translate/root/frame_0088__zoom_translate.jpg,zoom_translate,"{""shift_x_fraction"": -0.0015, ""shift_y_fraction"": 0.0123, ""zoom"": 1.0714}"
No Foam,root,No Foam/frame_0089.jpg,No Foam/augmented/small_rotation/root/frame_0089__small_rotation.jpg,small_rotation,"{""angle_degrees"": 7.7119}"
No Foam,root,No Foam/frame_0089.jpg,No Foam/augmented/horizontal_flip/root/frame_0089__horizontal_flip.jpg,horizontal_flip,{}
No Foam,root,No Foam/frame_0089.jpg,No Foam/augmented/brightness/root/frame_0089__brightness.jpg,brightness,"{""factor"": 0.9486}"
No Foam,root,No Foam/frame_0089.jpg,No Foam/augmented/contrast/root/frame_0089__contrast.jpg,contrast,"{""factor"": 1.0187}"
No Foam,root,No Foam/frame_0089.jpg,No Foam/augmented/saturation/root/frame_0089__saturation.jpg,saturation,"{""factor"": 1.0324}"
No Foam,root,No Foam/frame_0089.jpg,No Foam/augmented/zoom_translate/root/frame_0089__zoom_translate.jpg,zoom_translate,"{""shift_x_fraction"": 0.018, ""shift_y_fraction"": -0.0258, ""zoom"": 1.0314}"
No Foam,root,No Foam/frame_0090.jpg,No Foam/augmented/small_rotation/root/frame_0090__small_rotation.jpg,small_rotation,"{""angle_degrees"": -1.068}"
No Foam,root,No Foam/frame_0090.jpg,No Foam/augmented/horizontal_flip/root/frame_0090__horizontal_flip.jpg,horizontal_flip,{}
No Foam,root,No Foam/frame_0090.jpg,No Foam/augmented/brightness/root/frame_0090__brightness.jpg,brightness,"{""factor"": 1.0101}"
No Foam,root,No Foam/frame_0090.jpg,No Foam/augmented/contrast/root/frame_0090__contrast.jpg,contrast,"{""factor"": 0.8839}"
No Foam,root,No Foam/frame_0090.jpg,No Foam/augmented/saturation/root/frame_0090__saturation.jpg,saturation,"{""factor"": 0.9722}"
No Foam,root,No Foam/frame_0090.jpg,No Foam/augmented/zoom_translate/root/frame_0090__zoom_translate.jpg,zoom_translate,"{""shift_x_fraction"": -0.0049, ""shift_y_fraction"": -0.0103, ""zoom"": 1.0693}"
No Foam,root,No Foam/frame_0091.jpg,No Foam/augmented/small_rotation/root/frame_0091__small_rotation.jpg,small_rotation,"{""angle_degrees"": -3.1743}"
No Foam,root,No Foam/frame_0091.jpg,No Foam/augmented/horizontal_flip/root/frame_0091__horizontal_flip.jpg,horizontal_flip,{}
No Foam,root,No Foam/frame_0091.jpg,No Foam/augmented/brightness/root/frame_0091__brightness.jpg,brightness,"{""factor"": 1.0889}"
No Foam,root,No Foam/frame_0091.jpg,No Foam/augmented/contrast/root/frame_0091__contrast.jpg,contrast,"{""factor"": 1.0735}"
No Foam,root,No Foam/frame_0091.jpg,No Foam/augmented/saturation/root/frame_0091__saturation.jpg,saturation,"{""factor"": 1.0081}"
No Foam,root,No Foam/frame_0091.jpg,No Foam/augmented/zoom_translate/root/frame_0091__zoom_translate.jpg,zoom_translate,"{""shift_x_fraction"": -0.0255, ""shift_y_fraction"": -0.0076, ""zoom"": 1.0343}"
No Foam,root,No Foam/frame_0092.jpg,No Foam/augmented/small_rotation/root/frame_0092__small_rotation.jpg,small_rotation,"{""angle_degrees"": -7.5107}"
No Foam,root,No Foam/frame_0092.jpg,No Foam/augmented/horizontal_flip/root/frame_0092__horizontal_flip.jpg,horizontal_flip,{}
No Foam,root,No Foam/frame_0092.jpg,No Foam/augmented/brightness/root/frame_0092__brightness.jpg,brightness,"{""factor"": 0.858}"
No Foam,root,No Foam/frame_0092.jpg,No Foam/augmented/contrast/root/frame_0092__contrast.jpg,contrast,"{""factor"": 1.0763}"
No Foam,root,No Foam/frame_0092.jpg,No Foam/augmented/saturation/root/frame_0092__saturation.jpg,saturation,"{""factor"": 0.9009}"
No Foam,root,No Foam/frame_0092.jpg,No Foam/augmented/zoom_translate/root/frame_0092__zoom_translate.jpg,zoom_translate,"{""shift_x_fraction"": 0.0211, ""shift_y_fraction"": -0.0184, ""zoom"": 1.0563}"
No Foam,root,No Foam/frame_0093.jpg,No Foam/augmented/small_rotation/root/frame_0093__small_rotation.jpg,small_rotation,"{""angle_degrees"": -2.9444}"
No Foam,root,No Foam/frame_0093.jpg,No Foam/augmented/horizontal_flip/root/frame_0093__horizontal_flip.jpg,horizontal_flip,{}
No Foam,root,No Foam/frame_0093.jpg,No Foam/augmented/brightness/root/frame_0093__brightness.jpg,brightness,"{""factor"": 1.0461}"
No Foam,root,No Foam/frame_0093.jpg,No Foam/augmented/contrast/root/frame_0093__contrast.jpg,contrast,"{""factor"": 0.8687}"
No Foam,root,No Foam/frame_0093.jpg,No Foam/augmented/saturation/root/frame_0093__saturation.jpg,saturation,"{""factor"": 1.0393}"
No Foam,root,No Foam/frame_0093.jpg,No Foam/augmented/zoom_translate/root/frame_0093__zoom_translate.jpg,zoom_translate,"{""shift_x_fraction"": -0.0173, ""shift_y_fraction"": -0.0151, ""zoom"": 1.048}"
No Foam,root,No Foam/frame_0094.jpg,No Foam/augmented/small_rotation/root/frame_0094__small_rotation.jpg,small_rotation,"{""angle_degrees"": 4.5639}"
No Foam,root,No Foam/frame_0094.jpg,No Foam/augmented/horizontal_flip/root/frame_0094__horizontal_flip.jpg,horizontal_flip,{}
No Foam,root,No Foam/frame_0094.jpg,No Foam/augmented/brightness/root/frame_0094__brightness.jpg,brightness,"{""factor"": 1.0442}"
No Foam,root,No Foam/frame_0094.jpg,No Foam/augmented/contrast/root/frame_0094__contrast.jpg,contrast,"{""factor"": 1.0522}"
No Foam,root,No Foam/frame_0094.jpg,No Foam/augmented/saturation/root/frame_0094__saturation.jpg,saturation,"{""factor"": 0.9532}"
No Foam,root,No Foam/frame_0094.jpg,No Foam/augmented/zoom_translate/root/frame_0094__zoom_translate.jpg,zoom_translate,"{""shift_x_fraction"": 0.0118, ""shift_y_fraction"": -0.0145, ""zoom"": 1.0663}"
No Foam,root,No Foam/frame_0095.jpg,No Foam/augmented/small_rotation/root/frame_0095__small_rotation.jpg,small_rotation,"{""angle_degrees"": -6.6644}"
No Foam,root,No Foam/frame_0095.jpg,No Foam/augmented/horizontal_flip/root/frame_0095__horizontal_flip.jpg,horizontal_flip,{}
No Foam,root,No Foam/frame_0095.jpg,No Foam/augmented/brightness/root/frame_0095__brightness.jpg,brightness,"{""factor"": 0.8703}"
No Foam,root,No Foam/frame_0095.jpg,No Foam/augmented/contrast/root/frame_0095__contrast.jpg,contrast,"{""factor"": 0.9418}"
No Foam,root,No Foam/frame_0095.jpg,No Foam/augmented/saturation/root/frame_0095__saturation.jpg,saturation,"{""factor"": 0.9181}"
No Foam,root,No Foam/frame_0095.jpg,No Foam/augmented/zoom_translate/root/frame_0095__zoom_translate.jpg,zoom_translate,"{""shift_x_fraction"": -0.0142, ""shift_y_fraction"": -0.003, ""zoom"": 1.038}"
No Foam,root,No Foam/frame_0096.jpg,No Foam/augmented/small_rotation/root/frame_0096__small_rotation.jpg,small_rotation,"{""angle_degrees"": -0.11}"
No Foam,root,No Foam/frame_0096.jpg,No Foam/augmented/horizontal_flip/root/frame_0096__horizontal_flip.jpg,horizontal_flip,{}
No Foam,root,No Foam/frame_0096.jpg,No Foam/augmented/brightness/root/frame_0096__brightness.jpg,brightness,"{""factor"": 1.0597}"
No Foam,root,No Foam/frame_0096.jpg,No Foam/augmented/contrast/root/frame_0096__contrast.jpg,contrast,"{""factor"": 0.9206}"
No Foam,root,No Foam/frame_0096.jpg,No Foam/augmented/saturation/root/frame_0096__saturation.jpg,saturation,"{""factor"": 1.0835}"
No Foam,root,No Foam/frame_0096.jpg,No Foam/augmented/zoom_translate/root/frame_0096__zoom_translate.jpg,zoom_translate,"{""shift_x_fraction"": 0.0267, ""shift_y_fraction"": -0.0163, ""zoom"": 1.054}"
No Foam,root,No Foam/frame_0097.jpg,No Foam/augmented/small_rotation/root/frame_0097__small_rotation.jpg,small_rotation,"{""angle_degrees"": 4.4763}"
No Foam,root,No Foam/frame_0097.jpg,No Foam/augmented/horizontal_flip/root/frame_0097__horizontal_flip.jpg,horizontal_flip,{}
No Foam,root,No Foam/frame_0097.jpg,No Foam/augmented/brightness/root/frame_0097__brightness.jpg,brightness,"{""factor"": 1.0144}"
No Foam,root,No Foam/frame_0097.jpg,No Foam/augmented/contrast/root/frame_0097__contrast.jpg,contrast,"{""factor"": 1.1029}"
No Foam,root,No Foam/frame_0097.jpg,No Foam/augmented/saturation/root/frame_0097__saturation.jpg,saturation,"{""factor"": 1.0917}"
No Foam,root,No Foam/frame_0097.jpg,No Foam/augmented/zoom_translate/root/frame_0097__zoom_translate.jpg,zoom_translate,"{""shift_x_fraction"": 0.0176, ""shift_y_fraction"": 0.0281, ""zoom"": 1.0446}"
No Foam,root,No Foam/frame_0098.jpg,No Foam/augmented/small_rotation/root/frame_0098__small_rotation.jpg,small_rotation,"{""angle_degrees"": 5.1537}"
No Foam,root,No Foam/frame_0098.jpg,No Foam/augmented/horizontal_flip/root/frame_0098__horizontal_flip.jpg,horizontal_flip,{}
No Foam,root,No Foam/frame_0098.jpg,No Foam/augmented/brightness/root/frame_0098__brightness.jpg,brightness,"{""factor"": 1.0693}"
No Foam,root,No Foam/frame_0098.jpg,No Foam/augmented/contrast/root/frame_0098__contrast.jpg,contrast,"{""factor"": 1.005}"
No Foam,root,No Foam/frame_0098.jpg,No Foam/augmented/saturation/root/frame_0098__saturation.jpg,saturation,"{""factor"": 1.0761}"
No Foam,root,No Foam/frame_0098.jpg,No Foam/augmented/zoom_translate/root/frame_0098__zoom_translate.jpg,zoom_translate,"{""shift_x_fraction"": -0.0024, ""shift_y_fraction"": 0.0301, ""zoom"": 1.0765}"
No Foam,root,No Foam/frame_0099.jpg,No Foam/augmented/small_rotation/root/frame_0099__small_rotation.jpg,small_rotation,"{""angle_degrees"": 1.4709}"
No Foam,root,No Foam/frame_0099.jpg,No Foam/augmented/horizontal_flip/root/frame_0099__horizontal_flip.jpg,horizontal_flip,{}
No Foam,root,No Foam/frame_0099.jpg,No Foam/augmented/brightness/root/frame_0099__brightness.jpg,brightness,"{""factor"": 1.1483}"
No Foam,root,No Foam/frame_0099.jpg,No Foam/augmented/contrast/root/frame_0099__contrast.jpg,contrast,"{""factor"": 0.9216}"
No Foam,root,No Foam/frame_0099.jpg,No Foam/augmented/saturation/root/frame_0099__saturation.jpg,saturation,"{""factor"": 1.0306}"
No Foam,root,No Foam/frame_0099.jpg,No Foam/augmented/zoom_translate/root/frame_0099__zoom_translate.jpg,zoom_translate,"{""shift_x_fraction"": 0.0014, ""shift_y_fraction"": 0.003, ""zoom"": 1.0677}"
No Foam,root,No Foam/frame_0100.jpg,No Foam/augmented/small_rotation/root/frame_0100__small_rotation.jpg,small_rotation,"{""angle_degrees"": 3.9305}"
No Foam,root,No Foam/frame_0100.jpg,No Foam/augmented/horizontal_flip/root/frame_0100__horizontal_flip.jpg,horizontal_flip,{}
No Foam,root,No Foam/frame_0100.jpg,No Foam/augmented/brightness/root/frame_0100__brightness.jpg,brightness,"{""factor"": 0.8817}"
No Foam,root,No Foam/frame_0100.jpg,No Foam/augmented/contrast/root/frame_0100__contrast.jpg,contrast,"{""factor"": 1.0133}"
No Foam,root,No Foam/frame_0100.jpg,No Foam/augmented/saturation/root/frame_0100__saturation.jpg,saturation,"{""factor"": 1.0913}"
No Foam,root,No Foam/frame_0100.jpg,No Foam/augmented/zoom_translate/root/frame_0100__zoom_translate.jpg,zoom_translate,"{""shift_x_fraction"": -0.0004, ""shift_y_fraction"": -0.0135, ""zoom"": 1.0416}"
No Foam,root,No Foam/frame_0101.jpg,No Foam/augmented/small_rotation/root/frame_0101__small_rotation.jpg,small_rotation,"{""angle_degrees"": 5.2651}"
No Foam,root,No Foam/frame_0101.jpg,No Foam/augmented/horizontal_flip/root/frame_0101__horizontal_flip.jpg,horizontal_flip,{}
No Foam,root,No Foam/frame_0101.jpg,No Foam/augmented/brightness/root/frame_0101__brightness.jpg,brightness,"{""factor"": 0.9423}"
No Foam,root,No Foam/frame_0101.jpg,No Foam/augmented/contrast/root/frame_0101__contrast.jpg,contrast,"{""factor"": 0.9139}"
No Foam,root,No Foam/frame_0101.jpg,No Foam/augmented/saturation/root/frame_0101__saturation.jpg,saturation,"{""factor"": 1.0433}"
No Foam,root,No Foam/frame_0101.jpg,No Foam/augmented/zoom_translate/root/frame_0101__zoom_translate.jpg,zoom_translate,"{""shift_x_fraction"": 0.02, ""shift_y_fraction"": -0.0214, ""zoom"": 1.0022}"
No Foam,root,No Foam/frame_0102.jpg,No Foam/augmented/small_rotation/root/frame_0102__small_rotation.jpg,small_rotation,"{""angle_degrees"": -3.5356}"
No Foam,root,No Foam/frame_0102.jpg,No Foam/augmented/horizontal_flip/root/frame_0102__horizontal_flip.jpg,horizontal_flip,{}
No Foam,root,No Foam/frame_0102.jpg,No Foam/augmented/brightness/root/frame_0102__brightness.jpg,brightness,"{""factor"": 0.9909}"
No Foam,root,No Foam/frame_0102.jpg,No Foam/augmented/contrast/root/frame_0102__contrast.jpg,contrast,"{""factor"": 0.9733}"
No Foam,root,No Foam/frame_0102.jpg,No Foam/augmented/saturation/root/frame_0102__saturation.jpg,saturation,"{""factor"": 1.0345}"
No Foam,root,No Foam/frame_0102.jpg,No Foam/augmented/zoom_translate/root/frame_0102__zoom_translate.jpg,zoom_translate,"{""shift_x_fraction"": -0.0253, ""shift_y_fraction"": -0.0138, ""zoom"": 1.0626}"
No Foam,root,No Foam/frame_0103.jpg,No Foam/augmented/small_rotation/root/frame_0103__small_rotation.jpg,small_rotation,"{""angle_degrees"": 6.6725}"
No Foam,root,No Foam/frame_0103.jpg,No Foam/augmented/horizontal_flip/root/frame_0103__horizontal_flip.jpg,horizontal_flip,{}
No Foam,root,No Foam/frame_0103.jpg,No Foam/augmented/brightness/root/frame_0103__brightness.jpg,brightness,"{""factor"": 0.9367}"
No Foam,root,No Foam/frame_0103.jpg,No Foam/augmented/contrast/root/frame_0103__contrast.jpg,contrast,"{""factor"": 0.9494}"
No Foam,root,No Foam/frame_0103.jpg,No Foam/augmented/saturation/root/frame_0103__saturation.jpg,saturation,"{""factor"": 1.0145}"
No Foam,root,No Foam/frame_0103.jpg,No Foam/augmented/zoom_translate/root/frame_0103__zoom_translate.jpg,zoom_translate,"{""shift_x_fraction"": -0.0065, ""shift_y_fraction"": -0.0269, ""zoom"": 1.0379}"
No Foam,root,No Foam/frame_0104.jpg,No Foam/augmented/small_rotation/root/frame_0104__small_rotation.jpg,small_rotation,"{""angle_degrees"": -1.278}"
No Foam,root,No Foam/frame_0104.jpg,No Foam/augmented/horizontal_flip/root/frame_0104__horizontal_flip.jpg,horizontal_flip,{}
No Foam,root,No Foam/frame_0104.jpg,No Foam/augmented/brightness/root/frame_0104__brightness.jpg,brightness,"{""factor"": 0.9852}"
No Foam,root,No Foam/frame_0104.jpg,No Foam/augmented/contrast/root/frame_0104__contrast.jpg,contrast,"{""factor"": 0.8957}"
No Foam,root,No Foam/frame_0104.jpg,No Foam/augmented/saturation/root/frame_0104__saturation.jpg,saturation,"{""factor"": 0.9853}"
No Foam,root,No Foam/frame_0104.jpg,No Foam/augmented/zoom_translate/root/frame_0104__zoom_translate.jpg,zoom_translate,"{""shift_x_fraction"": 0.0086, ""shift_y_fraction"": -0.006, ""zoom"": 1.0418}"
No Foam,root,No Foam/frame_0105.jpg,No Foam/augmented/small_rotation/root/frame_0105__small_rotation.jpg,small_rotation,"{""angle_degrees"": -6.7208}"
No Foam,root,No Foam/frame_0105.jpg,No Foam/augmented/horizontal_flip/root/frame_0105__horizontal_flip.jpg,horizontal_flip,{}
No Foam,root,No Foam/frame_0105.jpg,No Foam/augmented/brightness/root/frame_0105__brightness.jpg,brightness,"{""factor"": 0.8602}"
No Foam,root,No Foam/frame_0105.jpg,No Foam/augmented/contrast/root/frame_0105__contrast.jpg,contrast,"{""factor"": 1.0009}"
No Foam,root,No Foam/frame_0105.jpg,No Foam/augmented/saturation/root/frame_0105__saturation.jpg,saturation,"{""factor"": 1.0553}"
No Foam,root,No Foam/frame_0105.jpg,No Foam/augmented/zoom_translate/root/frame_0105__zoom_translate.jpg,zoom_translate,"{""shift_x_fraction"": 0.0303, ""shift_y_fraction"": -0.0221, ""zoom"": 1.0349}"
No Foam,root,No Foam/frame_0106.jpg,No Foam/augmented/small_rotation/root/frame_0106__small_rotation.jpg,small_rotation,"{""angle_degrees"": -1.9743}"
No Foam,root,No Foam/frame_0106.jpg,No Foam/augmented/horizontal_flip/root/frame_0106__horizontal_flip.jpg,horizontal_flip,{}
No Foam,root,No Foam/frame_0106.jpg,No Foam/augmented/brightness/root/frame_0106__brightness.jpg,brightness,"{""factor"": 0.9837}"
No Foam,root,No Foam/frame_0106.jpg,No Foam/augmented/contrast/root/frame_0106__contrast.jpg,contrast,"{""factor"": 0.8507}"
No Foam,root,No Foam/frame_0106.jpg,No Foam/augmented/saturation/root/frame_0106__saturation.jpg,saturation,"{""factor"": 1.019}"
No Foam,root,No Foam/frame_0106.jpg,No Foam/augmented/zoom_translate/root/frame_0106__zoom_translate.jpg,zoom_translate,"{""shift_x_fraction"": 0.0312, ""shift_y_fraction"": 0.0343, ""zoom"": 1.0386}"
No Foam,root,No Foam/frame_0107.jpg,No Foam/augmented/small_rotation/root/frame_0107__small_rotation.jpg,small_rotation,"{""angle_degrees"": 1.7409}"
No Foam,root,No Foam/frame_0107.jpg,No Foam/augmented/horizontal_flip/root/frame_0107__horizontal_flip.jpg,horizontal_flip,{}
No Foam,root,No Foam/frame_0107.jpg,No Foam/augmented/brightness/root/frame_0107__brightness.jpg,brightness,"{""factor"": 0.8877}"
No Foam,root,No Foam/frame_0107.jpg,No Foam/augmented/contrast/root/frame_0107__contrast.jpg,contrast,"{""factor"": 0.9799}"
No Foam,root,No Foam/frame_0107.jpg,No Foam/augmented/saturation/root/frame_0107__saturation.jpg,saturation,"{""factor"": 1.0635}"
No Foam,root,No Foam/frame_0107.jpg,No Foam/augmented/zoom_translate/root/frame_0107__zoom_translate.jpg,zoom_translate,"{""shift_x_fraction"": -0.0022, ""shift_y_fraction"": 0.0275, ""zoom"": 1.0672}"
No Foam,root,No Foam/frame_0108.jpg,No Foam/augmented/small_rotation/root/frame_0108__small_rotation.jpg,small_rotation,"{""angle_degrees"": -2.1985}"
No Foam,root,No Foam/frame_0108.jpg,No Foam/augmented/horizontal_flip/root/frame_0108__horizontal_flip.jpg,horizontal_flip,{}
No Foam,root,No Foam/frame_0108.jpg,No Foam/augmented/brightness/root/frame_0108__brightness.jpg,brightness,"{""factor"": 0.9345}"
No Foam,root,No Foam/frame_0108.jpg,No Foam/augmented/contrast/root/frame_0108__contrast.jpg,contrast,"{""factor"": 0.9383}"
No Foam,root,No Foam/frame_0108.jpg,No Foam/augmented/saturation/root/frame_0108__saturation.jpg,saturation,"{""factor"": 1.0419}"
No Foam,root,No Foam/frame_0108.jpg,No Foam/augmented/zoom_translate/root/frame_0108__zoom_translate.jpg,zoom_translate,"{""shift_x_fraction"": 0.0014, ""shift_y_fraction"": -0.0056, ""zoom"": 1.0128}"
No Foam,root,No Foam/frame_0109.jpg,No Foam/augmented/small_rotation/root/frame_0109__small_rotation.jpg,small_rotation,"{""angle_degrees"": 3.2136}"
No Foam,root,No Foam/frame_0109.jpg,No Foam/augmented/horizontal_flip/root/frame_0109__horizontal_flip.jpg,horizontal_flip,{}
No Foam,root,No Foam/frame_0109.jpg,No Foam/augmented/brightness/root/frame_0109__brightness.jpg,brightness,"{""factor"": 0.9888}"
No Foam,root,No Foam/frame_0109.jpg,No Foam/augmented/contrast/root/frame_0109__contrast.jpg,contrast,"{""factor"": 0.9156}"
No Foam,root,No Foam/frame_0109.jpg,No Foam/augmented/saturation/root/frame_0109__saturation.jpg,saturation,"{""factor"": 0.995}"
No Foam,root,No Foam/frame_0109.jpg,No Foam/augmented/zoom_translate/root/frame_0109__zoom_translate.jpg,zoom_translate,"{""shift_x_fraction"": -0.0136, ""shift_y_fraction"": 0.0211, ""zoom"": 1.037}"
No Foam,root,No Foam/frame_0110.jpg,No Foam/augmented/small_rotation/root/frame_0110__small_rotation.jpg,small_rotation,"{""angle_degrees"": 1.839}"
No Foam,root,No Foam/frame_0110.jpg,No Foam/augmented/horizontal_flip/root/frame_0110__horizontal_flip.jpg,horizontal_flip,{}
No Foam,root,No Foam/frame_0110.jpg,No Foam/augmented/brightness/root/frame_0110__brightness.jpg,brightness,"{""factor"": 1.036}"
No Foam,root,No Foam/frame_0110.jpg,No Foam/augmented/contrast/root/frame_0110__contrast.jpg,contrast,"{""factor"": 0.919}"
No Foam,root,No Foam/frame_0110.jpg,No Foam/augmented/saturation/root/frame_0110__saturation.jpg,saturation,"{""factor"": 1.0769}"
No Foam,root,No Foam/frame_0110.jpg,No Foam/augmented/zoom_translate/root/frame_0110__zoom_translate.jpg,zoom_translate,"{""shift_x_fraction"": -0.0114, ""shift_y_fraction"": -0.031, ""zoom"": 1.0024}"
No Foam,root,No Foam/frame_0111.jpg,No Foam/augmented/small_rotation/root/frame_0111__small_rotation.jpg,small_rotation,"{""angle_degrees"": 6.3403}"
No Foam,root,No Foam/frame_0111.jpg,No Foam/augmented/horizontal_flip/root/frame_0111__horizontal_flip.jpg,horizontal_flip,{}
No Foam,root,No Foam/frame_0111.jpg,No Foam/augmented/brightness/root/frame_0111__brightness.jpg,brightness,"{""factor"": 0.854}"
No Foam,root,No Foam/frame_0111.jpg,No Foam/augmented/contrast/root/frame_0111__contrast.jpg,contrast,"{""factor"": 1.1164}"
No Foam,root,No Foam/frame_0111.jpg,No Foam/augmented/saturation/root/frame_0111__saturation.jpg,saturation,"{""factor"": 1.0245}"
No Foam,root,No Foam/frame_0111.jpg,No Foam/augmented/zoom_translate/root/frame_0111__zoom_translate.jpg,zoom_translate,"{""shift_x_fraction"": -0.0025, ""shift_y_fraction"": 0.0289, ""zoom"": 1.074}"
No Foam,root,No Foam/frame_0112.jpg,No Foam/augmented/small_rotation/root/frame_0112__small_rotation.jpg,small_rotation,"{""angle_degrees"": -7.1053}"
No Foam,root,No Foam/frame_0112.jpg,No Foam/augmented/horizontal_flip/root/frame_0112__horizontal_flip.jpg,horizontal_flip,{}
No Foam,root,No Foam/frame_0112.jpg,No Foam/augmented/brightness/root/frame_0112__brightness.jpg,brightness,"{""factor"": 0.935}"
No Foam,root,No Foam/frame_0112.jpg,No Foam/augmented/contrast/root/frame_0112__contrast.jpg,contrast,"{""factor"": 0.9648}"
No Foam,root,No Foam/frame_0112.jpg,No Foam/augmented/saturation/root/frame_0112__saturation.jpg,saturation,"{""factor"": 0.9003}"
No Foam,root,No Foam/frame_0112.jpg,No Foam/augmented/zoom_translate/root/frame_0112__zoom_translate.jpg,zoom_translate,"{""shift_x_fraction"": 0.0187, ""shift_y_fraction"": 0.0314, ""zoom"": 1.0316}"
No Foam,root,No Foam/frame_0113.jpg,No Foam/augmented/small_rotation/root/frame_0113__small_rotation.jpg,small_rotation,"{""angle_degrees"": -0.6888}"
No Foam,root,No Foam/frame_0113.jpg,No Foam/augmented/horizontal_flip/root/frame_0113__horizontal_flip.jpg,horizontal_flip,{}
No Foam,root,No Foam/frame_0113.jpg,No Foam/augmented/brightness/root/frame_0113__brightness.jpg,brightness,"{""factor"": 0.8636}"
No Foam,root,No Foam/frame_0113.jpg,No Foam/augmented/contrast/root/frame_0113__contrast.jpg,contrast,"{""factor"": 0.8642}"
No Foam,root,No Foam/frame_0113.jpg,No Foam/augmented/saturation/root/frame_0113__saturation.jpg,saturation,"{""factor"": 0.9739}"
No Foam,root,No Foam/frame_0113.jpg,No Foam/augmented/zoom_translate/root/frame_0113__zoom_translate.jpg,zoom_translate,"{""shift_x_fraction"": -0.0024, ""shift_y_fraction"": -0.0137, ""zoom"": 1.0144}"
No Foam,root,No Foam/frame_0114.jpg,No Foam/augmented/small_rotation/root/frame_0114__small_rotation.jpg,small_rotation,"{""angle_degrees"": -2.7433}"
No Foam,root,No Foam/frame_0114.jpg,No Foam/augmented/horizontal_flip/root/frame_0114__horizontal_flip.jpg,horizontal_flip,{}
No Foam,root,No Foam/frame_0114.jpg,No Foam/augmented/brightness/root/frame_0114__brightness.jpg,brightness,"{""factor"": 1.0795}"
No Foam,root,No Foam/frame_0114.jpg,No Foam/augmented/contrast/root/frame_0114__contrast.jpg,contrast,"{""factor"": 0.9095}"
No Foam,root,No Foam/frame_0114.jpg,No Foam/augmented/saturation/root/frame_0114__saturation.jpg,saturation,"{""factor"": 0.9193}"
No Foam,root,No Foam/frame_0114.jpg,No Foam/augmented/zoom_translate/root/frame_0114__zoom_translate.jpg,zoom_translate,"{""shift_x_fraction"": -0.0303, ""shift_y_fraction"": -0.0038, ""zoom"": 1.0173}"
No Foam,root,No Foam/frame_0115.jpg,No Foam/augmented/small_rotation/root/frame_0115__small_rotation.jpg,small_rotation,"{""angle_degrees"": -0.1461}"
No Foam,root,No Foam/frame_0115.jpg,No Foam/augmented/horizontal_flip/root/frame_0115__horizontal_flip.jpg,horizontal_flip,{}
No Foam,root,No Foam/frame_0115.jpg,No Foam/augmented/brightness/root/frame_0115__brightness.jpg,brightness,"{""factor"": 0.8631}"
No Foam,root,No Foam/frame_0115.jpg,No Foam/augmented/contrast/root/frame_0115__contrast.jpg,contrast,"{""factor"": 0.9208}"
No Foam,root,No Foam/frame_0115.jpg,No Foam/augmented/saturation/root/frame_0115__saturation.jpg,saturation,"{""factor"": 1.0702}"
No Foam,root,No Foam/frame_0115.jpg,No Foam/augmented/zoom_translate/root/frame_0115__zoom_translate.jpg,zoom_translate,"{""shift_x_fraction"": -0.0134, ""shift_y_fraction"": 0.0251, ""zoom"": 1.0052}"
No Foam,root,No Foam/frame_0116.jpg,No Foam/augmented/small_rotation/root/frame_0116__small_rotation.jpg,small_rotation,"{""angle_degrees"": 1.4952}"
No Foam,root,No Foam/frame_0116.jpg,No Foam/augmented/horizontal_flip/root/frame_0116__horizontal_flip.jpg,horizontal_flip,{}
No Foam,root,No Foam/frame_0116.jpg,No Foam/augmented/brightness/root/frame_0116__brightness.jpg,brightness,"{""factor"": 1.1106}"
No Foam,root,No Foam/frame_0116.jpg,No Foam/augmented/contrast/root/frame_0116__contrast.jpg,contrast,"{""factor"": 1.0502}"
No Foam,root,No Foam/frame_0116.jpg,No Foam/augmented/saturation/root/frame_0116__saturation.jpg,saturation,"{""factor"": 1.0026}"
No Foam,root,No Foam/frame_0116.jpg,No Foam/augmented/zoom_translate/root/frame_0116__zoom_translate.jpg,zoom_translate,"{""shift_x_fraction"": -0.0268, ""shift_y_fraction"": -0.0168, ""zoom"": 1.0058}"
No Foam,root,No Foam/frame_0117.jpg,No Foam/augmented/small_rotation/root/frame_0117__small_rotation.jpg,small_rotation,"{""angle_degrees"": -6.8257}"
No Foam,root,No Foam/frame_0117.jpg,No Foam/augmented/horizontal_flip/root/frame_0117__horizontal_flip.jpg,horizontal_flip,{}
No Foam,root,No Foam/frame_0117.jpg,No Foam/augmented/brightness/root/frame_0117__brightness.jpg,brightness,"{""factor"": 1.0539}"
No Foam,root,No Foam/frame_0117.jpg,No Foam/augmented/contrast/root/frame_0117__contrast.jpg,contrast,"{""factor"": 0.9581}"
No Foam,root,No Foam/frame_0117.jpg,No Foam/augmented/saturation/root/frame_0117__saturation.jpg,saturation,"{""factor"": 0.9457}"
No Foam,root,No Foam/frame_0117.jpg,No Foam/augmented/zoom_translate/root/frame_0117__zoom_translate.jpg,zoom_translate,"{""shift_x_fraction"": -0.0052, ""shift_y_fraction"": 0.0118, ""zoom"": 1.0174}"
No Foam,root,No Foam/frame_0118.jpg,No Foam/augmented/small_rotation/root/frame_0118__small_rotation.jpg,small_rotation,"{""angle_degrees"": -6.9433}"
No Foam,root,No Foam/frame_0118.jpg,No Foam/augmented/horizontal_flip/root/frame_0118__horizontal_flip.jpg,horizontal_flip,{}
No Foam,root,No Foam/frame_0118.jpg,No Foam/augmented/brightness/root/frame_0118__brightness.jpg,brightness,"{""factor"": 0.8724}"
No Foam,root,No Foam/frame_0118.jpg,No Foam/augmented/contrast/root/frame_0118__contrast.jpg,contrast,"{""factor"": 1.0436}"
No Foam,root,No Foam/frame_0118.jpg,No Foam/augmented/saturation/root/frame_0118__saturation.jpg,saturation,"{""factor"": 0.9702}"
No Foam,root,No Foam/frame_0118.jpg,No Foam/augmented/zoom_translate/root/frame_0118__zoom_translate.jpg,zoom_translate,"{""shift_x_fraction"": 0.0093, ""shift_y_fraction"": -0.0271, ""zoom"": 1.0093}"
No Foam,root,No Foam/frame_0119.jpg,No Foam/augmented/small_rotation/root/frame_0119__small_rotation.jpg,small_rotation,"{""angle_degrees"": 4.176}"
No Foam,root,No Foam/frame_0119.jpg,No Foam/augmented/horizontal_flip/root/frame_0119__horizontal_flip.jpg,horizontal_flip,{}
No Foam,root,No Foam/frame_0119.jpg,No Foam/augmented/brightness/root/frame_0119__brightness.jpg,brightness,"{""factor"": 1.0829}"
No Foam,root,No Foam/frame_0119.jpg,No Foam/augmented/contrast/root/frame_0119__contrast.jpg,contrast,"{""factor"": 1.0805}"
No Foam,root,No Foam/frame_0119.jpg,No Foam/augmented/saturation/root/frame_0119__saturation.jpg,saturation,"{""factor"": 1.0935}"
No Foam,root,No Foam/frame_0119.jpg,No Foam/augmented/zoom_translate/root/frame_0119__zoom_translate.jpg,zoom_translate,"{""shift_x_fraction"": -0.027, ""shift_y_fraction"": -0.0053, ""zoom"": 1.0116}"
No Foam,root,No Foam/frame_0120.jpg,No Foam/augmented/small_rotation/root/frame_0120__small_rotation.jpg,small_rotation,"{""angle_degrees"": 3.8458}"
No Foam,root,No Foam/frame_0120.jpg,No Foam/augmented/horizontal_flip/root/frame_0120__horizontal_flip.jpg,horizontal_flip,{}
No Foam,root,No Foam/frame_0120.jpg,No Foam/augmented/brightness/root/frame_0120__brightness.jpg,brightness,"{""factor"": 0.878}"
No Foam,root,No Foam/frame_0120.jpg,No Foam/augmented/contrast/root/frame_0120__contrast.jpg,contrast,"{""factor"": 1.0559}"
No Foam,root,No Foam/frame_0120.jpg,No Foam/augmented/saturation/root/frame_0120__saturation.jpg,saturation,"{""factor"": 0.9049}"
No Foam,root,No Foam/frame_0120.jpg,No Foam/augmented/zoom_translate/root/frame_0120__zoom_translate.jpg,zoom_translate,"{""shift_x_fraction"": 0.0055, ""shift_y_fraction"": -0.0303, ""zoom"": 1.0548}"
No Foam,root,No Foam/frame_0121.jpg,No Foam/augmented/small_rotation/root/frame_0121__small_rotation.jpg,small_rotation,"{""angle_degrees"": -2.8455}"
No Foam,root,No Foam/frame_0121.jpg,No Foam/augmented/horizontal_flip/root/frame_0121__horizontal_flip.jpg,horizontal_flip,{}
No Foam,root,No Foam/frame_0121.jpg,No Foam/augmented/brightness/root/frame_0121__brightness.jpg,brightness,"{""factor"": 0.8904}"
No Foam,root,No Foam/frame_0121.jpg,No Foam/augmented/contrast/root/frame_0121__contrast.jpg,contrast,"{""factor"": 1.0936}"
No Foam,root,No Foam/frame_0121.jpg,No Foam/augmented/saturation/root/frame_0121__saturation.jpg,saturation,"{""factor"": 0.994}"
No Foam,root,No Foam/frame_0121.jpg,No Foam/augmented/zoom_translate/root/frame_0121__zoom_translate.jpg,zoom_translate,"{""shift_x_fraction"": -0.0114, ""shift_y_fraction"": 0.0286, ""zoom"": 1.0232}"
No Foam,root,No Foam/frame_0122.jpg,No Foam/augmented/small_rotation/root/frame_0122__small_rotation.jpg,small_rotation,"{""angle_degrees"": -3.6118}"
No Foam,root,No Foam/frame_0122.jpg,No Foam/augmented/horizontal_flip/root/frame_0122__horizontal_flip.jpg,horizontal_flip,{}
No Foam,root,No Foam/frame_0122.jpg,No Foam/augmented/brightness/root/frame_0122__brightness.jpg,brightness,"{""factor"": 1.1237}"
No Foam,root,No Foam/frame_0122.jpg,No Foam/augmented/contrast/root/frame_0122__contrast.jpg,contrast,"{""factor"": 0.9895}"
No Foam,root,No Foam/frame_0122.jpg,No Foam/augmented/saturation/root/frame_0122__saturation.jpg,saturation,"{""factor"": 0.9812}"
No Foam,root,No Foam/frame_0122.jpg,No Foam/augmented/zoom_translate/root/frame_0122__zoom_translate.jpg,zoom_translate,"{""shift_x_fraction"": -0.0043, ""shift_y_fraction"": 0.0012, ""zoom"": 1.0469}"
No Foam,root,No Foam/frame_0123.jpg,No Foam/augmented/small_rotation/root/frame_0123__small_rotation.jpg,small_rotation,"{""angle_degrees"": 6.3564}"
No Foam,root,No Foam/frame_0123.jpg,No Foam/augmented/horizontal_flip/root/frame_0123__horizontal_flip.jpg,horizontal_flip,{}
No Foam,root,No Foam/frame_0123.jpg,No Foam/augmented/brightness/root/frame_0123__brightness.jpg,brightness,"{""factor"": 0.9656}"
No Foam,root,No Foam/frame_0123.jpg,No Foam/augmented/contrast/root/frame_0123__contrast.jpg,contrast,"{""factor"": 1.1468}"
No Foam,root,No Foam/frame_0123.jpg,No Foam/augmented/saturation/root/frame_0123__saturation.jpg,saturation,"{""factor"": 1.0146}"
No Foam,root,No Foam/frame_0123.jpg,No Foam/augmented/zoom_translate/root/frame_0123__zoom_translate.jpg,zoom_translate,"{""shift_x_fraction"": -0.0084, ""shift_y_fraction"": -0.0105, ""zoom"": 1.0769}"
No Foam,root,No Foam/frame_0124.jpg,No Foam/augmented/small_rotation/root/frame_0124__small_rotation.jpg,small_rotation,"{""angle_degrees"": -3.3261}"
No Foam,root,No Foam/frame_0124.jpg,No Foam/augmented/horizontal_flip/root/frame_0124__horizontal_flip.jpg,horizontal_flip,{}
No Foam,root,No Foam/frame_0124.jpg,No Foam/augmented/brightness/root/frame_0124__brightness.jpg,brightness,"{""factor"": 0.8672}"
No Foam,root,No Foam/frame_0124.jpg,No Foam/augmented/contrast/root/frame_0124__contrast.jpg,contrast,"{""factor"": 0.9276}"
No Foam,root,No Foam/frame_0124.jpg,No Foam/augmented/saturation/root/frame_0124__saturation.jpg,saturation,"{""factor"": 1.0939}"
No Foam,root,No Foam/frame_0124.jpg,No Foam/augmented/zoom_translate/root/frame_0124__zoom_translate.jpg,zoom_translate,"{""shift_x_fraction"": 0.0348, ""shift_y_fraction"": 0.0235, ""zoom"": 1.0292}"
No Foam,root,No Foam/frame_0125.jpg,No Foam/augmented/small_rotation/root/frame_0125__small_rotation.jpg,small_rotation,"{""angle_degrees"": -7.5357}"
No Foam,root,No Foam/frame_0125.jpg,No Foam/augmented/horizontal_flip/root/frame_0125__horizontal_flip.jpg,horizontal_flip,{}
No Foam,root,No Foam/frame_0125.jpg,No Foam/augmented/brightness/root/frame_0125__brightness.jpg,brightness,"{""factor"": 0.9127}"
No Foam,root,No Foam/frame_0125.jpg,No Foam/augmented/contrast/root/frame_0125__contrast.jpg,contrast,"{""factor"": 1.0227}"
No Foam,root,No Foam/frame_0125.jpg,No Foam/augmented/saturation/root/frame_0125__saturation.jpg,saturation,"{""factor"": 0.9687}"
No Foam,root,No Foam/frame_0125.jpg,No Foam/augmented/zoom_translate/root/frame_0125__zoom_translate.jpg,zoom_translate,"{""shift_x_fraction"": 0.0146, ""shift_y_fraction"": -0.0007, ""zoom"": 1.0733}"
No Foam,root,No Foam/frame_0126.jpg,No Foam/augmented/small_rotation/root/frame_0126__small_rotation.jpg,small_rotation,"{""angle_degrees"": 2.1527}"
No Foam,root,No Foam/frame_0126.jpg,No Foam/augmented/horizontal_flip/root/frame_0126__horizontal_flip.jpg,horizontal_flip,{}
No Foam,root,No Foam/frame_0126.jpg,No Foam/augmented/brightness/root/frame_0126__brightness.jpg,brightness,"{""factor"": 0.9947}"
No Foam,root,No Foam/frame_0126.jpg,No Foam/augmented/contrast/root/frame_0126__contrast.jpg,contrast,"{""factor"": 1.1381}"
No Foam,root,No Foam/frame_0126.jpg,No Foam/augmented/saturation/root/frame_0126__saturation.jpg,saturation,"{""factor"": 1.0536}"
No Foam,root,No Foam/frame_0126.jpg,No Foam/augmented/zoom_translate/root/frame_0126__zoom_translate.jpg,zoom_translate,"{""shift_x_fraction"": -0.0138, ""shift_y_fraction"": -0.0069, ""zoom"": 1.0128}"
No Foam,root,No Foam/frame_0127.jpg,No Foam/augmented/small_rotation/root/frame_0127__small_rotation.jpg,small_rotation,"{""angle_degrees"": 2.7862}"
No Foam,root,No Foam/frame_0127.jpg,No Foam/augmented/horizontal_flip/root/frame_0127__horizontal_flip.jpg,horizontal_flip,{}
No Foam,root,No Foam/frame_0127.jpg,No Foam/augmented/brightness/root/frame_0127__brightness.jpg,brightness,"{""factor"": 1.0886}"
No Foam,root,No Foam/frame_0127.jpg,No Foam/augmented/contrast/root/frame_0127__contrast.jpg,contrast,"{""factor"": 1.0593}"
No Foam,root,No Foam/frame_0127.jpg,No Foam/augmented/saturation/root/frame_0127__saturation.jpg,saturation,"{""factor"": 0.9115}"
No Foam,root,No Foam/frame_0127.jpg,No Foam/augmented/zoom_translate/root/frame_0127__zoom_translate.jpg,zoom_translate,"{""shift_x_fraction"": -0.0178, ""shift_y_fraction"": -0.0339, ""zoom"": 1.0712}"
No Foam,root,No Foam/frame_0128.jpg,No Foam/augmented/small_rotation/root/frame_0128__small_rotation.jpg,small_rotation,"{""angle_degrees"": 3.3714}"
No Foam,root,No Foam/frame_0128.jpg,No Foam/augmented/horizontal_flip/root/frame_0128__horizontal_flip.jpg,horizontal_flip,{}
No Foam,root,No Foam/frame_0128.jpg,No Foam/augmented/brightness/root/frame_0128__brightness.jpg,brightness,"{""factor"": 1.0795}"
No Foam,root,No Foam/frame_0128.jpg,No Foam/augmented/contrast/root/frame_0128__contrast.jpg,contrast,"{""factor"": 0.8566}"
No Foam,root,No Foam/frame_0128.jpg,No Foam/augmented/saturation/root/frame_0128__saturation.jpg,saturation,"{""factor"": 1.09}"
No Foam,root,No Foam/frame_0128.jpg,No Foam/augmented/zoom_translate/root/frame_0128__zoom_translate.jpg,zoom_translate,"{""shift_x_fraction"": -0.0156, ""shift_y_fraction"": 0.0182, ""zoom"": 1.0226}"
No Foam,root,No Foam/frame_0129.jpg,No Foam/augmented/small_rotation/root/frame_0129__small_rotation.jpg,small_rotation,"{""angle_degrees"": 2.7835}"
No Foam,root,No Foam/frame_0129.jpg,No Foam/augmented/horizontal_flip/root/frame_0129__horizontal_flip.jpg,horizontal_flip,{}
No Foam,root,No Foam/frame_0129.jpg,No Foam/augmented/brightness/root/frame_0129__brightness.jpg,brightness,"{""factor"": 1.1419}"
No Foam,root,No Foam/frame_0129.jpg,No Foam/augmented/contrast/root/frame_0129__contrast.jpg,contrast,"{""factor"": 0.9351}"
No Foam,root,No Foam/frame_0129.jpg,No Foam/augmented/saturation/root/frame_0129__saturation.jpg,saturation,"{""factor"": 1.0927}"
No Foam,root,No Foam/frame_0129.jpg,No Foam/augmented/zoom_translate/root/frame_0129__zoom_translate.jpg,zoom_translate,"{""shift_x_fraction"": 0.0317, ""shift_y_fraction"": 0.0182, ""zoom"": 1.0328}"
No Foam,root,No Foam/frame_0130.jpg,No Foam/augmented/small_rotation/root/frame_0130__small_rotation.jpg,small_rotation,"{""angle_degrees"": -5.5676}"
No Foam,root,No Foam/frame_0130.jpg,No Foam/augmented/horizontal_flip/root/frame_0130__horizontal_flip.jpg,horizontal_flip,{}
No Foam,root,No Foam/frame_0130.jpg,No Foam/augmented/brightness/root/frame_0130__brightness.jpg,brightness,"{""factor"": 0.8509}"
No Foam,root,No Foam/frame_0130.jpg,No Foam/augmented/contrast/root/frame_0130__contrast.jpg,contrast,"{""factor"": 1.1141}"
No Foam,root,No Foam/frame_0130.jpg,No Foam/augmented/saturation/root/frame_0130__saturation.jpg,saturation,"{""factor"": 0.9273}"
No Foam,root,No Foam/frame_0130.jpg,No Foam/augmented/zoom_translate/root/frame_0130__zoom_translate.jpg,zoom_translate,"{""shift_x_fraction"": -0.0175, ""shift_y_fraction"": -0.0174, ""zoom"": 1.0239}"
No Foam,root,No Foam/frame_0131.jpg,No Foam/augmented/small_rotation/root/frame_0131__small_rotation.jpg,small_rotation,"{""angle_degrees"": -2.3178}"
No Foam,root,No Foam/frame_0131.jpg,No Foam/augmented/horizontal_flip/root/frame_0131__horizontal_flip.jpg,horizontal_flip,{}
No Foam,root,No Foam/frame_0131.jpg,No Foam/augmented/brightness/root/frame_0131__brightness.jpg,brightness,"{""factor"": 1.1067}"
No Foam,root,No Foam/frame_0131.jpg,No Foam/augmented/contrast/root/frame_0131__contrast.jpg,contrast,"{""factor"": 0.9307}"
No Foam,root,No Foam/frame_0131.jpg,No Foam/augmented/saturation/root/frame_0131__saturation.jpg,saturation,"{""factor"": 1.0522}"
No Foam,root,No Foam/frame_0131.jpg,No Foam/augmented/zoom_translate/root/frame_0131__zoom_translate.jpg,zoom_translate,"{""shift_x_fraction"": 0.0028, ""shift_y_fraction"": 0.0161, ""zoom"": 1.0089}"
No Foam,root,No Foam/frame_0132.jpg,No Foam/augmented/small_rotation/root/frame_0132__small_rotation.jpg,small_rotation,"{""angle_degrees"": -0.4316}"
No Foam,root,No Foam/frame_0132.jpg,No Foam/augmented/horizontal_flip/root/frame_0132__horizontal_flip.jpg,horizontal_flip,{}
No Foam,root,No Foam/frame_0132.jpg,No Foam/augmented/brightness/root/frame_0132__brightness.jpg,brightness,"{""factor"": 1.0526}"
No Foam,root,No Foam/frame_0132.jpg,No Foam/augmented/contrast/root/frame_0132__contrast.jpg,contrast,"{""factor"": 1.0432}"
No Foam,root,No Foam/frame_0132.jpg,No Foam/augmented/saturation/root/frame_0132__saturation.jpg,saturation,"{""factor"": 0.972}"
No Foam,root,No Foam/frame_0132.jpg,No Foam/augmented/zoom_translate/root/frame_0132__zoom_translate.jpg,zoom_translate,"{""shift_x_fraction"": -0.0088, ""shift_y_fraction"": -0.0212, ""zoom"": 1.0546}"
No Foam,root,No Foam/frame_0133.jpg,No Foam/augmented/small_rotation/root/frame_0133__small_rotation.jpg,small_rotation,"{""angle_degrees"": 3.9459}"
No Foam,root,No Foam/frame_0133.jpg,No Foam/augmented/horizontal_flip/root/frame_0133__horizontal_flip.jpg,horizontal_flip,{}
No Foam,root,No Foam/frame_0133.jpg,No Foam/augmented/brightness/root/frame_0133__brightness.jpg,brightness,"{""factor"": 1.0831}"
No Foam,root,No Foam/frame_0133.jpg,No Foam/augmented/contrast/root/frame_0133__contrast.jpg,contrast,"{""factor"": 0.8929}"
No Foam,root,No Foam/frame_0133.jpg,No Foam/augmented/saturation/root/frame_0133__saturation.jpg,saturation,"{""factor"": 1.0225}"
No Foam,root,No Foam/frame_0133.jpg,No Foam/augmented/zoom_translate/root/frame_0133__zoom_translate.jpg,zoom_translate,"{""shift_x_fraction"": 0.0273, ""shift_y_fraction"": 0.0024, ""zoom"": 1.0557}"
No Foam,root,No Foam/frame_0134.jpg,No Foam/augmented/small_rotation/root/frame_0134__small_rotation.jpg,small_rotation,"{""angle_degrees"": 4.2125}"
No Foam,root,No Foam/frame_0134.jpg,No Foam/augmented/horizontal_flip/root/frame_0134__horizontal_flip.jpg,horizontal_flip,{}
No Foam,root,No Foam/frame_0134.jpg,No Foam/augmented/brightness/root/frame_0134__brightness.jpg,brightness,"{""factor"": 0.9602}"
No Foam,root,No Foam/frame_0134.jpg,No Foam/augmented/contrast/root/frame_0134__contrast.jpg,contrast,"{""factor"": 1.0852}"
No Foam,root,No Foam/frame_0134.jpg,No Foam/augmented/saturation/root/frame_0134__saturation.jpg,saturation,"{""factor"": 1.0494}"
No Foam,root,No Foam/frame_0134.jpg,No Foam/augmented/zoom_translate/root/frame_0134__zoom_translate.jpg,zoom_translate,"{""shift_x_fraction"": -0.0098, ""shift_y_fraction"": -0.0319, ""zoom"": 1.0087}"
No Foam,root,No Foam/frame_0135.jpg,No Foam/augmented/small_rotation/root/frame_0135__small_rotation.jpg,small_rotation,"{""angle_degrees"": -3.6352}"
No Foam,root,No Foam/frame_0135.jpg,No Foam/augmented/horizontal_flip/root/frame_0135__horizontal_flip.jpg,horizontal_flip,{}
No Foam,root,No Foam/frame_0135.jpg,No Foam/augmented/brightness/root/frame_0135__brightness.jpg,brightness,"{""factor"": 1.1395}"
No Foam,root,No Foam/frame_0135.jpg,No Foam/augmented/contrast/root/frame_0135__contrast.jpg,contrast,"{""factor"": 1.0994}"
No Foam,root,No Foam/frame_0135.jpg,No Foam/augmented/saturation/root/frame_0135__saturation.jpg,saturation,"{""factor"": 1.0312}"
No Foam,root,No Foam/frame_0135.jpg,No Foam/augmented/zoom_translate/root/frame_0135__zoom_translate.jpg,zoom_translate,"{""shift_x_fraction"": -0.0344, ""shift_y_fraction"": -0.0341, ""zoom"": 1.0447}"
No Foam,root,No Foam/frame_0136.jpg,No Foam/augmented/small_rotation/root/frame_0136__small_rotation.jpg,small_rotation,"{""angle_degrees"": 5.3067}"
No Foam,root,No Foam/frame_0136.jpg,No Foam/augmented/horizontal_flip/root/frame_0136__horizontal_flip.jpg,horizontal_flip,{}
No Foam,root,No Foam/frame_0136.jpg,No Foam/augmented/brightness/root/frame_0136__brightness.jpg,brightness,"{""factor"": 0.8532}"
No Foam,root,No Foam/frame_0136.jpg,No Foam/augmented/contrast/root/frame_0136__contrast.jpg,contrast,"{""factor"": 1.1388}"
No Foam,root,No Foam/frame_0136.jpg,No Foam/augmented/saturation/root/frame_0136__saturation.jpg,saturation,"{""factor"": 0.948}"
No Foam,root,No Foam/frame_0136.jpg,No Foam/augmented/zoom_translate/root/frame_0136__zoom_translate.jpg,zoom_translate,"{""shift_x_fraction"": -0.031, ""shift_y_fraction"": -0.0061, ""zoom"": 1.0695}"
No Foam,root,No Foam/frame_0137.jpg,No Foam/augmented/small_rotation/root/frame_0137__small_rotation.jpg,small_rotation,"{""angle_degrees"": 6.3097}"
No Foam,root,No Foam/frame_0137.jpg,No Foam/augmented/horizontal_flip/root/frame_0137__horizontal_flip.jpg,horizontal_flip,{}
No Foam,root,No Foam/frame_0137.jpg,No Foam/augmented/brightness/root/frame_0137__brightness.jpg,brightness,"{""factor"": 1.1444}"
No Foam,root,No Foam/frame_0137.jpg,No Foam/augmented/contrast/root/frame_0137__contrast.jpg,contrast,"{""factor"": 0.9125}"
No Foam,root,No Foam/frame_0137.jpg,No Foam/augmented/saturation/root/frame_0137__saturation.jpg,saturation,"{""factor"": 0.9587}"
No Foam,root,No Foam/frame_0137.jpg,No Foam/augmented/zoom_translate/root/frame_0137__zoom_translate.jpg,zoom_translate,"{""shift_x_fraction"": 0.0103, ""shift_y_fraction"": -0.0155, ""zoom"": 1.0039}"
No Foam,root,No Foam/frame_0138.jpg,No Foam/augmented/small_rotation/root/frame_0138__small_rotation.jpg,small_rotation,"{""angle_degrees"": -4.7772}"
No Foam,root,No Foam/frame_0138.jpg,No Foam/augmented/horizontal_flip/root/frame_0138__horizontal_flip.jpg,horizontal_flip,{}
No Foam,root,No Foam/frame_0138.jpg,No Foam/augmented/brightness/root/frame_0138__brightness.jpg,brightness,"{""factor"": 0.9743}"
No Foam,root,No Foam/frame_0138.jpg,No Foam/augmented/contrast/root/frame_0138__contrast.jpg,contrast,"{""factor"": 1.0424}"
No Foam,root,No Foam/frame_0138.jpg,No Foam/augmented/saturation/root/frame_0138__saturation.jpg,saturation,"{""factor"": 0.9612}"
No Foam,root,No Foam/frame_0138.jpg,No Foam/augmented/zoom_translate/root/frame_0138__zoom_translate.jpg,zoom_translate,"{""shift_x_fraction"": 0.0203, ""shift_y_fraction"": -0.0208, ""zoom"": 1.055}"
No Foam,root,No Foam/frame_0139.jpg,No Foam/augmented/small_rotation/root/frame_0139__small_rotation.jpg,small_rotation,"{""angle_degrees"": 5.7736}"
No Foam,root,No Foam/frame_0139.jpg,No Foam/augmented/horizontal_flip/root/frame_0139__horizontal_flip.jpg,horizontal_flip,{}
No Foam,root,No Foam/frame_0139.jpg,No Foam/augmented/brightness/root/frame_0139__brightness.jpg,brightness,"{""factor"": 0.8707}"
No Foam,root,No Foam/frame_0139.jpg,No Foam/augmented/contrast/root/frame_0139__contrast.jpg,contrast,"{""factor"": 1.1232}"
No Foam,root,No Foam/frame_0139.jpg,No Foam/augmented/saturation/root/frame_0139__saturation.jpg,saturation,"{""factor"": 0.9618}"
No Foam,root,No Foam/frame_0139.jpg,No Foam/augmented/zoom_translate/root/frame_0139__zoom_translate.jpg,zoom_translate,"{""shift_x_fraction"": -0.0028, ""shift_y_fraction"": -0.0047, ""zoom"": 1.0141}"
No Foam,root,No Foam/frame_0140.jpg,No Foam/augmented/small_rotation/root/frame_0140__small_rotation.jpg,small_rotation,"{""angle_degrees"": 2.7127}"
No Foam,root,No Foam/frame_0140.jpg,No Foam/augmented/horizontal_flip/root/frame_0140__horizontal_flip.jpg,horizontal_flip,{}
No Foam,root,No Foam/frame_0140.jpg,No Foam/augmented/brightness/root/frame_0140__brightness.jpg,brightness,"{""factor"": 0.8903}"
No Foam,root,No Foam/frame_0140.jpg,No Foam/augmented/contrast/root/frame_0140__contrast.jpg,contrast,"{""factor"": 0.9252}"
No Foam,root,No Foam/frame_0140.jpg,No Foam/augmented/saturation/root/frame_0140__saturation.jpg,saturation,"{""factor"": 0.9618}"
No Foam,root,No Foam/frame_0140.jpg,No Foam/augmented/zoom_translate/root/frame_0140__zoom_translate.jpg,zoom_translate,"{""shift_x_fraction"": -0.0043, ""shift_y_fraction"": 0.0175, ""zoom"": 1.0003}"
No Foam,root,No Foam/frame_0141.jpg,No Foam/augmented/small_rotation/root/frame_0141__small_rotation.jpg,small_rotation,"{""angle_degrees"": 3.054}"
No Foam,root,No Foam/frame_0141.jpg,No Foam/augmented/horizontal_flip/root/frame_0141__horizontal_flip.jpg,horizontal_flip,{}
No Foam,root,No Foam/frame_0141.jpg,No Foam/augmented/brightness/root/frame_0141__brightness.jpg,brightness,"{""factor"": 1.0805}"
No Foam,root,No Foam/frame_0141.jpg,No Foam/augmented/contrast/root/frame_0141__contrast.jpg,contrast,"{""factor"": 0.9818}"
No Foam,root,No Foam/frame_0141.jpg,No Foam/augmented/saturation/root/frame_0141__saturation.jpg,saturation,"{""factor"": 1.0705}"
No Foam,root,No Foam/frame_0141.jpg,No Foam/augmented/zoom_translate/root/frame_0141__zoom_translate.jpg,zoom_translate,"{""shift_x_fraction"": 0.0134, ""shift_y_fraction"": -0.0298, ""zoom"": 1.0154}"
No Foam,root,No Foam/frame_0142.jpg,No Foam/augmented/small_rotation/root/frame_0142__small_rotation.jpg,small_rotation,"{""angle_degrees"": 7.946}"
No Foam,root,No Foam/frame_0142.jpg,No Foam/augmented/horizontal_flip/root/frame_0142__horizontal_flip.jpg,horizontal_flip,{}
No Foam,root,No Foam/frame_0142.jpg,No Foam/augmented/brightness/root/frame_0142__brightness.jpg,brightness,"{""factor"": 1.1243}"
No Foam,root,No Foam/frame_0142.jpg,No Foam/augmented/contrast/root/frame_0142__contrast.jpg,contrast,"{""factor"": 1.0602}"
No Foam,root,No Foam/frame_0142.jpg,No Foam/augmented/saturation/root/frame_0142__saturation.jpg,saturation,"{""factor"": 0.9053}"
No Foam,root,No Foam/frame_0142.jpg,No Foam/augmented/zoom_translate/root/frame_0142__zoom_translate.jpg,zoom_translate,"{""shift_x_fraction"": -0.0053, ""shift_y_fraction"": 0.0272, ""zoom"": 1.071}"
No Foam,root,No Foam/frame_0143.jpg,No Foam/augmented/small_rotation/root/frame_0143__small_rotation.jpg,small_rotation,"{""angle_degrees"": 7.8528}"
No Foam,root,No Foam/frame_0143.jpg,No Foam/augmented/horizontal_flip/root/frame_0143__horizontal_flip.jpg,horizontal_flip,{}
No Foam,root,No Foam/frame_0143.jpg,No Foam/augmented/brightness/root/frame_0143__brightness.jpg,brightness,"{""factor"": 1.1025}"
No Foam,root,No Foam/frame_0143.jpg,No Foam/augmented/contrast/root/frame_0143__contrast.jpg,contrast,"{""factor"": 0.9457}"
No Foam,root,No Foam/frame_0143.jpg,No Foam/augmented/saturation/root/frame_0143__saturation.jpg,saturation,"{""factor"": 0.9209}"
No Foam,root,No Foam/frame_0143.jpg,No Foam/augmented/zoom_translate/root/frame_0143__zoom_translate.jpg,zoom_translate,"{""shift_x_fraction"": 0.0035, ""shift_y_fraction"": -0.0348, ""zoom"": 1.0628}"
No Foam,root,No Foam/frame_0144.jpg,No Foam/augmented/small_rotation/root/frame_0144__small_rotation.jpg,small_rotation,"{""angle_degrees"": -4.0686}"
No Foam,root,No Foam/frame_0144.jpg,No Foam/augmented/horizontal_flip/root/frame_0144__horizontal_flip.jpg,horizontal_flip,{}
No Foam,root,No Foam/frame_0144.jpg,No Foam/augmented/brightness/root/frame_0144__brightness.jpg,brightness,"{""factor"": 1.1247}"
No Foam,root,No Foam/frame_0144.jpg,No Foam/augmented/contrast/root/frame_0144__contrast.jpg,contrast,"{""factor"": 0.9038}"
No Foam,root,No Foam/frame_0144.jpg,No Foam/augmented/saturation/root/frame_0144__saturation.jpg,saturation,"{""factor"": 1.0411}"
No Foam,root,No Foam/frame_0144.jpg,No Foam/augmented/zoom_translate/root/frame_0144__zoom_translate.jpg,zoom_translate,"{""shift_x_fraction"": -0.0349, ""shift_y_fraction"": 0.0304, ""zoom"": 1.0256}"
No Foam,root,No Foam/frame_0145.jpg,No Foam/augmented/small_rotation/root/frame_0145__small_rotation.jpg,small_rotation,"{""angle_degrees"": -1.832}"
No Foam,root,No Foam/frame_0145.jpg,No Foam/augmented/horizontal_flip/root/frame_0145__horizontal_flip.jpg,horizontal_flip,{}
No Foam,root,No Foam/frame_0145.jpg,No Foam/augmented/brightness/root/frame_0145__brightness.jpg,brightness,"{""factor"": 0.9407}"
No Foam,root,No Foam/frame_0145.jpg,No Foam/augmented/contrast/root/frame_0145__contrast.jpg,contrast,"{""factor"": 0.8553}"
No Foam,root,No Foam/frame_0145.jpg,No Foam/augmented/saturation/root/frame_0145__saturation.jpg,saturation,"{""factor"": 1.0755}"
No Foam,root,No Foam/frame_0145.jpg,No Foam/augmented/zoom_translate/root/frame_0145__zoom_translate.jpg,zoom_translate,"{""shift_x_fraction"": 0.0058, ""shift_y_fraction"": 0.0135, ""zoom"": 1.0619}"
No Foam,root,No Foam/frame_0146.jpg,No Foam/augmented/small_rotation/root/frame_0146__small_rotation.jpg,small_rotation,"{""angle_degrees"": -5.7878}"
No Foam,root,No Foam/frame_0146.jpg,No Foam/augmented/horizontal_flip/root/frame_0146__horizontal_flip.jpg,horizontal_flip,{}
No Foam,root,No Foam/frame_0146.jpg,No Foam/augmented/brightness/root/frame_0146__brightness.jpg,brightness,"{""factor"": 1.1352}"
No Foam,root,No Foam/frame_0146.jpg,No Foam/augmented/contrast/root/frame_0146__contrast.jpg,contrast,"{""factor"": 0.8799}"
No Foam,root,No Foam/frame_0146.jpg,No Foam/augmented/saturation/root/frame_0146__saturation.jpg,saturation,"{""factor"": 1.0361}"
No Foam,root,No Foam/frame_0146.jpg,No Foam/augmented/zoom_translate/root/frame_0146__zoom_translate.jpg,zoom_translate,"{""shift_x_fraction"": -0.0035, ""shift_y_fraction"": 0.0124, ""zoom"": 1.0371}"
No Foam,root,No Foam/frame_0147.jpg,No Foam/augmented/small_rotation/root/frame_0147__small_rotation.jpg,small_rotation,"{""angle_degrees"": -4.2422}"
No Foam,root,No Foam/frame_0147.jpg,No Foam/augmented/horizontal_flip/root/frame_0147__horizontal_flip.jpg,horizontal_flip,{}
No Foam,root,No Foam/frame_0147.jpg,No Foam/augmented/brightness/root/frame_0147__brightness.jpg,brightness,"{""factor"": 1.1403}"
No Foam,root,No Foam/frame_0147.jpg,No Foam/augmented/contrast/root/frame_0147__contrast.jpg,contrast,"{""factor"": 1.0222}"
No Foam,root,No Foam/frame_0147.jpg,No Foam/augmented/saturation/root/frame_0147__saturation.jpg,saturation,"{""factor"": 0.9044}"
No Foam,root,No Foam/frame_0147.jpg,No Foam/augmented/zoom_translate/root/frame_0147__zoom_translate.jpg,zoom_translate,"{""shift_x_fraction"": -0.031, ""shift_y_fraction"": 0.0316, ""zoom"": 1.0742}"
No Foam,root,No Foam/frame_0148.jpg,No Foam/augmented/small_rotation/root/frame_0148__small_rotation.jpg,small_rotation,"{""angle_degrees"": -7.0446}"
No Foam,root,No Foam/frame_0148.jpg,No Foam/augmented/horizontal_flip/root/frame_0148__horizontal_flip.jpg,horizontal_flip,{}
No Foam,root,No Foam/frame_0148.jpg,No Foam/augmented/brightness/root/frame_0148__brightness.jpg,brightness,"{""factor"": 0.9758}"
No Foam,root,No Foam/frame_0148.jpg,No Foam/augmented/contrast/root/frame_0148__contrast.jpg,contrast,"{""factor"": 1.0809}"
No Foam,root,No Foam/frame_0148.jpg,No Foam/augmented/saturation/root/frame_0148__saturation.jpg,saturation,"{""factor"": 0.9639}"
No Foam,root,No Foam/frame_0148.jpg,No Foam/augmented/zoom_translate/root/frame_0148__zoom_translate.jpg,zoom_translate,"{""shift_x_fraction"": -0.0102, ""shift_y_fraction"": 0.0089, ""zoom"": 1.0544}"
No Foam,root,No Foam/frame_0149.jpg,No Foam/augmented/small_rotation/root/frame_0149__small_rotation.jpg,small_rotation,"{""angle_degrees"": 4.5173}"
No Foam,root,No Foam/frame_0149.jpg,No Foam/augmented/horizontal_flip/root/frame_0149__horizontal_flip.jpg,horizontal_flip,{}
No Foam,root,No Foam/frame_0149.jpg,No Foam/augmented/brightness/root/frame_0149__brightness.jpg,brightness,"{""factor"": 1.053}"
No Foam,root,No Foam/frame_0149.jpg,No Foam/augmented/contrast/root/frame_0149__contrast.jpg,contrast,"{""factor"": 0.9183}"
No Foam,root,No Foam/frame_0149.jpg,No Foam/augmented/saturation/root/frame_0149__saturation.jpg,saturation,"{""factor"": 1.0018}"
No Foam,root,No Foam/frame_0149.jpg,No Foam/augmented/zoom_translate/root/frame_0149__zoom_translate.jpg,zoom_translate,"{""shift_x_fraction"": -0.016, ""shift_y_fraction"": -0.0094, ""zoom"": 1.0128}"
No Foam,root,No Foam/frame_0150.jpg,No Foam/augmented/small_rotation/root/frame_0150__small_rotation.jpg,small_rotation,"{""angle_degrees"": 1.6361}"
No Foam,root,No Foam/frame_0150.jpg,No Foam/augmented/horizontal_flip/root/frame_0150__horizontal_flip.jpg,horizontal_flip,{}
No Foam,root,No Foam/frame_0150.jpg,No Foam/augmented/brightness/root/frame_0150__brightness.jpg,brightness,"{""factor"": 0.8788}"
No Foam,root,No Foam/frame_0150.jpg,No Foam/augmented/contrast/root/frame_0150__contrast.jpg,contrast,"{""factor"": 1.1285}"
No Foam,root,No Foam/frame_0150.jpg,No Foam/augmented/saturation/root/frame_0150__saturation.jpg,saturation,"{""factor"": 1.0725}"
No Foam,root,No Foam/frame_0150.jpg,No Foam/augmented/zoom_translate/root/frame_0150__zoom_translate.jpg,zoom_translate,"{""shift_x_fraction"": 0.014, ""shift_y_fraction"": 0.01, ""zoom"": 1.0698}"
No Foam,root,No Foam/frame_0151.jpg,No Foam/augmented/small_rotation/root/frame_0151__small_rotation.jpg,small_rotation,"{""angle_degrees"": -0.0263}"
No Foam,root,No Foam/frame_0151.jpg,No Foam/augmented/horizontal_flip/root/frame_0151__horizontal_flip.jpg,horizontal_flip,{}
No Foam,root,No Foam/frame_0151.jpg,No Foam/augmented/brightness/root/frame_0151__brightness.jpg,brightness,"{""factor"": 0.9958}"
No Foam,root,No Foam/frame_0151.jpg,No Foam/augmented/contrast/root/frame_0151__contrast.jpg,contrast,"{""factor"": 1.014}"
No Foam,root,No Foam/frame_0151.jpg,No Foam/augmented/saturation/root/frame_0151__saturation.jpg,saturation,"{""factor"": 0.944}"
No Foam,root,No Foam/frame_0151.jpg,No Foam/augmented/zoom_translate/root/frame_0151__zoom_translate.jpg,zoom_translate,"{""shift_x_fraction"": -0.0209, ""shift_y_fraction"": -0.0079, ""zoom"": 1.0333}"
No Foam,root,No Foam/frame_0152.jpg,No Foam/augmented/small_rotation/root/frame_0152__small_rotation.jpg,small_rotation,"{""angle_degrees"": 3.8017}"
No Foam,root,No Foam/frame_0152.jpg,No Foam/augmented/horizontal_flip/root/frame_0152__horizontal_flip.jpg,horizontal_flip,{}
No Foam,root,No Foam/frame_0152.jpg,No Foam/augmented/brightness/root/frame_0152__brightness.jpg,brightness,"{""factor"": 0.983}"
No Foam,root,No Foam/frame_0152.jpg,No Foam/augmented/contrast/root/frame_0152__contrast.jpg,contrast,"{""factor"": 0.9876}"
No Foam,root,No Foam/frame_0152.jpg,No Foam/augmented/saturation/root/frame_0152__saturation.jpg,saturation,"{""factor"": 0.9813}"
No Foam,root,No Foam/frame_0152.jpg,No Foam/augmented/zoom_translate/root/frame_0152__zoom_translate.jpg,zoom_translate,"{""shift_x_fraction"": 0.0149, ""shift_y_fraction"": 0.022, ""zoom"": 1.0263}"
No Foam,root,No Foam/frame_0153.jpg,No Foam/augmented/small_rotation/root/frame_0153__small_rotation.jpg,small_rotation,"{""angle_degrees"": 3.2954}"
No Foam,root,No Foam/frame_0153.jpg,No Foam/augmented/horizontal_flip/root/frame_0153__horizontal_flip.jpg,horizontal_flip,{}
No Foam,root,No Foam/frame_0153.jpg,No Foam/augmented/brightness/root/frame_0153__brightness.jpg,brightness,"{""factor"": 1.0869}"
No Foam,root,No Foam/frame_0153.jpg,No Foam/augmented/contrast/root/frame_0153__contrast.jpg,contrast,"{""factor"": 1.0754}"
No Foam,root,No Foam/frame_0153.jpg,No Foam/augmented/saturation/root/frame_0153__saturation.jpg,saturation,"{""factor"": 0.9223}"
No Foam,root,No Foam/frame_0153.jpg,No Foam/augmented/zoom_translate/root/frame_0153__zoom_translate.jpg,zoom_translate,"{""shift_x_fraction"": 0.0281, ""shift_y_fraction"": 0.0115, ""zoom"": 1.053}"
No Foam,root,No Foam/frame_0154.jpg,No Foam/augmented/small_rotation/root/frame_0154__small_rotation.jpg,small_rotation,"{""angle_degrees"": 6.6252}"
No Foam,root,No Foam/frame_0154.jpg,No Foam/augmented/horizontal_flip/root/frame_0154__horizontal_flip.jpg,horizontal_flip,{}
No Foam,root,No Foam/frame_0154.jpg,No Foam/augmented/brightness/root/frame_0154__brightness.jpg,brightness,"{""factor"": 0.9585}"
No Foam,root,No Foam/frame_0154.jpg,No Foam/augmented/contrast/root/frame_0154__contrast.jpg,contrast,"{""factor"": 1.0149}"
No Foam,root,No Foam/frame_0154.jpg,No Foam/augmented/saturation/root/frame_0154__saturation.jpg,saturation,"{""factor"": 0.9428}"
No Foam,root,No Foam/frame_0154.jpg,No Foam/augmented/zoom_translate/root/frame_0154__zoom_translate.jpg,zoom_translate,"{""shift_x_fraction"": 0.0314, ""shift_y_fraction"": 0.0097, ""zoom"": 1.0358}"
No Foam,root,No Foam/frame_0155.jpg,No Foam/augmented/small_rotation/root/frame_0155__small_rotation.jpg,small_rotation,"{""angle_degrees"": -3.3941}"
No Foam,root,No Foam/frame_0155.jpg,No Foam/augmented/horizontal_flip/root/frame_0155__horizontal_flip.jpg,horizontal_flip,{}
No Foam,root,No Foam/frame_0155.jpg,No Foam/augmented/brightness/root/frame_0155__brightness.jpg,brightness,"{""factor"": 1.0129}"
No Foam,root,No Foam/frame_0155.jpg,No Foam/augmented/contrast/root/frame_0155__contrast.jpg,contrast,"{""factor"": 1.0662}"
No Foam,root,No Foam/frame_0155.jpg,No Foam/augmented/saturation/root/frame_0155__saturation.jpg,saturation,"{""factor"": 0.9576}"
No Foam,root,No Foam/frame_0155.jpg,No Foam/augmented/zoom_translate/root/frame_0155__zoom_translate.jpg,zoom_translate,"{""shift_x_fraction"": -0.0014, ""shift_y_fraction"": -0.0088, ""zoom"": 1.0718}"
No Foam,root,No Foam/frame_0156.jpg,No Foam/augmented/small_rotation/root/frame_0156__small_rotation.jpg,small_rotation,"{""angle_degrees"": 4.0098}"
No Foam,root,No Foam/frame_0156.jpg,No Foam/augmented/horizontal_flip/root/frame_0156__horizontal_flip.jpg,horizontal_flip,{}
No Foam,root,No Foam/frame_0156.jpg,No Foam/augmented/brightness/root/frame_0156__brightness.jpg,brightness,"{""factor"": 1.0351}"
No Foam,root,No Foam/frame_0156.jpg,No Foam/augmented/contrast/root/frame_0156__contrast.jpg,contrast,"{""factor"": 0.8565}"
No Foam,root,No Foam/frame_0156.jpg,No Foam/augmented/saturation/root/frame_0156__saturation.jpg,saturation,"{""factor"": 0.9146}"
No Foam,root,No Foam/frame_0156.jpg,No Foam/augmented/zoom_translate/root/frame_0156__zoom_translate.jpg,zoom_translate,"{""shift_x_fraction"": -0.0157, ""shift_y_fraction"": 0.0061, ""zoom"": 1.0068}"
No Foam,root,No Foam/frame_0157.jpg,No Foam/augmented/small_rotation/root/frame_0157__small_rotation.jpg,small_rotation,"{""angle_degrees"": -5.0207}"
No Foam,root,No Foam/frame_0157.jpg,No Foam/augmented/horizontal_flip/root/frame_0157__horizontal_flip.jpg,horizontal_flip,{}
No Foam,root,No Foam/frame_0157.jpg,No Foam/augmented/brightness/root/frame_0157__brightness.jpg,brightness,"{""factor"": 0.8646}"
No Foam,root,No Foam/frame_0157.jpg,No Foam/augmented/contrast/root/frame_0157__contrast.jpg,contrast,"{""factor"": 0.9794}"
No Foam,root,No Foam/frame_0157.jpg,No Foam/augmented/saturation/root/frame_0157__saturation.jpg,saturation,"{""factor"": 0.927}"
No Foam,root,No Foam/frame_0157.jpg,No Foam/augmented/zoom_translate/root/frame_0157__zoom_translate.jpg,zoom_translate,"{""shift_x_fraction"": 0.0271, ""shift_y_fraction"": 0.0006, ""zoom"": 1.0281}"
No Foam,root,No Foam/frame_0158.jpg,No Foam/augmented/small_rotation/root/frame_0158__small_rotation.jpg,small_rotation,"{""angle_degrees"": -0.3324}"
No Foam,root,No Foam/frame_0158.jpg,No Foam/augmented/horizontal_flip/root/frame_0158__horizontal_flip.jpg,horizontal_flip,{}
No Foam,root,No Foam/frame_0158.jpg,No Foam/augmented/brightness/root/frame_0158__brightness.jpg,brightness,"{""factor"": 0.885}"
No Foam,root,No Foam/frame_0158.jpg,No Foam/augmented/contrast/root/frame_0158__contrast.jpg,contrast,"{""factor"": 0.9301}"
No Foam,root,No Foam/frame_0158.jpg,No Foam/augmented/saturation/root/frame_0158__saturation.jpg,saturation,"{""factor"": 1.096}"
No Foam,root,No Foam/frame_0158.jpg,No Foam/augmented/zoom_translate/root/frame_0158__zoom_translate.jpg,zoom_translate,"{""shift_x_fraction"": 0.0342, ""shift_y_fraction"": 0.0078, ""zoom"": 1.073}"
No Foam,root,No Foam/frame_0159.jpg,No Foam/augmented/small_rotation/root/frame_0159__small_rotation.jpg,small_rotation,"{""angle_degrees"": 3.806}"
No Foam,root,No Foam/frame_0159.jpg,No Foam/augmented/horizontal_flip/root/frame_0159__horizontal_flip.jpg,horizontal_flip,{}
No Foam,root,No Foam/frame_0159.jpg,No Foam/augmented/brightness/root/frame_0159__brightness.jpg,brightness,"{""factor"": 1.018}"
No Foam,root,No Foam/frame_0159.jpg,No Foam/augmented/contrast/root/frame_0159__contrast.jpg,contrast,"{""factor"": 1.1488}"
No Foam,root,No Foam/frame_0159.jpg,No Foam/augmented/saturation/root/frame_0159__saturation.jpg,saturation,"{""factor"": 1.0704}"
No Foam,root,No Foam/frame_0159.jpg,No Foam/augmented/zoom_translate/root/frame_0159__zoom_translate.jpg,zoom_translate,"{""shift_x_fraction"": 0.0161, ""shift_y_fraction"": -0.0017, ""zoom"": 1.0716}"
No Foam,root,No Foam/frame_0160.jpg,No Foam/augmented/small_rotation/root/frame_0160__small_rotation.jpg,small_rotation,"{""angle_degrees"": 0.9296}"
No Foam,root,No Foam/frame_0160.jpg,No Foam/augmented/horizontal_flip/root/frame_0160__horizontal_flip.jpg,horizontal_flip,{}
No Foam,root,No Foam/frame_0160.jpg,No Foam/augmented/brightness/root/frame_0160__brightness.jpg,brightness,"{""factor"": 1.1038}"
No Foam,root,No Foam/frame_0160.jpg,No Foam/augmented/contrast/root/frame_0160__contrast.jpg,contrast,"{""factor"": 0.8758}"
No Foam,root,No Foam/frame_0160.jpg,No Foam/augmented/saturation/root/frame_0160__saturation.jpg,saturation,"{""factor"": 0.9859}"
No Foam,root,No Foam/frame_0160.jpg,No Foam/augmented/zoom_translate/root/frame_0160__zoom_translate.jpg,zoom_translate,"{""shift_x_fraction"": -0.0194, ""shift_y_fraction"": 0.0209, ""zoom"": 1.0704}"
No Foam,root,No Foam/frame_0161.jpg,No Foam/augmented/small_rotation/root/frame_0161__small_rotation.jpg,small_rotation,"{""angle_degrees"": 3.6894}"
No Foam,root,No Foam/frame_0161.jpg,No Foam/augmented/horizontal_flip/root/frame_0161__horizontal_flip.jpg,horizontal_flip,{}
No Foam,root,No Foam/frame_0161.jpg,No Foam/augmented/brightness/root/frame_0161__brightness.jpg,brightness,"{""factor"": 1.1135}"
No Foam,root,No Foam/frame_0161.jpg,No Foam/augmented/contrast/root/frame_0161__contrast.jpg,contrast,"{""factor"": 1.0282}"
No Foam,root,No Foam/frame_0161.jpg,No Foam/augmented/saturation/root/frame_0161__saturation.jpg,saturation,"{""factor"": 0.974}"
No Foam,root,No Foam/frame_0161.jpg,No Foam/augmented/zoom_translate/root/frame_0161__zoom_translate.jpg,zoom_translate,"{""shift_x_fraction"": -0.0143, ""shift_y_fraction"": -0.0118, ""zoom"": 1.005}"
No Foam,root,No Foam/frame_0162.jpg,No Foam/augmented/small_rotation/root/frame_0162__small_rotation.jpg,small_rotation,"{""angle_degrees"": 2.9629}"
No Foam,root,No Foam/frame_0162.jpg,No Foam/augmented/horizontal_flip/root/frame_0162__horizontal_flip.jpg,horizontal_flip,{}
No Foam,root,No Foam/frame_0162.jpg,No Foam/augmented/brightness/root/frame_0162__brightness.jpg,brightness,"{""factor"": 0.8749}"
No Foam,root,No Foam/frame_0162.jpg,No Foam/augmented/contrast/root/frame_0162__contrast.jpg,contrast,"{""factor"": 1.1478}"
No Foam,root,No Foam/frame_0162.jpg,No Foam/augmented/saturation/root/frame_0162__saturation.jpg,saturation,"{""factor"": 1.0796}"
No Foam,root,No Foam/frame_0162.jpg,No Foam/augmented/zoom_translate/root/frame_0162__zoom_translate.jpg,zoom_translate,"{""shift_x_fraction"": -0.0128, ""shift_y_fraction"": -0.0174, ""zoom"": 1.0247}"
No Foam,root,No Foam/frame_0163.jpg,No Foam/augmented/small_rotation/root/frame_0163__small_rotation.jpg,small_rotation,"{""angle_degrees"": 5.0077}"
No Foam,root,No Foam/frame_0163.jpg,No Foam/augmented/horizontal_flip/root/frame_0163__horizontal_flip.jpg,horizontal_flip,{}
No Foam,root,No Foam/frame_0163.jpg,No Foam/augmented/brightness/root/frame_0163__brightness.jpg,brightness,"{""factor"": 0.8642}"
No Foam,root,No Foam/frame_0163.jpg,No Foam/augmented/contrast/root/frame_0163__contrast.jpg,contrast,"{""factor"": 0.9612}"
No Foam,root,No Foam/frame_0163.jpg,No Foam/augmented/saturation/root/frame_0163__saturation.jpg,saturation,"{""factor"": 1.0008}"
No Foam,root,No Foam/frame_0163.jpg,No Foam/augmented/zoom_translate/root/frame_0163__zoom_translate.jpg,zoom_translate,"{""shift_x_fraction"": 0.0323, ""shift_y_fraction"": 0.0154, ""zoom"": 1.0352}"
No Foam,root,No Foam/frame_0164.jpg,No Foam/augmented/small_rotation/root/frame_0164__small_rotation.jpg,small_rotation,"{""angle_degrees"": -2.6147}"
No Foam,root,No Foam/frame_0164.jpg,No Foam/augmented/horizontal_flip/root/frame_0164__horizontal_flip.jpg,horizontal_flip,{}
No Foam,root,No Foam/frame_0164.jpg,No Foam/augmented/brightness/root/frame_0164__brightness.jpg,brightness,"{""factor"": 0.9113}"
No Foam,root,No Foam/frame_0164.jpg,No Foam/augmented/contrast/root/frame_0164__contrast.jpg,contrast,"{""factor"": 1.0391}"
No Foam,root,No Foam/frame_0164.jpg,No Foam/augmented/saturation/root/frame_0164__saturation.jpg,saturation,"{""factor"": 1.0388}"
No Foam,root,No Foam/frame_0164.jpg,No Foam/augmented/zoom_translate/root/frame_0164__zoom_translate.jpg,zoom_translate,"{""shift_x_fraction"": 0.0077, ""shift_y_fraction"": 0.0346, ""zoom"": 1.0069}"
No Foam,root,No Foam/frame_0165.jpg,No Foam/augmented/small_rotation/root/frame_0165__small_rotation.jpg,small_rotation,"{""angle_degrees"": -5.3864}"
No Foam,root,No Foam/frame_0165.jpg,No Foam/augmented/horizontal_flip/root/frame_0165__horizontal_flip.jpg,horizontal_flip,{}
No Foam,root,No Foam/frame_0165.jpg,No Foam/augmented/brightness/root/frame_0165__brightness.jpg,brightness,"{""factor"": 1.0689}"
No Foam,root,No Foam/frame_0165.jpg,No Foam/augmented/contrast/root/frame_0165__contrast.jpg,contrast,"{""factor"": 1.0422}"
No Foam,root,No Foam/frame_0165.jpg,No Foam/augmented/saturation/root/frame_0165__saturation.jpg,saturation,"{""factor"": 0.9905}"
No Foam,root,No Foam/frame_0165.jpg,No Foam/augmented/zoom_translate/root/frame_0165__zoom_translate.jpg,zoom_translate,"{""shift_x_fraction"": 0.0032, ""shift_y_fraction"": -0.0, ""zoom"": 1.0432}"
No Foam,root,No Foam/frame_0166.jpg,No Foam/augmented/small_rotation/root/frame_0166__small_rotation.jpg,small_rotation,"{""angle_degrees"": -1.0282}"
No Foam,root,No Foam/frame_0166.jpg,No Foam/augmented/horizontal_flip/root/frame_0166__horizontal_flip.jpg,horizontal_flip,{}
No Foam,root,No Foam/frame_0166.jpg,No Foam/augmented/brightness/root/frame_0166__brightness.jpg,brightness,"{""factor"": 1.1378}"
No Foam,root,No Foam/frame_0166.jpg,No Foam/augmented/contrast/root/frame_0166__contrast.jpg,contrast,"{""factor"": 0.8695}"
No Foam,root,No Foam/frame_0166.jpg,No Foam/augmented/saturation/root/frame_0166__saturation.jpg,saturation,"{""factor"": 0.9511}"
No Foam,root,No Foam/frame_0166.jpg,No Foam/augmented/zoom_translate/root/frame_0166__zoom_translate.jpg,zoom_translate,"{""shift_x_fraction"": 0.0028, ""shift_y_fraction"": -0.0071, ""zoom"": 1.0462}"
No Foam,root,No Foam/frame_0167.jpg,No Foam/augmented/small_rotation/root/frame_0167__small_rotation.jpg,small_rotation,"{""angle_degrees"": -1.3337}"
No Foam,root,No Foam/frame_0167.jpg,No Foam/augmented/horizontal_flip/root/frame_0167__horizontal_flip.jpg,horizontal_flip,{}
No Foam,root,No Foam/frame_0167.jpg,No Foam/augmented/brightness/root/frame_0167__brightness.jpg,brightness,"{""factor"": 1.0054}"
No Foam,root,No Foam/frame_0167.jpg,No Foam/augmented/contrast/root/frame_0167__contrast.jpg,contrast,"{""factor"": 0.9804}"
No Foam,root,No Foam/frame_0167.jpg,No Foam/augmented/saturation/root/frame_0167__saturation.jpg,saturation,"{""factor"": 0.9768}"
No Foam,root,No Foam/frame_0167.jpg,No Foam/augmented/zoom_translate/root/frame_0167__zoom_translate.jpg,zoom_translate,"{""shift_x_fraction"": 0.0277, ""shift_y_fraction"": 0.0116, ""zoom"": 1.0425}"
No Foam,root,No Foam/frame_0168.jpg,No Foam/augmented/small_rotation/root/frame_0168__small_rotation.jpg,small_rotation,"{""angle_degrees"": -2.1753}"
No Foam,root,No Foam/frame_0168.jpg,No Foam/augmented/horizontal_flip/root/frame_0168__horizontal_flip.jpg,horizontal_flip,{}
No Foam,root,No Foam/frame_0168.jpg,No Foam/augmented/brightness/root/frame_0168__brightness.jpg,brightness,"{""factor"": 0.8871}"
No Foam,root,No Foam/frame_0168.jpg,No Foam/augmented/contrast/root/frame_0168__contrast.jpg,contrast,"{""factor"": 0.9411}"
No Foam,root,No Foam/frame_0168.jpg,No Foam/augmented/saturation/root/frame_0168__saturation.jpg,saturation,"{""factor"": 0.9166}"
No Foam,root,No Foam/frame_0168.jpg,No Foam/augmented/zoom_translate/root/frame_0168__zoom_translate.jpg,zoom_translate,"{""shift_x_fraction"": -0.0133, ""shift_y_fraction"": 0.0034, ""zoom"": 1.0506}"
No Foam,root,No Foam/frame_0169.jpg,No Foam/augmented/small_rotation/root/frame_0169__small_rotation.jpg,small_rotation,"{""angle_degrees"": -2.0553}"
No Foam,root,No Foam/frame_0169.jpg,No Foam/augmented/horizontal_flip/root/frame_0169__horizontal_flip.jpg,horizontal_flip,{}
No Foam,root,No Foam/frame_0169.jpg,No Foam/augmented/brightness/root/frame_0169__brightness.jpg,brightness,"{""factor"": 0.8593}"
No Foam,root,No Foam/frame_0169.jpg,No Foam/augmented/contrast/root/frame_0169__contrast.jpg,contrast,"{""factor"": 1.0416}"
No Foam,root,No Foam/frame_0169.jpg,No Foam/augmented/saturation/root/frame_0169__saturation.jpg,saturation,"{""factor"": 1.0858}"
No Foam,root,No Foam/frame_0169.jpg,No Foam/augmented/zoom_translate/root/frame_0169__zoom_translate.jpg,zoom_translate,"{""shift_x_fraction"": 0.0146, ""shift_y_fraction"": -0.0144, ""zoom"": 1.0788}"
No Foam,root,No Foam/frame_0170.jpg,No Foam/augmented/small_rotation/root/frame_0170__small_rotation.jpg,small_rotation,"{""angle_degrees"": 2.405}"
No Foam,root,No Foam/frame_0170.jpg,No Foam/augmented/horizontal_flip/root/frame_0170__horizontal_flip.jpg,horizontal_flip,{}
No Foam,root,No Foam/frame_0170.jpg,No Foam/augmented/brightness/root/frame_0170__brightness.jpg,brightness,"{""factor"": 1.0556}"
No Foam,root,No Foam/frame_0170.jpg,No Foam/augmented/contrast/root/frame_0170__contrast.jpg,contrast,"{""factor"": 1.0433}"
No Foam,root,No Foam/frame_0170.jpg,No Foam/augmented/saturation/root/frame_0170__saturation.jpg,saturation,"{""factor"": 0.9101}"
No Foam,root,No Foam/frame_0170.jpg,No Foam/augmented/zoom_translate/root/frame_0170__zoom_translate.jpg,zoom_translate,"{""shift_x_fraction"": 0.0013, ""shift_y_fraction"": 0.0206, ""zoom"": 1.0057}"
No Foam,root,No Foam/frame_0171.jpg,No Foam/augmented/small_rotation/root/frame_0171__small_rotation.jpg,small_rotation,"{""angle_degrees"": -1.9048}"
No Foam,root,No Foam/frame_0171.jpg,No Foam/augmented/horizontal_flip/root/frame_0171__horizontal_flip.jpg,horizontal_flip,{}
No Foam,root,No Foam/frame_0171.jpg,No Foam/augmented/brightness/root/frame_0171__brightness.jpg,brightness,"{""factor"": 1.114}"
No Foam,root,No Foam/frame_0171.jpg,No Foam/augmented/contrast/root/frame_0171__contrast.jpg,contrast,"{""factor"": 1.1484}"
No Foam,root,No Foam/frame_0171.jpg,No Foam/augmented/saturation/root/frame_0171__saturation.jpg,saturation,"{""factor"": 1.0145}"
No Foam,root,No Foam/frame_0171.jpg,No Foam/augmented/zoom_translate/root/frame_0171__zoom_translate.jpg,zoom_translate,"{""shift_x_fraction"": -0.0188, ""shift_y_fraction"": 0.0102, ""zoom"": 1.0331}"
No Foam,root,No Foam/frame_0172.jpg,No Foam/augmented/small_rotation/root/frame_0172__small_rotation.jpg,small_rotation,"{""angle_degrees"": 7.2409}"
No Foam,root,No Foam/frame_0172.jpg,No Foam/augmented/horizontal_flip/root/frame_0172__horizontal_flip.jpg,horizontal_flip,{}
No Foam,root,No Foam/frame_0172.jpg,No Foam/augmented/brightness/root/frame_0172__brightness.jpg,brightness,"{""factor"": 0.8693}"
No Foam,root,No Foam/frame_0172.jpg,No Foam/augmented/contrast/root/frame_0172__contrast.jpg,contrast,"{""factor"": 1.0446}"
No Foam,root,No Foam/frame_0172.jpg,No Foam/augmented/saturation/root/frame_0172__saturation.jpg,saturation,"{""factor"": 1.0844}"
No Foam,root,No Foam/frame_0172.jpg,No Foam/augmented/zoom_translate/root/frame_0172__zoom_translate.jpg,zoom_translate,"{""shift_x_fraction"": 0.0004, ""shift_y_fraction"": -0.0274, ""zoom"": 1.0675}"
No Foam,root,No Foam/frame_0173.jpg,No Foam/augmented/small_rotation/root/frame_0173__small_rotation.jpg,small_rotation,"{""angle_degrees"": -4.8484}"
No Foam,root,No Foam/frame_0173.jpg,No Foam/augmented/horizontal_flip/root/frame_0173__horizontal_flip.jpg,horizontal_flip,{}
No Foam,root,No Foam/frame_0173.jpg,No Foam/augmented/brightness/root/frame_0173__brightness.jpg,brightness,"{""factor"": 1.0042}"
No Foam,root,No Foam/frame_0173.jpg,No Foam/augmented/contrast/root/frame_0173__contrast.jpg,contrast,"{""factor"": 0.9689}"
No Foam,root,No Foam/frame_0173.jpg,No Foam/augmented/saturation/root/frame_0173__saturation.jpg,saturation,"{""factor"": 1.0808}"
No Foam,root,No Foam/frame_0173.jpg,No Foam/augmented/zoom_translate/root/frame_0173__zoom_translate.jpg,zoom_translate,"{""shift_x_fraction"": 0.0283, ""shift_y_fraction"": -0.0315, ""zoom"": 1.0339}"
No Foam,root,No Foam/frame_0174.jpg,No Foam/augmented/small_rotation/root/frame_0174__small_rotation.jpg,small_rotation,"{""angle_degrees"": -0.4491}"
No Foam,root,No Foam/frame_0174.jpg,No Foam/augmented/horizontal_flip/root/frame_0174__horizontal_flip.jpg,horizontal_flip,{}
No Foam,root,No Foam/frame_0174.jpg,No Foam/augmented/brightness/root/frame_0174__brightness.jpg,brightness,"{""factor"": 1.0652}"
No Foam,root,No Foam/frame_0174.jpg,No Foam/augmented/contrast/root/frame_0174__contrast.jpg,contrast,"{""factor"": 1.0636}"
No Foam,root,No Foam/frame_0174.jpg,No Foam/augmented/saturation/root/frame_0174__saturation.jpg,saturation,"{""factor"": 1.061}"
No Foam,root,No Foam/frame_0174.jpg,No Foam/augmented/zoom_translate/root/frame_0174__zoom_translate.jpg,zoom_translate,"{""shift_x_fraction"": -0.0188, ""shift_y_fraction"": 0.0008, ""zoom"": 1.0185}"
No Foam,root,No Foam/frame_0175.jpg,No Foam/augmented/small_rotation/root/frame_0175__small_rotation.jpg,small_rotation,"{""angle_degrees"": 1.0181}"
No Foam,root,No Foam/frame_0175.jpg,No Foam/augmented/horizontal_flip/root/frame_0175__horizontal_flip.jpg,horizontal_flip,{}
No Foam,root,No Foam/frame_0175.jpg,No Foam/augmented/brightness/root/frame_0175__brightness.jpg,brightness,"{""factor"": 0.9951}"
No Foam,root,No Foam/frame_0175.jpg,No Foam/augmented/contrast/root/frame_0175__contrast.jpg,contrast,"{""factor"": 1.0492}"
No Foam,root,No Foam/frame_0175.jpg,No Foam/augmented/saturation/root/frame_0175__saturation.jpg,saturation,"{""factor"": 1.0468}"
No Foam,root,No Foam/frame_0175.jpg,No Foam/augmented/zoom_translate/root/frame_0175__zoom_translate.jpg,zoom_translate,"{""shift_x_fraction"": -0.0301, ""shift_y_fraction"": -0.0143, ""zoom"": 1.0243}"
No Foam,root,No Foam/frame_0176.jpg,No Foam/augmented/small_rotation/root/frame_0176__small_rotation.jpg,small_rotation,"{""angle_degrees"": 2.324}"
No Foam,root,No Foam/frame_0176.jpg,No Foam/augmented/horizontal_flip/root/frame_0176__horizontal_flip.jpg,horizontal_flip,{}
No Foam,root,No Foam/frame_0176.jpg,No Foam/augmented/brightness/root/frame_0176__brightness.jpg,brightness,"{""factor"": 1.012}"
No Foam,root,No Foam/frame_0176.jpg,No Foam/augmented/contrast/root/frame_0176__contrast.jpg,contrast,"{""factor"": 0.8682}"
No Foam,root,No Foam/frame_0176.jpg,No Foam/augmented/saturation/root/frame_0176__saturation.jpg,saturation,"{""factor"": 0.9401}"
No Foam,root,No Foam/frame_0176.jpg,No Foam/augmented/zoom_translate/root/frame_0176__zoom_translate.jpg,zoom_translate,"{""shift_x_fraction"": 0.0323, ""shift_y_fraction"": -0.0153, ""zoom"": 1.02}"
No Foam,root,No Foam/frame_0177.jpg,No Foam/augmented/small_rotation/root/frame_0177__small_rotation.jpg,small_rotation,"{""angle_degrees"": 0.243}"
No Foam,root,No Foam/frame_0177.jpg,No Foam/augmented/horizontal_flip/root/frame_0177__horizontal_flip.jpg,horizontal_flip,{}
No Foam,root,No Foam/frame_0177.jpg,No Foam/augmented/brightness/root/frame_0177__brightness.jpg,brightness,"{""factor"": 0.8926}"
No Foam,root,No Foam/frame_0177.jpg,No Foam/augmented/contrast/root/frame_0177__contrast.jpg,contrast,"{""factor"": 0.9908}"
No Foam,root,No Foam/frame_0177.jpg,No Foam/augmented/saturation/root/frame_0177__saturation.jpg,saturation,"{""factor"": 1.0071}"
No Foam,root,No Foam/frame_0177.jpg,No Foam/augmented/zoom_translate/root/frame_0177__zoom_translate.jpg,zoom_translate,"{""shift_x_fraction"": 0.0186, ""shift_y_fraction"": -0.0084, ""zoom"": 1.052}"
No Foam,root,No Foam/frame_0178.jpg,No Foam/augmented/small_rotation/root/frame_0178__small_rotation.jpg,small_rotation,"{""angle_degrees"": 5.4466}"
No Foam,root,No Foam/frame_0178.jpg,No Foam/augmented/horizontal_flip/root/frame_0178__horizontal_flip.jpg,horizontal_flip,{}
No Foam,root,No Foam/frame_0178.jpg,No Foam/augmented/brightness/root/frame_0178__brightness.jpg,brightness,"{""factor"": 1.1471}"
No Foam,root,No Foam/frame_0178.jpg,No Foam/augmented/contrast/root/frame_0178__contrast.jpg,contrast,"{""factor"": 1.0132}"
No Foam,root,No Foam/frame_0178.jpg,No Foam/augmented/saturation/root/frame_0178__saturation.jpg,saturation,"{""factor"": 1.0732}"
No Foam,root,No Foam/frame_0178.jpg,No Foam/augmented/zoom_translate/root/frame_0178__zoom_translate.jpg,zoom_translate,"{""shift_x_fraction"": -0.011, ""shift_y_fraction"": -0.0189, ""zoom"": 1.0068}"
No Foam,root,No Foam/frame_0179.jpg,No Foam/augmented/small_rotation/root/frame_0179__small_rotation.jpg,small_rotation,"{""angle_degrees"": -5.0762}"
No Foam,root,No Foam/frame_0179.jpg,No Foam/augmented/horizontal_flip/root/frame_0179__horizontal_flip.jpg,horizontal_flip,{}
No Foam,root,No Foam/frame_0179.jpg,No Foam/augmented/brightness/root/frame_0179__brightness.jpg,brightness,"{""factor"": 0.8643}"
No Foam,root,No Foam/frame_0179.jpg,No Foam/augmented/contrast/root/frame_0179__contrast.jpg,contrast,"{""factor"": 0.8614}"
No Foam,root,No Foam/frame_0179.jpg,No Foam/augmented/saturation/root/frame_0179__saturation.jpg,saturation,"{""factor"": 0.9998}"
No Foam,root,No Foam/frame_0179.jpg,No Foam/augmented/zoom_translate/root/frame_0179__zoom_translate.jpg,zoom_translate,"{""shift_x_fraction"": 0.0046, ""shift_y_fraction"": -0.0246, ""zoom"": 1.0117}"
No Foam,root,No Foam/frame_0180.jpg,No Foam/augmented/small_rotation/root/frame_0180__small_rotation.jpg,small_rotation,"{""angle_degrees"": 7.078}"
No Foam,root,No Foam/frame_0180.jpg,No Foam/augmented/horizontal_flip/root/frame_0180__horizontal_flip.jpg,horizontal_flip,{}
No Foam,root,No Foam/frame_0180.jpg,No Foam/augmented/brightness/root/frame_0180__brightness.jpg,brightness,"{""factor"": 1.0263}"
No Foam,root,No Foam/frame_0180.jpg,No Foam/augmented/contrast/root/frame_0180__contrast.jpg,contrast,"{""factor"": 0.9323}"
No Foam,root,No Foam/frame_0180.jpg,No Foam/augmented/saturation/root/frame_0180__saturation.jpg,saturation,"{""factor"": 0.9502}"
No Foam,root,No Foam/frame_0180.jpg,No Foam/augmented/zoom_translate/root/frame_0180__zoom_translate.jpg,zoom_translate,"{""shift_x_fraction"": -0.0133, ""shift_y_fraction"": 0.013, ""zoom"": 1.0279}"
No Foam,root,No Foam/frame_0181.jpg,No Foam/augmented/small_rotation/root/frame_0181__small_rotation.jpg,small_rotation,"{""angle_degrees"": -2.0752}"
No Foam,root,No Foam/frame_0181.jpg,No Foam/augmented/horizontal_flip/root/frame_0181__horizontal_flip.jpg,horizontal_flip,{}
No Foam,root,No Foam/frame_0181.jpg,No Foam/augmented/brightness/root/frame_0181__brightness.jpg,brightness,"{""factor"": 0.958}"
No Foam,root,No Foam/frame_0181.jpg,No Foam/augmented/contrast/root/frame_0181__contrast.jpg,contrast,"{""factor"": 1.1266}"
No Foam,root,No Foam/frame_0181.jpg,No Foam/augmented/saturation/root/frame_0181__saturation.jpg,saturation,"{""factor"": 1.0054}"
No Foam,root,No Foam/frame_0181.jpg,No Foam/augmented/zoom_translate/root/frame_0181__zoom_translate.jpg,zoom_translate,"{""shift_x_fraction"": 0.0074, ""shift_y_fraction"": 0.0023, ""zoom"": 1.0669}"
No Foam,root,No Foam/frame_0182.jpg,No Foam/augmented/small_rotation/root/frame_0182__small_rotation.jpg,small_rotation,"{""angle_degrees"": -1.3861}"
No Foam,root,No Foam/frame_0182.jpg,No Foam/augmented/horizontal_flip/root/frame_0182__horizontal_flip.jpg,horizontal_flip,{}
No Foam,root,No Foam/frame_0182.jpg,No Foam/augmented/brightness/root/frame_0182__brightness.jpg,brightness,"{""factor"": 0.8791}"
No Foam,root,No Foam/frame_0182.jpg,No Foam/augmented/contrast/root/frame_0182__contrast.jpg,contrast,"{""factor"": 0.8778}"
No Foam,root,No Foam/frame_0182.jpg,No Foam/augmented/saturation/root/frame_0182__saturation.jpg,saturation,"{""factor"": 1.0446}"
No Foam,root,No Foam/frame_0182.jpg,No Foam/augmented/zoom_translate/root/frame_0182__zoom_translate.jpg,zoom_translate,"{""shift_x_fraction"": 0.0022, ""shift_y_fraction"": 0.0125, ""zoom"": 1.0177}"
No Foam,root,No Foam/frame_0183.jpg,No Foam/augmented/small_rotation/root/frame_0183__small_rotation.jpg,small_rotation,"{""angle_degrees"": 4.2139}"
No Foam,root,No Foam/frame_0183.jpg,No Foam/augmented/horizontal_flip/root/frame_0183__horizontal_flip.jpg,horizontal_flip,{}
No Foam,root,No Foam/frame_0183.jpg,No Foam/augmented/brightness/root/frame_0183__brightness.jpg,brightness,"{""factor"": 1.1314}"
No Foam,root,No Foam/frame_0183.jpg,No Foam/augmented/contrast/root/frame_0183__contrast.jpg,contrast,"{""factor"": 0.9757}"
No Foam,root,No Foam/frame_0183.jpg,No Foam/augmented/saturation/root/frame_0183__saturation.jpg,saturation,"{""factor"": 1.0094}"
No Foam,root,No Foam/frame_0183.jpg,No Foam/augmented/zoom_translate/root/frame_0183__zoom_translate.jpg,zoom_translate,"{""shift_x_fraction"": 0.0299, ""shift_y_fraction"": -0.0108, ""zoom"": 1.0025}"
