class_name,subtype,path,sha256,width,height,aspect_ratio,blur_score,mean_brightness,quality_warning,exact_duplicate_of
Foam-Heavy,root,Foam-Heavy/IMG_5505.png,6860d72e183dce43a5db5b40ede754535d77c93a08b958c886d49a992ffb7790,3024,4032,0.75,135.731,119.8,,
Foam-Heavy,root,Foam-Heavy/IMG_5506.png,5545c91f65ab7524287c01bde159a397f3f6c1bef920bb2d7c0e38bdc0822835,3024,4032,0.75,105.99,119.185,,
Foam-Heavy,root,Foam-Heavy/IMG_5507.png,660522d0bff159909bc17fc872bc95aef04572c67bc2c7cae7f0aa3ca86bd4ab,3024,4032,0.75,161.185,121.055,,
Foam-Heavy,root,Foam-Heavy/IMG_5508.png,9652e9f9674a9c4b1adc8644eb53f96ee45ff2587f07e282305c3b0892d17d3d,3024,4032,0.75,259.348,116.87,,
Foam-Heavy,root,Foam-Heavy/IMG_5509.png,d0723f69c38c4dda4e6508edfa99b4bb594f7618be872b51057d91a16832c3b8,3024,4032,0.75,114.88,119.965,,
Foam-Heavy,root,Foam-Heavy/IMG_5510.png,28259fb525a63aa52120758342cb58ca5bc9e4750300997b729e3fda6c31c980,3024,4032,0.75,94.519,124.156,,
Foam-Heavy,root,Foam-Heavy/IMG_5511.png,f4728257ad8941ecfcfd10d6fa3a39609014808190265e128eef7f1d743fd2a6,3024,4032,0.75,260.514,116.642,,
Foam-Heavy,root,Foam-Heavy/IMG_5512.png,af46ec779de6d4a977caa75f8c4cec93f72ea0cedb373d0130781d7553e392db,3024,4032,0.75,162.342,119.449,,
Foam-Heavy,root,Foam-Heavy/IMG_5513.png,09ee92bbe2d375ef0775f09ea62fedd112e639dda384ae5babbf0ac79bdaf7d6,3024,4032,0.75,128.736,120.255,,
Foam-Heavy,root,Foam-Heavy/IMG_5514.png,efcae55fdf5ac39ca62f2c42b5aee6b0b5c5923aa7a0289e1999fd35114aab3c,3024,4032,0.75,120.394,119.887,,
Foam-Heavy,root,Foam-Heavy/IMG_5516.png,bcf941d598feac85371af1240d78b465835b84cee22840a0cd2b3883356796f5,3024,4032,0.75,193.806,119.951,,
Foam-Heavy,root,Foam-Heavy/IMG_5517.png,2eacaa4adc7d4b1921295bfc704a5784b9953769f26b6cfe7d2ea265ce1d5fee,3024,4032,0.75,175.324,119.296,,
Foam-Heavy,root,Foam-Heavy/IMG_5518.png,cbd377fba1738b9ae11a1168870322abbb903c4cfeeb4f43c3b36e024179ac91,3024,4032,0.75,265.168,111.485,,
Foam-Heavy,root,Foam-Heavy/IMG_5519.png,035c64dffbf4d1310c32412696bd6170e694f0337a927a699ced54437da63d42,3024,4032,0.75,127.677,121.788,,
Foam-Heavy,root,Foam-Heavy/IMG_5520.png,2b6e40ee343855d4500def76642a33fe2cc05968a0cdaf7705a93b94d8f1fd6b,3024,4032,0.75,139.306,115.792,,
Foam-Heavy,root,Foam-Heavy/IMG_5521.png,500c90c7e88ec3585d7f857b0c28d2c5017573b1063276d1db298cef24f15882,3024,4032,0.75,93.294,120.242,,
Foam-Heavy,root,Foam-Heavy/WIN_20260707_13_38_52_Pro.jpg,da9e0e7bff7ebb80312b28719a25846492159d94cf492e04b828fd8cd4197c35,1920,1080,1.7778,366.14,99.633,,
Foam-Heavy,root,Foam-Heavy/WIN_20260707_13_39_00_Pro.jpg,b76aceb29814b385311b972b1e196c8c426023947374ed808218c8fe83e326a7,1920,1080,1.7778,353.056,120.81,,
Foam-Heavy,root,Foam-Heavy/WIN_20260707_13_39_56_Pro.jpg,6165659f0dfd17ef3a8ed1b515c0feabb2de2c44eb8b7212976513ed047a4228,1920,1080,1.7778,285.8,116.947,,
Foam-Heavy,root,Foam-Heavy/WIN_20260707_13_39_58_Pro.jpg,197b32e22e35badee0e58124c6fabb1b672a1a3e3e89c386153fff36900e36c6,1920,1080,1.7778,298.165,114.293,,
Foam-Heavy,root,Foam-Heavy/WIN_20260707_13_39_59_Pro.jpg,7accd80d429ec5a8e498694cda4fa09509a2b38637175f1f82573d01ce583c8a,1920,1080,1.7778,248.946,93.657,,
Foam-Heavy,root,Foam-Heavy/WIN_20260707_13_40_01_Pro.jpg,9f84afdcaf57774062d8d0486d770c7aa3dc4a2e02ce4b15969b92d38d7742e6,1920,1080,1.7778,491.398,105.657,,
Foam-Heavy,root,Foam-Heavy/WIN_20260707_13_40_03_Pro.jpg,69aa6cbf4ed1e64526cf56cc7fdf6a745277bacb89d7a267bd88f39467d1f789,1920,1080,1.7778,544.387,97.67,,
Foam-Heavy,root,Foam-Heavy/WIN_20260707_13_40_05_Pro.jpg,68ba177a2c7bec2f2f8b64f80fef51402c2492d0ff2ae9c875f3ce97967c6158,1920,1080,1.7778,468.315,113.704,,
Foam-Heavy,root,Foam-Heavy/WIN_20260707_13_40_07_Pro.jpg,6e8f0725e7882948c9de5d5a8ef8b9bcba64a0c075dea59800e8f64d7e4f6ce7,1920,1080,1.7778,499.167,114.75,,
Foam-Heavy,root,Foam-Heavy/WIN_20260707_13_40_10_Pro.jpg,b23a3cac220d1a44123dd2318eef91475fecd71247ee3a2556dc7a09b7eff7e6,1920,1080,1.7778,397.253,116.04,,
Foam-Heavy,root,Foam-Heavy/WIN_20260707_13_40_13_Pro.jpg,de1180f798bfc39467ded393d016497d79dc9db9958828a2804a2c012cdf74e1,1920,1080,1.7778,338.822,122.742,,
Foam-Heavy,root,Foam-Heavy/WIN_20260707_13_40_15_Pro.jpg,aa2360dce7c8200ee1cff9abe9c90ddcacfca8d6366be03f9c898628196c677f,1920,1080,1.7778,351.164,119.992,,
Foam-Heavy,root,Foam-Heavy/WIN_20260707_13_40_18_Pro.jpg,9ca235481d4ef9b706e9f0f4e10f2839c14a2cc9cfe8bd2e3cd52c89bef6a55c,1920,1080,1.7778,315.806,109.39,,
Foam-Heavy,root,Foam-Heavy/WIN_20260707_13_40_23_Pro.jpg,442031d8aa02c03fd85a440fff53d5fc8eb9d628af3b6e7bef106516d0ade73a,1920,1080,1.7778,114.435,104.47,,
Foam-Heavy,root,Foam-Heavy/WIN_20260707_13_40_26_Pro.jpg,2696d8654554872c71b114d9a968dc47adac284a5babeb48008d9d9ddc2d6b63,1920,1080,1.7778,321.729,99.381,,
Foam-Heavy,root,Foam-Heavy/WIN_20260707_13_40_28_Pro.jpg,3a07bee127074f5ec43c15756950f2d62b4b3e62eef608ac8228c7ed34542173,1920,1080,1.7778,387.613,97.693,,
Foam-Heavy,root,Foam-Heavy/WIN_20260707_13_40_31_Pro.jpg,c45f966baf32f70d5e7774e2812683f66a212e28410907d82291dd3880df1760,1920,1080,1.7778,196.355,103.662,,
Foam-Heavy,root,Foam-Heavy/WIN_20260707_13_41_25_Pro.jpg,be1c4df2c45f297e6bec8d043608c478194e81ac3a576b26aeccdc502b922601,1920,1080,1.7778,271.582,96.301,,
Foam-Heavy,root,Foam-Heavy/WIN_20260707_13_41_28_Pro.jpg,2da49dc0a40e7da3ac063e58131207578c906b71c82925d36a6036411517e6ab,1920,1080,1.7778,196.926,95.173,,
Foam-Heavy,root,Foam-Heavy/WIN_20260707_13_41_30_Pro.jpg,0d0c15edf3f28b71153452ec339dac880798acf15d7c2773281a7348b7f3c946,1920,1080,1.7778,345.788,100.181,,
Foam-Heavy,root,Foam-Heavy/WIN_20260707_13_41_33_Pro.jpg,d68b12bf876328926e6729571367ad22e0c6be8eeaf166303f01ddc2c0079d01,1920,1080,1.7778,222.163,100.545,,
Foam-Heavy,root,Foam-Heavy/WIN_20260707_13_41_36_Pro.jpg,ef983bb8743c4fd4286e0c6204fd4f350270f3a726c19c3aa0e76ca87164686a,1920,1080,1.7778,295.547,97.398,,
Foam-Heavy,root,Foam-Heavy/WIN_20260707_13_41_38_Pro.jpg,7e53b3bf757dffcd84bf5fd1df7c032e49e3186043e2b6b28b3e7a2923da92d8,1920,1080,1.7778,42.132,96.384,,
Foam-Heavy,root,Foam-Heavy/WIN_20260707_13_41_41_Pro.jpg,ce97345d15ed35781de384904870d8168506d32f28006eb592d6e22735c8936c,1920,1080,1.7778,206.576,103.358,,
Foam-Heavy,root,Foam-Heavy/WIN_20260707_13_41_43_Pro.jpg,28ad8cafd92b88b6a78e4b6a10154d14821ccbe16dc9e330bffb4a821dca8945,1920,1080,1.7778,389.438,103.985,,
Foam-Heavy,root,Foam-Heavy/frame_0000.jpg,1010f029ab3e6f02dc6c26c90e2b62fffa3304d7006e42705e41357a58dbf590,224,224,1.0,3508.764,144.268,,
Foam-Heavy,root,Foam-Heavy/frame_0001.jpg,ccf1451d6bdf00c92bee32391da25762480419694b118909549866ba0c166d8e,224,224,1.0,3352.134,143.986,,
Foam-Heavy,root,Foam-Heavy/frame_0002.jpg,61109ee6fc4075149f373cd6ebd2951d0c072c66a4354684a35152e5f5b754a0,224,224,1.0,3422.102,143.414,,
Foam-Heavy,root,Foam-Heavy/frame_0003.jpg,7556238e139f01b6ef38122a8f0c3e13d100108e677a4b10d3c5f0529b7e4610,224,224,1.0,3509.537,142.323,,
Foam-Heavy,root,Foam-Heavy/frame_0004.jpg,18ed54d7c4eae4964c3ca75c2a89666bcb7d0eefb5f90e3348423832cbb0cba8,224,224,1.0,3653.842,142.177,,
Foam-Heavy,root,Foam-Heavy/frame_0005.jpg,bcc4114d7a7f046100eae00b0aa2df4eb6224fe582c8193b31e1e7ce3ad2e072,224,224,1.0,3534.903,142.391,,
Foam-Heavy,root,Foam-Heavy/frame_0006.jpg,237e08cce3fe08293dc8b3bbc85e95e29737a7dc867f613dce22cba24fe4a23d,224,224,1.0,3605.701,141.964,,
Foam-Heavy,root,Foam-Heavy/frame_0007.jpg,fb1863977cb73dce6f04765646850bfd231a32a7b3fce6f2ddbac5ad74ea0cc9,224,224,1.0,3670.654,141.633,,
Foam-Heavy,root,Foam-Heavy/frame_0008.jpg,de5d7fd1fb4e4710353c3723cb0bc2a256de2d6c464d07de86b10cb502edb0bd,224,224,1.0,3710.811,141.204,,
Foam-Heavy,root,Foam-Heavy/frame_0009.jpg,6fc32b2dc752b2777ee42899e0d37bdd060555555d9aed69a3dd481edfcfea80,224,224,1.0,3605.078,140.606,,
Foam-Heavy,root,Foam-Heavy/frame_0010.jpg,2ce2691d1fbdc63bcd138cc9af8406e423545c040324114ed696f6afed47e065,224,224,1.0,3558.687,140.568,,
Foam-Heavy,root,Foam-Heavy/frame_0011.jpg,b34345eb050bb17dc6fb3389dcb754e9eae66571684f1374397192051048d03d,224,224,1.0,3350.634,141.243,,
Foam-Heavy,root,Foam-Heavy/frame_0012.jpg,f6c239f8ff0a81ab588b1a78b73b3ab3e91288332549f813850ebceee0bbcce1,224,224,1.0,3536.888,141.191,,
Foam-Heavy,root,Foam-Heavy/frame_0013.jpg,8b415155cec0af4e2e85f842d5ff390c5fc04643ab38be96f4b77c6cfb3a6f5e,224,224,1.0,3239.889,141.504,,
Foam-Heavy,root,Foam-Heavy/frame_0014.jpg,abbf2f67b494a7659f22708bad63851305378effcd6ccc7ed0d88a6263ef5fc9,224,224,1.0,3488.663,141.493,,
Foam-Heavy,root,Foam-Heavy/frame_0015.jpg,c5310138cb30c0509c25146d5a529844f88fd9822644c3ee07cd7f818cbf2551,224,224,1.0,3343.232,142.221,,
Foam-Heavy,root,Foam-Heavy/frame_0016.jpg,2b8868fcbdc3f83b25c38a14f69d39dd7ad69a39650871cf4ed7b5f554a2b948,224,224,1.0,3475.902,142.67,,
Foam-Heavy,root,Foam-Heavy/frame_0017.jpg,14063b6aaaaf2aaf1c0ff99f87557997404ddc569686441df16bc5a2399a0346,224,224,1.0,3335.546,142.725,,
Foam-Heavy,root,Foam-Heavy/frame_0018.jpg,400f03f9983bf42249cbe29c1ebf861823e08edf4ad73424f1bb733ebfa98ed7,224,224,1.0,3486.521,142.764,,
Foam-Heavy,root,Foam-Heavy/frame_0019.jpg,10e57e1d7dbd9c0d659b3df620c659a82a9ac10f637a234d440914d3ebc5f6d0,224,224,1.0,2747.22,144.187,,
Foam-Heavy,root,Foam-Heavy/frame_0020.jpg,e7127dc0dfa03504a6730a3934c25ca99be517c7da7e2cb510f1eeae037b542a,224,224,1.0,3257.44,143.638,,
Foam-Heavy,root,Foam-Heavy/frame_0021.jpg,956e3516413cc690a3029ccdd69fdee429b174f30657cf59097ef79c377e42de,224,224,1.0,3305.299,144.969,,
Foam-Heavy,root,Foam-Heavy/frame_0022.jpg,2e4f32c3aca031c52a039a1ed1080b413fddf5b324b7da28ccfd7bf5851f8c27,224,224,1.0,3469.963,146.943,,
Foam-Heavy,root,Foam-Heavy/frame_0023.jpg,4d21d4cc93bcee24c0e9a22f7559f4c36827e1c92b220c2a9fe2165edb7ccd2f,224,224,1.0,3219.845,146.945,,
Foam-Heavy,root,Foam-Heavy/frame_0024.jpg,7df9e6b27fd7044ab530de7c42eda6282d970345043905765bcdcde9fe29df61,224,224,1.0,3776.83,145.669,,
Foam-Heavy,root,Foam-Heavy/frame_0025.jpg,8f8da2e4d363fb41464165a1f2e9ec16d40c19d7853b71e68c98edb78af73cb1,224,224,1.0,3814.574,145.622,,
Foam-Heavy,root,Foam-Heavy/frame_0026.jpg,e35a55aa570e38bbf3824a0a57c400e9610229fae852bb34b5e446a09708d99d,224,224,1.0,3917.641,145.427,,
Foam-Heavy,root,Foam-Heavy/frame_0027.jpg,71691105333d4554a4b2d1f0649134d448b55c08d064dd4a9587b90803d07eee,224,224,1.0,3583.215,145.539,,
Foam-Heavy,root,Foam-Heavy/frame_0028.jpg,a33240864d6c8261120baeb49f19392570c31408dd65be415270cf48d1fee005,224,224,1.0,3534.652,147.339,,
Foam-Heavy,root,Foam-Heavy/frame_0029.jpg,a3c2e5472e347b8a70882794a5e3fa231511b7722fdec549c2a0ed53f4af9b66,224,224,1.0,3796.539,146.243,,
Foam-Heavy,root,Foam-Heavy/frame_0030.jpg,1fe393582a6519702946c640c218a7a96d2d7217509b7fa105aab09aa5de1023,224,224,1.0,3398.245,144.841,,
Foam-Heavy,root,Foam-Heavy/frame_0031.jpg,a0ed78de9ac4afeb2c1f8597b490ab54220c7570ee6b149f3999e7ef059ce874,224,224,1.0,2859.881,144.98,,
Foam-Heavy,root,Foam-Heavy/frame_0032.jpg,e45eaf0485455d8b2b82337a55ed0ff9401b6a70fa216cbed234a0ce67d904d3,224,224,1.0,3568.625,145.028,,
Foam-Heavy,root,Foam-Heavy/frame_0033.jpg,49972f7b95cf83ae8ef3a9fc992720c100dc478f117a9b4e741bd3eeaf59f4ed,224,224,1.0,2966.521,145.13,,
Foam-Heavy,root,Foam-Heavy/frame_0034.jpg,def518d4dcb35342d3baa19e4a93c0b3e314e94384324c21c76f5839069e7279,224,224,1.0,3099.267,145.621,,
Foam-Heavy,root,Foam-Heavy/frame_0035.jpg,fd6d84795d2ffb4651396a764a1eb292b89d15d72f486f55d71c6296c6ea332c,224,224,1.0,3310.647,144.394,,
Foam-Heavy,root,Foam-Heavy/frame_0036.jpg,4772d7b3d1fee6e311195b0bea2b97c8cc0f613898ce4c1b1d0ff5bcaf42ba9e,224,224,1.0,3489.284,142.215,,
Foam-Heavy,root,Foam-Heavy/frame_0037.jpg,8c430957c249fa4df1b90e2816ed065666e2c0cae1af2d32f91098c246f02dcd,224,224,1.0,3386.343,142.888,,
Foam-Heavy,root,Foam-Heavy/frame_0038.jpg,7af59a1aa9c6b6716b7081acc5ae0e0d6e9245368b3590ccdc606d2910fcdb18,224,224,1.0,3351.52,143.528,,
Foam-Heavy,root,Foam-Heavy/frame_0039.jpg,ba75e047cb10fda376d554e48c575eed1d9ba6f25c7c59745c7ba5b148219079,224,224,1.0,3176.872,144.18,,
Foam-Heavy,root,Foam-Heavy/frame_0040.jpg,8f52ed7bfe91fbc656cc0bd9238b4de0e54a21ece9209b28e59c66134fe023eb,224,224,1.0,3056.543,145.096,,
Foam-Heavy,root,Foam-Heavy/frame_0041.jpg,016aa3b39daf212c94ab9a1b6d947e0246687356151aa1d33ee70bc0836e9240,224,224,1.0,2746.153,143.64,,
Foam-Heavy,root,Foam-Heavy/frame_0042.jpg,4db93109eaf77bafddf38835a11c286ada4eeab78c4a0d4c6a14b923ea63013f,224,224,1.0,3033.539,141.9,,
Foam-Heavy,root,Foam-Heavy/frame_0043.jpg,84838901d9401124b981025d3d332d9401b8e90e3cb0b95d05be2bd313cadffb,224,224,1.0,2933.491,141.824,,
Foam-Heavy,root,Foam-Heavy/frame_0044.jpg,e11a99622017816f8f7fa76491654689af608b04f6c6bf056afa9ed3bbae6e13,224,224,1.0,3023.097,141.113,,
Foam-Heavy,root,Foam-Heavy/frame_0045.jpg,a8ed0afbec25dde39a2bc58cd0f6384d2e47068fdedbfe035335029158a773af,224,224,1.0,2871.755,141.021,,
Foam-Heavy,root,Foam-Heavy/frame_0046.jpg,e337378a2558d4c637f20066bc122e7822f07ea518196d720151cafeb28fb715,224,224,1.0,3091.808,141.601,,
Foam-Heavy,root,Foam-Heavy/frame_0047.jpg,29f20cd65e08ba370e3087259550cefdaa21cab09f03cb49eb3d51c647b9b4c2,224,224,1.0,3283.043,141.254,,
Foam-Heavy,root,Foam-Heavy/frame_0048.jpg,b77e6fcc3ff1a27b7a1688fa8312b97194a2bddd1099d6b3b46c9bf83a14a6a6,224,224,1.0,3468.245,141.782,,
Foam-Heavy,root,Foam-Heavy/frame_0049.jpg,d95b3e30c8b0de67546d4d352b06986b490e0a14fd489ff3746b7edf4ef8dcbf,224,224,1.0,3061.538,143.158,,
Foam-Heavy,root,Foam-Heavy/frame_0050.jpg,83c6f690e245a36f6015e7706cdf826cc5d00bf46b371adc7bee7a7430e25c2f,224,224,1.0,3140.005,143.35,,
Foam-Heavy,root,Foam-Heavy/frame_0051.jpg,83294c3a56ce1f324fd95f52c48b36fef0be623d700995e3407897d9dd9657a9,224,224,1.0,3077.558,144.99,,
Foam-Heavy,root,Foam-Heavy/frame_0052.jpg,2f5152c2b8a92f0764f71599e547ea0183635870e2a5d54e544c3972f6bd52d3,224,224,1.0,3086.809,145.404,,
Foam-Heavy,root,Foam-Heavy/frame_0053.jpg,13cf97fb09be11c33e3a496fecc35b5872fb30791ecae34d103abfbc373a9fc8,224,224,1.0,3196.728,144.697,,
Foam-Heavy,root,Foam-Heavy/frame_0054.jpg,b98b92cf7d8074637c09b67ee8f987d6f7845885f52de7edbf2d77b694cb19fc,224,224,1.0,3156.314,143.832,,
Foam-Heavy,root,Foam-Heavy/frame_0055.jpg,4c31abb48459001d777d28536fd23781b0306690c8963ee1461ad14b9ab2d29d,224,224,1.0,2891.27,143.875,,
Foam-Heavy,root,Foam-Heavy/frame_0056.jpg,cfe761e949ca188dbd8d3c8587abb69680bd1dd0ce1ebfdcc9a2c53fcbf38d13,224,224,1.0,3064.981,144.91,,
Foam-Heavy,root,Foam-Heavy/frame_0057.jpg,70a531cc75c6340881b67f5f44b6e0fa663509a61c779e666de053f3341ddae8,224,224,1.0,3250.221,144.478,,
Foam-Heavy,root,Foam-Heavy/frame_0058.jpg,87dbe068a11be2b681263445e9fcef14a46a217ccc29f31c0fa08425bbf89133,224,224,1.0,3241.9,144.458,,
Foam-Heavy,root,Foam-Heavy/frame_0059.jpg,91f5b29db1aac265d56e887dd0f40aed122d8867e2590000593201cf1c2472c4,224,224,1.0,3216.578,144.591,,
Foam-Heavy,root,Foam-Heavy/frame_0060.jpg,1818ca3521cd3c969b70d7b73c3c2a26950588b4d22a9a51de7f8c56b0ba37c4,224,224,1.0,3263.104,145.584,,
Foam-Heavy,root,Foam-Heavy/frame_0061.jpg,dccc3857670c182aea652eb0e89ccff50148fec34ae44ba0a38c9941a1107938,224,224,1.0,2898.503,147.023,,
Foam-Heavy,root,Foam-Heavy/frame_0062.jpg,5088e6cbf162b00567f9793ce1e37bf7fe85fcfb038ab133e18d97fc66e15697,224,224,1.0,2955.097,147.942,,
Foam-Heavy,root,Foam-Heavy/frame_0063.jpg,cc4a3df43f30ada2b4d5dc546c6f78c38d3719b7b1759067f50dd37beeeba53e,224,224,1.0,2984.151,147.827,,
Foam-Heavy,root,Foam-Heavy/frame_0064.jpg,1586a82a3a5df7a24fd2f5834f0ce43d00728eb3937892b45c6120f05ca242c0,224,224,1.0,2742.863,148.412,,
Foam-Heavy,root,Foam-Heavy/frame_0065.jpg,6c20abe11af7f3c1ea068ab7f2a0f1345d7920a9f033acf4a09db41cd72ac2c9,224,224,1.0,2631.251,148.857,,
Foam-Heavy,root,Foam-Heavy/frame_0066.jpg,97644e162069a2695322a9b6950861490e87f31463dbb3cebdf4f6c58ac7dd03,224,224,1.0,2468.637,149.094,,
Foam-Heavy,root,Foam-Heavy/frame_0067.jpg,6b8957f1411f925f7203963aa966d6a043754b96216a8c6278a794d567860002,224,224,1.0,2441.349,147.269,,
Foam-Heavy,root,Foam-Heavy/frame_0068.jpg,1cb09ff95aaf8b829e0fb81504ec047debf224731331dc404b723475a65f3475,224,224,1.0,2720.184,146.219,,
Foam-Heavy,root,Foam-Heavy/frame_0069.jpg,6ef571df0650c1cbcaac3d2b8932a0b17c1d1c574f71c9f7ed470d73d1d6a706,224,224,1.0,2625.222,146.405,,
Foam-Heavy,root,Foam-Heavy/frame_0070.jpg,bde316dc5e40acff84e018b5883ab9912d09211efeaaa8253b839448ba2380bb,224,224,1.0,2467.868,145.166,,
Foam-Heavy,root,Foam-Heavy/frame_0071.jpg,047466237bf8f19de8a359421011c66fadceb19307b5e0ac094ccab2743a7eaa,224,224,1.0,2654.116,144.428,,
Foam-Heavy,root,Foam-Heavy/frame_0072.jpg,b83b71469adcdd0c37c591ccb1417736cfff803290c351ce6134be756226fdb9,224,224,1.0,2962.133,143.557,,
Foam-Heavy,root,Foam-Heavy/frame_0073.jpg,051c16b323f7a51a193c2ed54b2666ec96e575284f19c2b91ea27ca137485c95,224,224,1.0,2852.613,142.716,,
Foam-Heavy,root,Foam-Heavy/frame_0074.jpg,cbc6560af633ddd8789c424b6621263532c16cda54190f5786b13d549943c81b,224,224,1.0,2700.916,143.049,,
Foam-Heavy,root,Foam-Heavy/frame_0075.jpg,60eb55474d543fa04ad5913804c9a74a6f2a381cb3060c9a351678b70e3a43e6,224,224,1.0,2485.836,143.187,,
Foam-Heavy,root,Foam-Heavy/frame_0076.jpg,91d26fd55c8aad2c4b3bc93dd0719cbc016315d5c91b382e6755dfe1ea53fae0,224,224,1.0,2555.03,142.873,,
Foam-Heavy,root,Foam-Heavy/frame_0077.jpg,2c9c6d6bbc18b54a6cb900a7e8777d6cd27db4c5e5ea23451396688fb913d912,224,224,1.0,2783.685,143.141,,
Foam-Heavy,root,Foam-Heavy/frame_0078.jpg,f5ba86d915436ed0a275107231723a4e74d000b015d20231f62af8ad4a70e017,224,224,1.0,2838.731,142.591,,
Foam-Heavy,root,Foam-Heavy/frame_0079.jpg,54efa1206126d0c1671a6829c888aa01577d689c0a00d44683ee868bf06cc307,224,224,1.0,2775.501,142.26,,
Foam-Heavy,root,Foam-Heavy/frame_0080.jpg,e8a391c1d0361f58a0e49d5725f5c08f94382f47ec33b06da85743019faabb45,224,224,1.0,2621.282,143.925,,
Foam-Heavy,root,Foam-Heavy/frame_0081.jpg,9758b89c7f363601e9786c4b68926df1142936d3113621e614e4d746fb394298,224,224,1.0,2609.289,144.907,,
Foam-Heavy,root,Foam-Heavy/frame_0082.jpg,8812486901079e4ddda1d01b30f91b9f22246edcf9b1765b79e4870b58bb08be,224,224,1.0,2869.603,145.972,,
Foam-Heavy,root,Foam-Heavy/frame_0083.jpg,c5583bb5b410d4a2905fad9b3a581f5c2a7f0b9f7a8b1e0585b8d42281fac6f9,224,224,1.0,2923.355,146.107,,
Foam-Heavy,root,Foam-Heavy/frame_0084.jpg,3d76b8e83ee995d6b37a017ec4b5594fcff87935e8331afb4309b5ed00d402ab,224,224,1.0,2946.528,146.025,,
Foam-Heavy,root,Foam-Heavy/frame_0085.jpg,60730ede84bce2ad0581f9cde6aa06facccd436cacb77b3e4925334708417a3d,224,224,1.0,2846.688,145.722,,
Foam-Heavy,root,Foam-Heavy/frame_0086.jpg,46407b8215b12316263318943a9e3d3d7a4baa48fdea0c07c7759ff8f680094f,224,224,1.0,2962.414,144.504,,
Foam-Heavy,root,Foam-Heavy/frame_0087.jpg,dad5d2d36d393d680b0751d3de5977cd3904f11b1c207168456d763d4f6869cf,224,224,1.0,3056.119,144.125,,
Foam-Heavy,root,Foam-Heavy/frame_0088.jpg,7150153eeaf8de52257ec33a857b1a9a6cf118585e5b90a6ee083ff093ba25f7,224,224,1.0,3218.5,144.239,,
Foam-Heavy,root,Foam-Heavy/frame_0089.jpg,b7b6019b040e0cb58f08c3756fffcb78f26ab6a2e66f60ae98fadb23a9530b64,224,224,1.0,2847.944,143.989,,
Foam-Heavy,root,Foam-Heavy/frame_0090.jpg,872de98ed87abaca0a85cf281ee23d8cb0fd9ab80531c52727652e3a4e154c41,224,224,1.0,2719.495,144.089,,
Foam-Heavy,root,Foam-Heavy/frame_0091.jpg,30b1634ecbd7a0556c26086c0ef9164be44bb638d7c19f2e1f88ea4def44f3eb,224,224,1.0,2810.853,145.618,,
Foam-Heavy,root,Foam-Heavy/frame_0092.jpg,aefa6e4183b8d6a1bf38a1fd7d4638e1b7d116c3b9388ce617d970051c076f6e,224,224,1.0,2843.042,146.978,,
Foam-Heavy,root,Foam-Heavy/frame_0093.jpg,b0a1ebf2db6ee46a804dbb73ce94a1c3c7cfbc91287dce9bf199c0e471a017c4,224,224,1.0,2477.162,146.964,,
Foam-Heavy,root,Foam-Heavy/frame_0094.jpg,e69929013c5ada7daedc88aa918e4df3fdb5083bd0a83b49c7892a57f5192f59,224,224,1.0,2461.15,145.937,,
Foam-Heavy,root,Foam-Heavy/frame_0095.jpg,1eee172d218fc3cc0e12445dc9661c9d9a07a6c9c5a148da2ed18d232a0470c7,224,224,1.0,2658.238,144.802,,
Foam-Heavy,root,Foam-Heavy/frame_0096.jpg,3926a295a597e20a02fb34dc1e5eb850704f735df8db16dab661790119dd0a2e,224,224,1.0,2695.402,146.038,,
Foam-Heavy,root,Foam-Heavy/frame_0097.jpg,355277587bf6e1e9a46de8a4d9d8e5e98a51cd11e9eda85543de0b1aa907587a,224,224,1.0,3045.248,145.157,,
Foam-Heavy,root,Foam-Heavy/frame_0098.jpg,3d82a3e4edd7c902d63460f1c92b6f0a6fdc3bad263dbf0197bf3aec3b427b6c,224,224,1.0,2891.099,145.299,,
Foam-Heavy,root,Foam-Heavy/frame_0099.jpg,5e4c0f3b91a8f4cbbf5d0a758205b6647d3194ba6b6a8ca8876881a7b469c08a,224,224,1.0,2913.572,145.984,,
Foam-Heavy,root,Foam-Heavy/frame_0100.jpg,37f426fb6f50ab328dc041780ac7b4b28dfafc44d2d9d873fd64c4fb60270b5f,224,224,1.0,2517.381,149.364,,
Foam-Heavy,root,Foam-Heavy/frame_0101.jpg,e8fed71f559f5dda1f71e45942c46cc6fdb360e83a67d96ddeeec11a4260472e,224,224,1.0,2333.941,152.239,,
Foam-Heavy,root,Foam-Heavy/frame_0102.jpg,bceb34886beffddd54f4eb76cd33cfc81640c2851d6f0e4645da44f0b9bdce96,224,224,1.0,2945.433,153.518,,
Foam-Heavy,root,Foam-Heavy/frame_0103.jpg,298b4c4c4491d25e09d93a456fc07089f942c021e8df9ccbc19f06361cdf4ca8,224,224,1.0,2542.731,151.573,,
Foam-Heavy,root,Foam-Heavy/frame_0104.jpg,7a3a304b13ceeaa72fedf25efe5c8289022929bc6340cb5a627dc42cc6742f72,224,224,1.0,3051.736,149.007,,
Foam-Heavy,root,Foam-Heavy/frame_0105.jpg,9ede61e068bc35a1cfa030773531c0bf58de8668c61971634410bda487744d54,224,224,1.0,2888.171,145.651,,
Foam-Heavy,root,Foam-Heavy/frame_0106.jpg,a15d8e08f9c6812657ad15964dbd033f6da73c5dd5572c55a91eb0007cdbf29b,224,224,1.0,2979.629,142.177,,
Foam-Heavy,root,Foam-Heavy/frame_0107.jpg,efac97cbcfae448dc8b1cc7c1eb0f24ff4c93fa7e60250577871d39e82c13e32,224,224,1.0,3116.773,137.69,,
Foam-Heavy,root,Foam-Heavy/frame_0108.jpg,079b4c818e96d8eb1096a603e6a7623fc4801898c0ebd032f5c5af99d7209e10,224,224,1.0,3272.065,134.821,,
Foam-Heavy,root,Foam-Heavy/frame_0109.jpg,bb67cd712cd007ab7eed5f9593178938f7de6ca830eb17c9983801a903e57d64,224,224,1.0,3150.266,135.504,,
Foam-Heavy,root,Foam-Heavy/frame_0110.jpg,e8b0964427a1639f11c0f4a92a3b9c9900c53c5aead946b88cfeaa345fad3701,224,224,1.0,2733.061,136.907,,
Foam-Heavy,root,Foam-Heavy/frame_0111.jpg,b0222a4cdaf956cf80bfb3fc31afedc79c649784dbfdfa34aebf86de51d9da27,224,224,1.0,2485.04,137.717,,
Foam-Heavy,root,Foam-Heavy/frame_0112.jpg,002727e1bf5d7b78fabc9e29492750115dc959a54986087559729ad7e4e98cc6,224,224,1.0,2600.466,139.738,,
Foam-Heavy,root,Foam-Heavy/frame_0113.jpg,01978d44d3183698069b8a427b26fd14d5a497ded2ce85dfe85b1ac80b49be90,224,224,1.0,2617.864,143.75,,
Foam-Heavy,root,Foam-Heavy/frame_0114.jpg,bdf22ce7aa966cac5f014860c8dbcb5e601ba6fe85cfd7c4d5bbe022c80c5f39,224,224,1.0,2900.005,143.931,,
Foam-Heavy,root,Foam-Heavy/frame_0115.jpg,d793afa21bb7e6aefaa352f947b3d1b0c0bd10056f029b98a9ccef54489ae769,224,224,1.0,2562.7,142.55,,
Foam-Heavy,root,Foam-Heavy/frame_0116.jpg,6792ec3cdeaff370e3e222c29041348b7c5ecd5ec490f264e27266e71f67533e,224,224,1.0,2726.34,139.953,,
Foam-Heavy,root,Foam-Heavy/frame_0117.jpg,c79d22ea903de413302a757e7252ece7c11a9cded4a44f27d6311351a5218f83,224,224,1.0,2783.376,139.772,,
Foam-Heavy,root,Foam-Heavy/frame_0118.jpg,20000ab4d9386ee894d4305a20e77d6ffd0d6c15483a05f03a72884bbb3b4313,224,224,1.0,2965.284,141.037,,
Foam-Heavy,root,Foam-Heavy/frame_0119.jpg,fd24b58f7b9c6ddb39a159c2503d1ed3e1f57f7cb77a49f1e8cda96ae4c67aec,224,224,1.0,2520.592,140.999,,
Foam-Heavy,root,Foam-Heavy/frame_0120.jpg,72a86773e980b8d63e96174bf56fc50e5cdd31dac8e0e9d21c1311fbc9211def,224,224,1.0,2516.413,140.228,,
Foam-Heavy,root,Foam-Heavy/frame_0121.jpg,a841715ea27bed03155ffeaadfb10fbf86df028f0caeff54980fec27584521d6,224,224,1.0,2667.473,139.685,,
Foam-Heavy,root,Foam-Heavy/frame_0122.jpg,aec96781116ca1e8ea461c36453dd15b0f0808bda77e9cf77c2b3020459d83c4,224,224,1.0,2787.623,139.775,,
Foam-Heavy,root,Foam-Heavy/frame_0123.jpg,fcce25ee97f78606d013ad133723be30d6e4c7eb1bf5337ed7022df61854fefb,224,224,1.0,2378.58,140.85,,
Foam-Heavy,root,Foam-Heavy/frame_0124.jpg,ff31d4ef95dacf57814de73e7be0b4652827b477d37fe7b8cb4271cde24020fc,224,224,1.0,2523.75,140.115,,
Foam-Heavy,root,Foam-Heavy/frame_0125.jpg,a67dd160cab1fbaf355c1823fe0f37f0a5b9869e9e457438f9291eedd401a5c9,224,224,1.0,2546.589,139.065,,
Foam-Heavy,root,Foam-Heavy/frame_0126.jpg,f0832bc9045e9dcf93017eac3670cc5309396fc0f97b6b6ebaa9bdc2b4c382d2,224,224,1.0,2326.055,139.298,,
Foam-Heavy,root,Foam-Heavy/frame_0127.jpg,9312309b9ec183adb0e4b711c1a919778488f4ba70cc3ebfd52ce9520de0d23a,224,224,1.0,2196.677,139.83,,
Foam-Heavy,root,Foam-Heavy/frame_0128.jpg,2ba84de0785294b73ca0baef700d2add71aab9e606ae3aac7ad7aa0fc0e4cfef,224,224,1.0,2583.543,139.917,,
Foam-Heavy,root,Foam-Heavy/frame_0129.jpg,15e9e6783c7f8c462a0858ab6d3acf23b6671954af172dd033bcb042ab739d19,224,224,1.0,2647.544,141.223,,
Foam-Heavy,root,Foam-Heavy/frame_0130.jpg,48b22a0a23010b0d9e134ded6660d5d5e6de92be9cbe0660374455ce0df967ca,224,224,1.0,2381.443,140.882,,
Foam-Heavy,root,Foam-Heavy/frame_0131.jpg,a5121b13917dba2e96b163d2860b8f801f044bfc798295b751d4c3e1dc5aede9,224,224,1.0,2444.994,141.164,,
Foam-Heavy,root,Foam-Heavy/frame_0132.jpg,f6e2872ee282b40c4163879671a517801f0d211195f84808ec0a98b683529c81,224,224,1.0,2579.901,141.276,,
Foam-Mild,root,Foam-Mild/IMG_5479.png,ae04642790b6dfec35c8415eeb6f2c3654804e020c0c90e2db0b7343db4becc5,3024,4032,0.75,242.588,114.21,,
Foam-Mild,root,Foam-Mild/IMG_5480.png,42a41ba3892bd3ba50c0bea111071ee9a21805ab1e8bccfe0d40047e8ff7695e,3024,4032,0.75,306.349,112.152,,
Foam-Mild,root,Foam-Mild/IMG_5481.png,c5b0c598d9648e049e4b711ca7ca641ecccea9f43830db576ebf274076b1e903,3024,4032,0.75,116.142,117.233,,
Foam-Mild,root,Foam-Mild/IMG_5482.png,8e0807f990b0c077f150859c49ec968551de3425c82c403b1a4f900ac0b1b8cc,3024,4032,0.75,135.346,121.211,,
Foam-Mild,root,Foam-Mild/IMG_5483.png,3aafb6010f8ded80ca5a01207890d8f7c1f51dfb99864b8de5430e2e3ff605c9,3024,4032,0.75,104.571,118.316,,
Foam-Mild,root,Foam-Mild/IMG_5484.png,cc39349c1c6557143d04684b5c7d83e187f10e8f06561d0bd590285ad56dd92e,3024,4032,0.75,105.749,114.754,,
Foam-Mild,root,Foam-Mild/IMG_5485.png,3468baa9f56b5830871c246599485d323ca124c1eec2a31597764ee63f41a58f,3024,4032,0.75,125.884,112.956,,
Foam-Mild,root,Foam-Mild/IMG_5486.png,bb1d8d48ec63bb7cfdb7bd9f96c198ebcb3548f789d5f66026838859878f58b4,3024,4032,0.75,73.815,111.775,,
Foam-Mild,root,Foam-Mild/WIN_20260707_13_13_46_Pro.jpg,dd8f2fb073075aa801ab7719a45a74fdc78598d2e7bf64e7c7e295fd522358d7,1920,1080,1.7778,744.046,102.897,,
Foam-Mild,root,Foam-Mild/WIN_20260707_13_13_49_Pro.jpg,32d1ee7995ac1973bcede317963db488c804642e926ab3c47d222679bfc01800,1920,1080,1.7778,418.696,104.205,,
Foam-Mild,root,Foam-Mild/WIN_20260707_13_13_54_Pro.jpg,966bb002c6b3481c70b612f40fc50cc21ffbf84644b58f00d41d844b87a16349,1920,1080,1.7778,703.059,103.568,,
Foam-Mild,root,Foam-Mild/WIN_20260707_13_14_01_Pro.jpg,c2db07a475be0448f6f64e6bc63a08f128cfa338bed5693b2da58f8f89acda0a,1920,1080,1.7778,385.938,95.047,,
Foam-Mild,root,Foam-Mild/WIN_20260707_13_14_12_Pro.jpg,ad1f96450047a248ed5b060b33d1986a773b4e88beb943425ba5ada9366a30a2,1920,1080,1.7778,797.611,105.47,,
Foam-Mild,root,Foam-Mild/WIN_20260707_13_14_13_Pro.jpg,73d3a81c59fb955dbff4a83a584986bd7092a521337c689eeb70365a52cfb9b7,1920,1080,1.7778,798.837,105.389,,
Foam-Mild,root,Foam-Mild/WIN_20260707_13_14_16_Pro.jpg,de4cf97c061eccd31b8c487193fc56f567652feb3b39da30846854dbc8e88a76,1920,1080,1.7778,505.628,105.462,,
Foam-Mild,root,Foam-Mild/WIN_20260707_13_14_18_Pro.jpg,5dc49383cf2e8ae5d5f55f699da6874add859dabd06387544bcb4048448a5471,1920,1080,1.7778,384.759,107.234,,
Foam-Mild,root,Foam-Mild/WIN_20260707_13_14_32_Pro.jpg,880cd0f8e4415c81d09fd4348f8041a8cd37a19abf83420074896aef77046d45,1920,1080,1.7778,511.055,100.802,,
Foam-Mild,root,Foam-Mild/WIN_20260707_13_14_40_Pro.jpg,11b8f78b172937c75ff8b846309352eda50b298149f007cdbc232e9890d897a9,1920,1080,1.7778,992.413,102.87,,
Foam-Mild,root,Foam-Mild/WIN_20260707_13_15_00_Pro.jpg,d3b56ecec09ead012d8f7cc210c220959c3191dcd598cd456b8361cbcebf4022,1920,1080,1.7778,993.071,111.465,,
Foam-Mild,root,Foam-Mild/WIN_20260707_13_15_05_Pro.jpg,4d96123fa1ff387c7395bf565354a2cf35c0440b00caf6f869b4bd6a60143438,1920,1080,1.7778,606.134,110.626,,
Foam-Mild,root,Foam-Mild/WIN_20260707_13_16_03_Pro.jpg,e3d3881773fcab08c849ab149d075826a717a9a5109d09d288fd812a9513d274,1920,1080,1.7778,917.238,109.791,,
Foam-Mild,root,Foam-Mild/WIN_20260707_13_16_04_Pro.jpg,ae8f43590fd191727459948282c38596f8263d4b8a76e7239681ebe6280c1b9d,1920,1080,1.7778,923.016,109.816,,
Foam-Mild,root,Foam-Mild/WIN_20260707_13_16_33_Pro.jpg,c8bb69fb2ec1c65f79a685728394cbad10d09363262620d55940320e7f9d752d,1920,1080,1.7778,867.155,110.32,,
Foam-Mild,root,Foam-Mild/WIN_20260707_13_16_34_Pro.jpg,3cf60df85ee010df3e88da4708cba06d532984fd3b79fcc02f68d316f9533eee,1920,1080,1.7778,871.405,110.152,,
Foam-Mild,root,Foam-Mild/WIN_20260707_13_16_46_Pro.jpg,f31b004b47712ee79b05f1cb2b657da7b2f45f3f2852600daa2735a39a34b808,1920,1080,1.7778,871.648,108.494,,
Foam-Mild,root,Foam-Mild/WIN_20260707_13_17_44_Pro.jpg,b56b9c3878388c777ca05a8fbfc76cc9ce75ae54c6054d52b56f13197bc8fd16,1920,1080,1.7778,478.873,104.036,,
Foam-Mild,root,Foam-Mild/WIN_20260707_13_17_45_Pro.jpg,23aeb782e3d75e66d77298ba6084f3e1f1087cc72ba78fa186cadc14f0db6084,1920,1080,1.7778,481.877,104.045,,
Foam-Mild,root,Foam-Mild/WIN_20260707_13_18_08_Pro (2).jpg,80118d456e5113832222ab86963daa18e15150ebdca317a9ca0e75b95b2efa1d,1920,1080,1.7778,777.004,104.352,,
Foam-Mild,root,Foam-Mild/WIN_20260707_13_18_08_Pro.jpg,38a56ab95023e2ec780469b2151925f2cb708631c1a7523076078415c0200feb,1920,1080,1.7778,780.877,104.472,,
Foam-Mild,root,Foam-Mild/WIN_20260707_13_18_09_Pro.jpg,46ae263f4911236bb1f1d9e3040571eabe7c0406d9b0941d0875aafd66c12806,1920,1080,1.7778,776.134,104.387,,
Foam-Mild,root,Foam-Mild/WIN_20260707_13_19_00_Pro.jpg,d7cc5cac7faed3cbaafcd90437a9e562f3813ac09b97d8ed20b96d920cc49107,1920,1080,1.7778,630.246,97.299,,
Foam-Mild,root,Foam-Mild/WIN_20260707_13_19_01_Pro.jpg,e0a03eb1919ca27ea889e4710a213a32ccb69ada9bdd0d6dbce4771e6d6cae36,1920,1080,1.7778,626.54,97.244,,
Foam-Mild,root,Foam-Mild/WIN_20260707_13_19_41_Pro.jpg,38f4994b82d4384f2f4b0aa3996372ba8f44c16a6c61c78312cfdf5123cdda2d,1920,1080,1.7778,809.463,120.381,,
Foam-Mild,root,Foam-Mild/WIN_20260707_13_19_42_Pro.jpg,937e81f6ce445a9c6a32587549b1d691a03e5a4fe7228ffce47af39d71f18733,1920,1080,1.7778,812.628,120.689,,
Foam-Mild,root,Foam-Mild/WIN_20260707_13_19_43_Pro.jpg,d6d7a84756b2d9937a5b0ff7a37db730ae1674533689170e1d387d9082b42465,1920,1080,1.7778,814.204,120.412,,
Foam-Mild,root,Foam-Mild/WIN_20260707_13_21_14_Pro.jpg,94e3faa190baa9f83e878051937ca0e577ecf3b82ed3853c29d394429b92e9a6,1920,1080,1.7778,768.066,108.026,,
Foam-Mild,root,Foam-Mild/WIN_20260707_13_21_35_Pro.jpg,eb92f6552d03d9f918bfec79955ebca5c9af6d589308340284dad2ca21a0429d,1920,1080,1.7778,559.249,110.978,,
Foam-Mild,root,Foam-Mild/WIN_20260707_13_35_30_Pro.jpg,11aafe99033617b33988dcec75d0f5f30283fce3b9d327a7c8975cf22bf993bc,1920,1080,1.7778,516.591,104.543,,
Foam-Mild,root,Foam-Mild/WIN_20260707_13_35_32_Pro.jpg,c7c421c95099a8545cf71e155a5358f51f1fc1095bb0a88a551cf0b55fd73890,1920,1080,1.7778,503.482,106.139,,
Foam-Mild,root,Foam-Mild/WIN_20260707_13_35_34_Pro.jpg,81663204217a19b7a761729625ebb377c6ad838d74dc526a150e657d1a920eb1,1920,1080,1.7778,592.848,106.87,,
Foam-Mild,root,Foam-Mild/WIN_20260707_13_35_36_Pro.jpg,7ac2a7e58e85f302a5bd36b175dcd4a045ded91448f4d717ab6d69e6b8e8c3ea,1920,1080,1.7778,305.131,106.861,,
Foam-Mild,root,Foam-Mild/WIN_20260707_13_35_38_Pro.jpg,ee2f2c7bfb99b045ec106ba5405bd7e45caaf77d6f1980f2337dbea123ac02ca,1920,1080,1.7778,289.202,92.776,,
Foam-Mild,root,Foam-Mild/WIN_20260707_13_35_40_Pro.jpg,54d69869da9f1ca3daa10b5d7e1fb5ea7bb189692bb48271213aa410804d708f,1920,1080,1.7778,354.766,94.124,,
Foam-Mild,root,Foam-Mild/WIN_20260707_13_35_41_Pro.jpg,71489fc76ae31c5ca3255cf7608a542af66bbeea2e30c29a7c2d714bf8383e08,1920,1080,1.7778,166.167,93.533,,
Foam-Mild,root,Foam-Mild/WIN_20260707_13_35_42_Pro.jpg,b0a229ba30351e001456055648dcbcd8661bc9c05c5d7dfd144c4324406aaeb5,1920,1080,1.7778,85.303,94.996,,
Foam-Mild,root,Foam-Mild/WIN_20260707_13_35_44_Pro.jpg,6dfb464e8c1b04e16d41f1afefbf18f3c9c017f43746c5d4622e7ff6e75696b4,1920,1080,1.7778,177.619,96.361,,
Foam-Mild,root,Foam-Mild/WIN_20260707_13_35_45_Pro.jpg,6007d05647cb6a955b4b3c9fb81c5a0869f0b734d6dff25d4476e5baabf39923,1920,1080,1.7778,564.412,96.228,,
Foam-Mild,root,Foam-Mild/WIN_20260707_13_35_46_Pro.jpg,5078a021fd7bef6ba07df4ddeca7960cf205e806eddef6c1b8bd5a13dc0c1cd8,1920,1080,1.7778,619.41,95.32,,
Foam-Mild,root,Foam-Mild/WIN_20260707_13_35_48_Pro.jpg,bb4c658c7a34c52b7509b97f47ebd8ab6009e60e2ac00880c27d147942638be7,1920,1080,1.7778,292.532,98.321,,
Foam-Mild,root,Foam-Mild/frame_0000.jpg,33026a81b983e6fb63098f5097ebf37d5a91640a4973483a9bef5d84b560f436,224,224,1.0,4834.344,144.309,,
Foam-Mild,root,Foam-Mild/frame_0001.jpg,a00f461eed79627fa2e1ec13f1caf3f7b979c78814cfa945b38929d6f8922752,224,224,1.0,4783.718,144.011,,
Foam-Mild,root,Foam-Mild/frame_0002.jpg,3a4a79cf5725f9e50fa954058e935f619b966704149e77435a6b07aa42034fc0,224,224,1.0,4534.201,144.748,,
Foam-Mild,root,Foam-Mild/frame_0003.jpg,434a7965dbbd2500638fccc7d9c6a9f2897e47bda81c13b4a5bc7b3cc5228421,224,224,1.0,4637.365,143.358,,
Foam-Mild,root,Foam-Mild/frame_0004.jpg,22c477d79f386f225da1cca337725743d0e427171802bf4a02adfaff68869939,224,224,1.0,4778.067,143.039,,
Foam-Mild,root,Foam-Mild/frame_0005.jpg,cce0860f9a98f8581daa41d8702b06c3fb1efff0991350635ae72ca7b7728d11,224,224,1.0,4142.666,144.567,,
Foam-Mild,root,Foam-Mild/frame_0006.jpg,2dd38107b2131c06a03861035d369e6f357a6a8e3bdf092a987da3727ea13ec0,224,224,1.0,4437.775,145.393,,
Foam-Mild,root,Foam-Mild/frame_0007.jpg,72b786bc610fec2472fa00c2d7dfadd60fb44ed8ebfcba4d28c2e6a33bfba598,224,224,1.0,4405.556,145.688,,
Foam-Mild,root,Foam-Mild/frame_0008.jpg,bc6910d992a547a3fcb59c24e96acdf1505e91c0e500977547691fe534a2e53f,224,224,1.0,4761.981,144.813,,
Foam-Mild,root,Foam-Mild/frame_0009.jpg,373f546281a919d80b3360c70e55cd829dddf7f3978ca9a745ac8c073597d576,224,224,1.0,4767.92,143.886,,
Foam-Mild,root,Foam-Mild/frame_0010.jpg,274c49f7e38f51957e71348409c0a918faae8e49e4bb0a29b0f30f6f67f20bcc,224,224,1.0,4718.917,143.089,,
Foam-Mild,root,Foam-Mild/frame_0011.jpg,cc491574615dfd819a2563e56d71351fe2db217d67a685f22d2d890af1664e87,224,224,1.0,4720.913,142.527,,
Foam-Mild,root,Foam-Mild/frame_0012.jpg,f383bf7f3a0d612ded2fad115af9b9fe8e632344cbf4a5dac673b2e4659481a5,224,224,1.0,4583.392,142.126,,
Foam-Mild,root,Foam-Mild/frame_0013.jpg,e320149a836ebb114ce19c563701c403db3d4977100163d9fa55527405b96403,224,224,1.0,4304.308,139.829,,
Foam-Mild,root,Foam-Mild/frame_0014.jpg,2d500297005d3a87403ece92f3d7d17e9250f8072c8157870237e76e78786f47,224,224,1.0,4994.335,137.785,,
Foam-Mild,root,Foam-Mild/frame_0015.jpg,bdb67c0f39fe9b21bd306c8bddd25f9a03c2cf17422d0b78ec5828da63513e96,224,224,1.0,4819.125,137.727,,
Foam-Mild,root,Foam-Mild/frame_0016.jpg,742cf032a69881b13d6c8d66a1c27116c63878be7e140c88c86bf342fcba11c6,224,224,1.0,4677.779,138.547,,
Foam-Mild,root,Foam-Mild/frame_0017.jpg,1ae1db82f6d047fb1b5d5183ea6ac93195a6860304a1d4e2c85125753fcfe70d,224,224,1.0,4772.097,139.095,,
Foam-Mild,root,Foam-Mild/frame_0018.jpg,2170c56861eb87256e910078451452638f1c4f727aab549070291092e6ddd468,224,224,1.0,4918.468,139.192,,
Foam-Mild,root,Foam-Mild/frame_0019.jpg,4429d704484934b626da2b2d52f04ffec45192e281f9b9cc1f7b0d1aea27c913,224,224,1.0,4618.628,139.681,,
Foam-Mild,root,Foam-Mild/frame_0020.jpg,f46dd6a12150e83bf6d0e03b5ff0c000ec47a45e5142d86ff9afff3e28c1fced,224,224,1.0,4428.347,141.194,,
Foam-Mild,root,Foam-Mild/frame_0021.jpg,a92f179fcf0a8a86c1c8f3130d978b7ebcf1cb6a556dcdd5448278c9a21ef946,224,224,1.0,4722.141,140.945,,
Foam-Mild,root,Foam-Mild/frame_0022.jpg,a70d5b43721dcc4aee963229dabd70ad7350f68bf04ab17c1ec579239bb98d9d,224,224,1.0,4304.147,140.715,,
Foam-Mild,root,Foam-Mild/frame_0023.jpg,7b102fc86eb1c0c01eefbb6a17a2d9ee532a5b2f074d87345bfc6ba7a1696ed6,224,224,1.0,4485.256,140.208,,
Foam-Mild,root,Foam-Mild/frame_0024.jpg,c9f0ef644acb297ce9c1353cc350fa79fc897b0554b7f236a8f9e4af0e7da4db,224,224,1.0,4009.543,140.846,,
Foam-Mild,root,Foam-Mild/frame_0025.jpg,df2c2b493830d171e03f9b7c260c43df78ee8a47c30e64b6d4dfd42878383828,224,224,1.0,4652.28,140.22,,
Foam-Mild,root,Foam-Mild/frame_0026.jpg,754b2c15ab97fddec2d3693389b1316126489466968a14dd7ec23727d6951727,224,224,1.0,4766.908,138.608,,
Foam-Mild,root,Foam-Mild/frame_0027.jpg,ebd34f7511f25fd47077075b4a52c43ff4cc67e48a68fa802e35c90267dcc8d1,224,224,1.0,4105.16,139.593,,
Foam-Mild,root,Foam-Mild/frame_0028.jpg,79dcf3a2ecac335bce9f058904ae5ff0ce85c03349b32da222732fd30550403f,224,224,1.0,4663.136,139.974,,
Foam-Mild,root,Foam-Mild/frame_0029.jpg,24610f0ba3727cd829e14cbfdd1a63f2d89368bd47e1cbbed49cc8c808bddb6e,224,224,1.0,4324.3,142.093,,
Foam-Mild,root,Foam-Mild/frame_0030.jpg,cfe9bb140057b84aa9c3684740ad4b52845a22f51dbf1a69233c1edb220e7b39,224,224,1.0,4078.274,142.747,,
Foam-Mild,root,Foam-Mild/frame_0031.jpg,586b52b60ab91b21cfa4a3a126f6126e808430379bf6d4d683d7bab949cab1bc,224,224,1.0,3939.151,143.248,,
Foam-Mild,root,Foam-Mild/frame_0032.jpg,d0464fc19f8522e895c6c0d71bff00ca6bb644b15baa74cc4889b49200434913,224,224,1.0,4560.05,143.63,,
Foam-Mild,root,Foam-Mild/frame_0033.jpg,f4676a6835707f3965120f11cd037d7c01a1883c754d95dfad101ca2bc6cbb0a,224,224,1.0,4490.542,144.657,,
Foam-Mild,root,Foam-Mild/frame_0034.jpg,c8418164f315a16b331887f2b083b914887de51a913d1acce03bc38539cc5f4e,224,224,1.0,4478.74,144.934,,
Foam-Mild,root,Foam-Mild/frame_0035.jpg,849b765f7cd600b0030bbe2a8d79c9d9a11c6245309ae9aff2f5c6eee3668d52,224,224,1.0,4560.004,144.331,,
Foam-Mild,root,Foam-Mild/frame_0036.jpg,a2350e26e60f7a738b4303a884c55f39c64f78b75e002156e613b935661a8ec0,224,224,1.0,4330.407,144.39,,
Foam-Mild,root,Foam-Mild/frame_0037.jpg,68aabbecd1f89b89149a41fc2e5ec9aaf1560b8c8f83c80d794d4ef99a6d8bf3,224,224,1.0,4743.052,144.118,,
Foam-Mild,root,Foam-Mild/frame_0038.jpg,29c1fdf6c09240aef59a979f9ef11d1c214c1fc4d8cfd64d4c89fb635b11f2be,224,224,1.0,4691.199,144.074,,
Foam-Mild,root,Foam-Mild/frame_0039.jpg,4f5301bffb4311198dfd272f0923e8d811c8f9de5794b2e93cb9d1b1ff733ee3,224,224,1.0,4663.508,143.767,,
Foam-Mild,root,Foam-Mild/frame_0040.jpg,ba0f4eb4a6627c41550140b2728eb2c86677defb718f07031ca5332b14be37fa,224,224,1.0,4843.266,144.529,,
Foam-Mild,root,Foam-Mild/frame_0041.jpg,5c941ea5650291ea3473f9bb4bd6ad14e11b94f1ef302737d44422a85beebc5d,224,224,1.0,4716.531,144.551,,
Foam-Mild,root,Foam-Mild/frame_0042.jpg,75e03ec29e1510cd1d79520142cca65fd132c523cb1be278f935864206508ee9,224,224,1.0,4852.479,143.881,,
Foam-Mild,root,Foam-Mild/frame_0043.jpg,495798d7c982ee4e4d4cbab3556958412522e96b49ebc059160e0cbb106ef51d,224,224,1.0,4958.112,143.367,,
Foam-Mild,root,Foam-Mild/frame_0044.jpg,934260ea4cac83514ff1eb4eb2a2ffc381fcae204369649d31304566fc0b039c,224,224,1.0,5025.241,142.724,,
Foam-Mild,root,Foam-Mild/frame_0045.jpg,d07e85a23bcda81ca2c8191d9a284c6bac6b299bbeb1b910898c719461adc937,224,224,1.0,4836.306,141.941,,
Foam-Mild,root,Foam-Mild/frame_0046.jpg,0ffc46289bff1e04b5b37c88c121cd14efd8dae94f7287569c6c257dee95bde5,224,224,1.0,4750.291,141.452,,
Foam-Mild,root,Foam-Mild/frame_0047.jpg,f87ab25d73319bb28aec7e1254c43b50d087bd91736807f1fa075cdbac4cdbca,224,224,1.0,4798.551,141.206,,
Foam-Mild,root,Foam-Mild/frame_0048.jpg,ceebccae54e925574278ca48f7c1d6b8ec69156798c2bcef213fd6aca9be8cfc,224,224,1.0,5000.865,140.217,,
Foam-Mild,root,Foam-Mild/frame_0049.jpg,050ae9405f5670243d748f326f5abc534a5b025eae4a79d1b76fd9e160bff446,224,224,1.0,4878.82,139.959,,
Foam-Mild,root,Foam-Mild/frame_0050.jpg,7c35c7f7522578fff0a81bb395642398398becd2aa4227ea82a8501778c61b1e,224,224,1.0,4678.855,139.157,,
Foam-Mild,root,Foam-Mild/frame_0051.jpg,c26860f4d2e05cd6d25ed2875b9e5701df5831a216481ff12ec63dac087ea803,224,224,1.0,4613.744,138.584,,
Foam-Mild,root,Foam-Mild/frame_0052.jpg,80ffb56a3d4917bacfa2cd286bac26870136109dbc6e536a3175b9b11017b8eb,224,224,1.0,4982.179,137.3,,
Foam-Mild,root,Foam-Mild/frame_0053.jpg,0866963156072ac3e0d777c5fc3bc0d334d8d1426dff1057278511fcddd397c1,224,224,1.0,4468.196,136.978,,
Foam-Mild,root,Foam-Mild/frame_0054.jpg,91eefb9335c27fe1b9208171ab46582606d780359a781cfb37405ce61fd790ce,224,224,1.0,4700.024,136.132,,
Foam-Mild,root,Foam-Mild/frame_0055.jpg,5bb7b7502d9918aa27eff28522ebb6a5c87dcd0ad5ca6713c85db9adf973b4ac,224,224,1.0,4719.982,136.615,,
Foam-Mild,root,Foam-Mild/frame_0056.jpg,47ff78983edc845b2b495a498ce622f3a93e45be16a9ba7ceb48c66c64d0056d,224,224,1.0,4083.944,137.86,,
Foam-Mild,root,Foam-Mild/frame_0057.jpg,d310edc91bd2ab3c9580338aa454ac40fab5be7cdeef6c0b5ea0a2f0e7b59053,224,224,1.0,4611.49,138.151,,
Foam-Mild,root,Foam-Mild/frame_0058.jpg,263aceb24fbb90733406e06609bf7b8e9a0ec70ee74b631acf87064e8dbdc187,224,224,1.0,4575.823,139.212,,
Foam-Mild,root,Foam-Mild/frame_0059.jpg,ac0a6cc67619d6b28afd22d2e5aa072fdd032fb0a347106904b641e29d3820c4,224,224,1.0,4012.67,141.145,,
Foam-Mild,root,Foam-Mild/frame_0060.jpg,7ec4e6dabc03638328de61e3ccdf74c4db99fa9d567e83e5a1cc65fca9cf547d,224,224,1.0,4640.219,142.903,,
Foam-Mild,root,Foam-Mild/frame_0061.jpg,78627d6f01b0a708bc4304ce37a95173a36667cf70384068535606471e644645,224,224,1.0,4157.797,145.627,,
Foam-Mild,root,Foam-Mild/frame_0062.jpg,ef1e31e332448ed2eddb0984ac935b9df5d37e4aa863990ba8feb5c751cb0547,224,224,1.0,4329.808,146.152,,
Foam-Mild,root,Foam-Mild/frame_0063.jpg,a33044686fa131e1f49bc900c9d60894eaae90b6dc62c3de1699e0db1ee6b1e7,224,224,1.0,4567.157,146.141,,
Foam-Mild,root,Foam-Mild/frame_0064.jpg,c2d483d52591a1ea095d3a68ed32535c4124527847dac56c770fa78df952781a,224,224,1.0,4639.524,144.715,,
Foam-Mild,root,Foam-Mild/frame_0065.jpg,67d5dfa4c4a2b4d7384133a1a32007cd7b4886a3c50b734e64c230ab9aec4438,224,224,1.0,4579.747,143.586,,
Foam-Mild,root,Foam-Mild/frame_0066.jpg,09dab89f7e448fcdcff9cc481e124923f8b9e5ff7300c3beb12e2291631b1d13,224,224,1.0,4575.056,142.189,,
Foam-Mild,root,Foam-Mild/frame_0067.jpg,267941226a897b9c342a9b5c9105c9352acf82ed79429e740028325fe155dda0,224,224,1.0,4448.058,140.696,,
Foam-Mild,root,Foam-Mild/frame_0068.jpg,86899ad580069656347ad99eb8818d93ef0616966684f198fa20f3b06b67b150,224,224,1.0,4752.468,139.588,,
Foam-Mild,root,Foam-Mild/frame_0069.jpg,46a47d2213479612858754b928010165750e4c12dd4e1ab78102e1b556fc0a52,224,224,1.0,4413.32,138.635,,
Foam-Mild,root,Foam-Mild/frame_0070.jpg,a407c2793f377e3bc1e90ea7aa41c992d04565fae79f120f42e64866de25fd32,224,224,1.0,4520.119,138.739,,
Foam-Mild,root,Foam-Mild/frame_0071.jpg,f581b6f8b35371447d7f6cf63a0756071f84be92391e221541c431f7d7b4df0b,224,224,1.0,4449.095,138.071,,
Foam-Mild,root,Foam-Mild/frame_0072.jpg,c800bdabe77b1f45789201191000ac8f821c5aad3ffbccd12df326d73c6dbf50,224,224,1.0,4515.7,138.004,,
Foam-Mild,root,Foam-Mild/frame_0073.jpg,262d5fac9c400e03aff793727866bce376dc19dadcc21e291680dc83cdb8cf4e,224,224,1.0,4428.622,138.517,,
Foam-Mild,root,Foam-Mild/frame_0074.jpg,ef02cea52fcddbcd9ac6cc9eebf4aaabd646415712fd05086abc54f9742c8cec,224,224,1.0,4728.738,138.733,,
Foam-Mild,root,Foam-Mild/frame_0075.jpg,02e1bb3ab12ab92e4010afe0756c850a91b77f2071e78ad631250af645772874,224,224,1.0,4708.93,139.277,,
Foam-Mild,root,Foam-Mild/frame_0076.jpg,af4f4d213047bc1cd8b0b79701a7bb22d64ad9855b657d1213e9ef75f5c163e6,224,224,1.0,4774.349,140.265,,
Foam-Mild,root,Foam-Mild/frame_0077.jpg,e8ea617781fc06c091bf9fd956e83d6ef58c1db10a3cbc2caa2c667fc36b107c,224,224,1.0,4464.471,141.782,,
Foam-Mild,root,Foam-Mild/frame_0078.jpg,410739ce2e527124166e05d85fc417147bc0ebdfb0081c390e53e86dc854199a,224,224,1.0,4410.642,141.911,,
Foam-Mild,root,Foam-Mild/frame_0079.jpg,b25ba6f7519ce0ab1af5d3d673822fe81d4367cb6cb4486b58c73e611fc4a153,224,224,1.0,4240.913,140.721,,
Foam-Mild,root,Foam-Mild/frame_0080.jpg,93f6b2fdfa2bb4e6a244ac92a35804a7bc96a711dd3bdfdaa5ec5468eb89b414,224,224,1.0,4641.993,140.04,,
Foam-Mild,root,Foam-Mild/frame_0081.jpg,9f4dcca84acccbc2148cbe08e94f427185a69592772361a3ca39baecaa3df472,224,224,1.0,4016.351,141.148,,
Foam-Mild,root,Foam-Mild/frame_0082.jpg,b96b834fed8b08ecea146e8ee2bdc543b2623e37f5b81f1e59b6fe12a70f626a,224,224,1.0,4108.386,141.819,,
Foam-Mild,root,Foam-Mild/frame_0083.jpg,47ecb983d6cc3c744cdbc2ee172cc36968c0c8ad095f8de0044f32dcddc82cd7,224,224,1.0,4431.551,141.309,,
Foam-Mild,root,Foam-Mild/frame_0084.jpg,4565c6977f3d6c71d9768558ce395b8cd26c1b0384902abc70d2d7bebd64c382,224,224,1.0,4462.118,140.944,,
Foam-Mild,root,Foam-Mild/frame_0085.jpg,b596ce71b68fff01187a5055e73674b57cb36850ab82464376dc9afbcaa7be24,224,224,1.0,4271.89,140.438,,
Foam-Mild,root,Foam-Mild/frame_0086.jpg,3aa4a1a0480552f7f08f82f0b07156d32ff5627bbd10d307b8f6d787bfec8608,224,224,1.0,4457.293,140.568,,
Foam-Mild,root,Foam-Mild/frame_0087.jpg,93f082b4fa2c9548ef3ba5b58abb1f5c3c3a7c9aff0135d27520a87b7fe9653a,224,224,1.0,4304.04,140.865,,
Foam-Mild,root,Foam-Mild/frame_0088.jpg,3f2f89e572f0faa4136a44a3000afad04a7646cb2fd67cdfecad60e898412598,224,224,1.0,4609.328,140.67,,
Foam-Mild,root,Foam-Mild/frame_0089.jpg,4c93c33dac33ac5d3b5be4e908f6c789a577271976b918662dee9f25bbfb7198,224,224,1.0,4261.941,140.74,,
Foam-Mild,root,Foam-Mild/frame_0090.jpg,f8b203ac2abb256f00d24fd24d34b5b6e3c29f29ce464eb6e763370a61363b05,224,224,1.0,4488.029,140.196,,
Foam-Mild,root,Foam-Mild/frame_0091.jpg,93c32494d492d5a31c08d6badabcf66d0e191f1683587d38e1b1fea377c54d98,224,224,1.0,4251.377,140.397,,
Foam-Mild,root,Foam-Mild/frame_0092.jpg,398f42cc4bf48df52e716c17f6c81f9aad91ef74e40d0ad90fc2e6c50b9edb01,224,224,1.0,4553.685,140.231,,
Foam-Mild,root,Foam-Mild/frame_0093.jpg,9a4dc77026025902d192be16da4b7659385bbb146d8307037fd914bb25ed3d2f,224,224,1.0,4624.394,139.3,,
Foam-Mild,root,Foam-Mild/frame_0094.jpg,b3d17e4aeb2a67c395507b21a450f2d40b4f0b3b35ccb2f375c9c5f38345da62,224,224,1.0,4527.254,138.943,,
Foam-Mild,root,Foam-Mild/frame_0095.jpg,d8d97e7586849175d0a557dab7ad559e578cb0ae959e29d7c509f23e4ef0e197,224,224,1.0,4357.588,138.894,,
Foam-Mild,root,Foam-Mild/frame_0096.jpg,25f12c97d0802d65c331a24ba6238aa6d84eaf08b8ab68b9d0d97fc4eb3ad8bc,224,224,1.0,4699.12,139.011,,
Foam-Mild,root,Foam-Mild/frame_0097.jpg,53ec1fe417672239be3a4ff5a27ea67e779cd3db70e4f9d97f47887a4d60d083,224,224,1.0,4256.381,139.221,,
Foam-Mild,root,Foam-Mild/frame_0098.jpg,2187c834db85913b8bf15d0a7f927dc96a66c74b01d609c94d9a1027f712f10b,224,224,1.0,4265.544,139.562,,
Foam-Mild,root,Foam-Mild/frame_0099.jpg,e0156b3c28b75e2acf8389b8e10953d52bce6e65bcf16e6fd79bf42a722bcf2f,224,224,1.0,4219.253,140.111,,
Foam-Mild,root,Foam-Mild/frame_0100.jpg,d0718ab928a6750428f2c4d84658b9ff031cf2ccde4d918dffd070070108122b,224,224,1.0,4101.944,140.313,,
Foam-Mild,root,Foam-Mild/frame_0101.jpg,af4ddf35071f749ad51e45c9d660b52701a2019916329f8c61702ac918902b50,224,224,1.0,4056.332,140.826,,
Foam-Mild,root,Foam-Mild/frame_0102.jpg,6ce55e0c9edbb4f1d202f01e6260318ee32a8bafeafb25e7a1f331d5271547ab,224,224,1.0,3925.794,141.084,,
Foam-Mild,root,Foam-Mild/frame_0103.jpg,7b32debff994b724eddee991b25c141528e37e49b824408dbf6e7d03d9298062,224,224,1.0,3738.204,142.161,,
Foam-Mild,root,Foam-Mild/frame_0104.jpg,d10b1dc2ff18f4c5c19913eefa903b0bf358a7b1adc844b98e9798b89afdc52e,224,224,1.0,4151.695,143.744,,
Foam-Mild,root,Foam-Mild/frame_0105.jpg,5c099c2b6ad44f22742ded3e44dfe40d2555f61aa813fbe34f00249f5e3bfcbd,224,224,1.0,4131.484,144.961,,
Foam-Mild,root,Foam-Mild/frame_0106.jpg,a0fe69e0d6e10f98a5581462ec4920ab928f57ac322de71010bab1d258739879,224,224,1.0,4132.012,144.828,,
Foam-Mild,root,Foam-Mild/frame_0107.jpg,c8f0ce11d6f66a898c6694ffd91f96cf5bcc593f423b3369a8e36629987b6838,224,224,1.0,4163.331,144.994,,
Foam-Mild,root,Foam-Mild/frame_0108.jpg,7768aac41da39b6443a3efcc19c48119594efe7a188f26fad9aaaa9d4dcc6f78,224,224,1.0,4211.344,144.649,,
Foam-Mild,root,Foam-Mild/frame_0109.jpg,07f3eaddfd0a232d73439ccf499dccb6eb68d8d164e6b5bbbe17df7b20a99aef,224,224,1.0,4324.512,144.191,,
Foam-Mild,root,Foam-Mild/frame_0110.jpg,429651e7ef68c697bc665c36f7dc7e946eb8ca97af630330a9a126a9606a89cc,224,224,1.0,4178.927,142.978,,
Foam-Mild,root,Foam-Mild/frame_0111.jpg,a8462c5c9637b3cf690872dd1e8fbd2c6bfdbf8053d9ad2c75e936ca80ffab3f,224,224,1.0,4260.812,142.138,,
Foam-Mild,root,Foam-Mild/frame_0112.jpg,aca10cb0560859fa842a6e0c30093fc1e3807ae05c524a1be83bbb624c58efad,224,224,1.0,4390.739,142.481,,
Foam-Mild,root,Foam-Mild/frame_0113.jpg,6fbbf637648deafd2fb3d675c710bf1492515347e0ded914f0d84e13a8c4f5b5,224,224,1.0,3982.924,142.73,,
Foam-Mild,root,Foam-Mild/frame_0114.jpg,a2b9695018c45f05770f8d286e68d83fdd9c7645c520733586917050862610f5,224,224,1.0,3970.105,142.378,,
Foam-Mild,root,Foam-Mild/frame_0115.jpg,11019cd3cd0aedc8fe515db713cd5fb2e062a1dd337942e7b1d44c333db041c5,224,224,1.0,3905.148,142.386,,
Foam-Mild,root,Foam-Mild/frame_0116.jpg,0d144d2fced9ef1256144700402b271b928b115f5d13a7d03a5acd9737ec9e3c,224,224,1.0,3930.299,142.288,,
Foam-Mild,root,Foam-Mild/frame_0117.jpg,81f0a66f7488360f4c8817a713bd6f92bff4055c8e4f8e14c677936d3a9069c0,224,224,1.0,3891.132,141.777,,
Foam-Mild,root,Foam-Mild/frame_0118.jpg,6dcdba86f5be744c37864425c28bbcc187309793ce65e488764756ce29a6aab2,224,224,1.0,4187.513,142.523,,
Foam-Mild,root,Foam-Mild/frame_0119.jpg,2df933dbe85fbcc7c27b987edfd2685e7a2caf52158d460083fc40c20b139747,224,224,1.0,3932.77,143.048,,
Foam-Mild,root,Foam-Mild/frame_0120.jpg,a288f00104e83ba255202b89a4bf43492c91e6b5ced99f9f913067480376e083,224,224,1.0,4090.761,142.639,,
Foam-Mild,root,Foam-Mild/frame_0121.jpg,b3d6cc30c12c28e841e912b5d605e112529e3f83b6204367e86eb11be799f911,224,224,1.0,4272.162,142.435,,
Foam-Mild,root,Foam-Mild/frame_0122.jpg,469272a9bb56cdf6c554041c404a44f69b6ec29a32ea7dbeb8c0c38bf105e8c1,224,224,1.0,4075.922,142.091,,
Foam-Mild,root,Foam-Mild/frame_0123.jpg,8c02f1ae9a57970a18ccd0305a2d2ab9de757e9e9dd4229f10ba3c7bf1873777,224,224,1.0,3930.895,141.461,,
Foam-Mild,root,Foam-Mild/frame_0124.jpg,46a938b5cf5c7a85b5fc09a80e3f420d09615e6a3f58f070de5d9aa84ef7b202,224,224,1.0,3578.648,138.32,,
Foam-Mild,root,Foam-Mild/frame_0125.jpg,a1cd747ec731b10a9e1a1688a0f564e446ee7caa61e64fa5bccd69a4f1c2f301,224,224,1.0,3857.409,134.963,,
Foam-Mild,root,Foam-Mild/frame_0126.jpg,11127112cde24147067f6c2ad84b1397f956f2218ed8be38a30dfbb9cbff310f,224,224,1.0,3871.424,133.838,,
Foam-Mild,root,Foam-Mild/frame_0127.jpg,0c4ea036bc63212f262b2c85292c1d33b606ec32514d85b35d73bab538d651fe,224,224,1.0,3815.347,135.594,,
Foam-Mild,root,Foam-Mild/frame_0128.jpg,c7ee451a3650122dd84ff0b4436bd13f96f2250e70bf931c48c5ce5412ab026d,224,224,1.0,4111.133,136.32,,
Foam-Mild,root,Foam-Mild/frame_0129.jpg,ef6e6e9e8652d5cf444ee963076bcd55b92f8c87cdec31a73b0faeb5db42c9e6,224,224,1.0,3757.234,136.703,,
Foam-Mild,root,Foam-Mild/frame_0130.jpg,9d7bc00eac535b17a952693b7a93dd5711035cfc48d842c3182e32662a8a49a2,224,224,1.0,3662.728,137.762,,
Foam-Mild,root,Foam-Mild/frame_0131.jpg,1a167956df3c45311a19583faf3c4da8a2261b641e4cf7959351956d9166b85f,224,224,1.0,3697.14,139.626,,
Foam-Mild,root,Foam-Mild/frame_0132.jpg,77735352f39add339abc3753c2ba4b3331c7aeb7b45a909b378fa14ee3aecd1b,224,224,1.0,3958.823,141.387,,
Foam-Mild,root,Foam-Mild/frame_0133.jpg,8aa1d7f8ecb50ee84f694fab74d90d5715cddcd8f2e35a3cab22ebb6ad424922,224,224,1.0,3626.039,140.658,,
Foam-Mild,root,Foam-Mild/frame_0134.jpg,f9ed81ee0ca2171bba5bd327f61c76cd1fedabcf34a92524314656b489639bbb,224,224,1.0,3357.868,139.922,,
Foam-Mild,root,Foam-Mild/frame_0135.jpg,ed1b060466d8cfce42b06f46b124bf454003659a02127109b70ddbf875a2cdf8,224,224,1.0,3433.57,136.753,,
Foam-Mild,root,Foam-Mild/frame_0136.jpg,7a61d33818a7d95c9fd6dd18595134bfe8e16b7565be34cc6825b56883a53608,224,224,1.0,3311.874,136.727,,
Foam-Mild,root,Foam-Mild/frame_0137.jpg,ddba3ba1425b0ba5e77461485a858c1f026e55267cfd922bf275691b3e4a01b6,224,224,1.0,3152.22,137.596,,
Foam-Mild,root,Foam-Mild/frame_0138.jpg,60e730eaa24644bb9f8fe795a838b75137408aa1ba3a330a7dc0ac15abc5866f,224,224,1.0,3337.767,138.415,,
Foam-Mild,root,Foam-Mild/frame_0139.jpg,c8da3ff3859e0b97948a2856b04eb6aeba7d1d90f72a4c3af6e90e08a4cf3ba8,224,224,1.0,3338.579,137.844,,
Foam-Mild,root,Foam-Mild/frame_0140.jpg,7308e4bfd9993735e4050c996e2965470c366a4f959b692d4df89776f0dd5813,224,224,1.0,3095.788,136.204,,
Foam-Mild,root,Foam-Mild/frame_0141.jpg,2ff9e1123cc6a3f723518edf95478fa755c7ed5d49977be9d8a3919b51ad5863,224,224,1.0,3079.224,133.141,,
Foam-Mild,root,Foam-Mild/frame_0142.jpg,8602dc6e63bd83d01430577f8004ef35ad5b5a02f25d3e418720786833689cb2,224,224,1.0,3194.892,130.103,,
Foam-Mild,root,Foam-Mild/frame_0143.jpg,7cb9e758f35148c97244f4c6a3bd95be30166ef087184ddcaac762a148388a6c,224,224,1.0,3068.787,129.487,,
Foam-Mild,root,Foam-Mild/frame_0144.jpg,1037c027b1eea5e17fc7da1b33fbd97a7e59db40b58ae5f4326e9fff611419a1,224,224,1.0,3269.214,129.915,,
Foam-Mild,root,Foam-Mild/frame_0145.jpg,00d136456e6d28a796cc4d2d6e72cc9611b39402f752b7eed4dc4502bbe3d406,224,224,1.0,2963.037,130.086,,
Foam-Mild,root,Foam-Mild/frame_0146.jpg,68f0a1da8cd3f2e903e2b141f47dbfee11d905240b4cb1bb8518b7f1375e31e7,224,224,1.0,3077.049,130.146,,
Foam-Mild,root,Foam-Mild/frame_0147.jpg,73024d2b4c25d99b106324e6648ee6e73bebeb1c24b6b9db1b406dcc9063c57a,224,224,1.0,3093.977,130.618,,
Foam-Mild,root,Foam-Mild/frame_0148.jpg,13781e0f7087b2c049afed3e754f44c0c5817b9211df9f53980fca939a0d443f,224,224,1.0,3244.064,130.62,,
Foam-Mild,root,Foam-Mild/frame_0149.jpg,995122b90c0b66becf813b780761e2e0dee4c41c4c29de6257099f3d600b21a2,224,224,1.0,3191.338,130.906,,
Foam-Mild,root,Foam-Mild/frame_0150.jpg,ff50fc9197207cef080a078964c39d45158168b862a939e9be5a047b015cba25,224,224,1.0,3269.858,131.609,,
Foam-Mild,root,Foam-Mild/frame_0151.jpg,b3827f8757cc67c604ac97bedcf44f40be210f26e68f0bebd7ef0de7e4c82b4f,224,224,1.0,3207.965,131.399,,
Foam-Mild,root,Foam-Mild/frame_0152.jpg,c696abcbf16a512c3fe37a4c70593e1a7fd3852958c4e3aac664049f33318eaa,224,224,1.0,3363.089,130.645,,
Foam-Mild,root,Foam-Mild/frame_0153.jpg,c527d002b23825244399526918393f704ee266bca24c3e49bd00ba6c94098d82,224,224,1.0,3383.747,130.711,,
Foam-Mild,root,Foam-Mild/frame_0154.jpg,c5287bd158498a14a5cf2733b23f9eea25dc25aa1d9593bce3076d2680e507a7,224,224,1.0,3389.47,130.336,,
Foam-Mild,root,Foam-Mild/frame_0155.jpg,3bc5c499853e1533a43db2232932abb249574d06f4c807a3f0e8e9c6c609a8bd,224,224,1.0,3260.023,130.289,,
Foam-Mild,root,Foam-Mild/frame_0156.jpg,4a8ed81275e534965601a299ac2d1286ab9b598194862fb283656d38df24693f,224,224,1.0,3316.325,129.241,,
Foam-Mild,root,Foam-Mild/frame_0157.jpg,7762d9b345b6ad4ed04c7776a1fc249bde3fd33b10cb330e7a6611be89fb9d43,224,224,1.0,3301.157,129.695,,
Foam-Mild,root,Foam-Mild/frame_0158.jpg,bc319f6f07b1139261fe938d92a21b539e65aa3cf7c48b9ab1cbd8053ab8b02d,224,224,1.0,3386.782,129.395,,
Foam-Mild,root,Foam-Mild/frame_0159.jpg,aeb56357ae3ac50b66d5ce2e0ffad78060b74c4bd758a7acb2b948efc3d7f498,224,224,1.0,3388.448,129.201,,
Foam-Mild,root,Foam-Mild/frame_0160.jpg,0954b71bb9de2f0fc57d1d90b79a4132764ff10f91d99ff9cb5c0960342a2fef,224,224,1.0,3325.577,129.135,,
Foam-Mild,root,Foam-Mild/frame_0161.jpg,e2648645e6cfa9737997ee32e5ea0634b39c54b0419a575e2dd7f4358f911d83,224,224,1.0,3384.438,129.147,,
Foam-Mild,root,Foam-Mild/frame_0162.jpg,3d37fd32c17ad1612b7342d01d69e65daf4be39d7416b69dd2fe197e00bc5743,224,224,1.0,3294.318,129.516,,
Post-Antifoam Addition,root,Post-Antifoam Addition/IMG_5527.png,83055b2ec1c9765f99a0cf3788d003be6168c1c66d828ac8b9341300fa07085b,4032,3024,1.3333,122.48,117.704,,
Post-Antifoam Addition,root,Post-Antifoam Addition/IMG_5528.png,36b8bb771ea82f9363e34c72a72968e2c35a1b24fe4974aed88a8491feb25b60,4032,3024,1.3333,117.789,118.883,,
Post-Antifoam Addition,root,Post-Antifoam Addition/IMG_5529.png,ddf3e7de68584a68f63efecb073d68d8de3ffec90a73533e16a467663d065293,4032,3024,1.3333,151.069,122.039,,
Post-Antifoam Addition,root,Post-Antifoam Addition/IMG_5530.png,3f4a06c7b5390af08fa2a758436a3c737d56e2485ca350e8d0918f94e68e76da,4032,3024,1.3333,117.035,118.895,,
Post-Antifoam Addition,root,Post-Antifoam Addition/IMG_5531.png,42ed7770ab87e2bde0de0b2ff9a0271d211b6e7021b866f63c84424136e497b9,4032,3024,1.3333,69.627,120.548,,
Post-Antifoam Addition,root,Post-Antifoam Addition/WIN_20260707_13_43_24_Pro.jpg,c82ac89617cd628d7f80c3eb5e964777ec26f43824cc4419d66494920e3c6d16,1920,1080,1.7778,351.416,108.235,,
Post-Antifoam Addition,root,Post-Antifoam Addition/WIN_20260707_13_43_26_Pro.jpg,202b3e682d327cde9c34173d494728101de293ecb1f776bcbcf4875a980534e4,1920,1080,1.7778,267.456,110.618,,
Post-Antifoam Addition,root,Post-Antifoam Addition/WIN_20260707_13_43_28_Pro.jpg,22fbfe126f4e8cbefd110128f0c89be9247d68d492bc2cd8a9f6b1369aac0965,1920,1080,1.7778,255.312,109.185,,
Post-Antifoam Addition,root,Post-Antifoam Addition/WIN_20260707_13_43_29_Pro.jpg,a27f53a61be0bd53fae853f1f619cf90b1b9934eeb39494bbc5f14ff72a6c4df,1920,1080,1.7778,435.102,112.683,,
Post-Antifoam Addition,root,Post-Antifoam Addition/WIN_20260707_13_43_31_Pro.jpg,041bbb7de7a4f0caced74da9766e107885d4914b446ca0122bb4d37c3911151c,1920,1080,1.7778,372.424,113.69,,
Post-Antifoam Addition,root,Post-Antifoam Addition/WIN_20260707_13_43_32_Pro.jpg,9578d21fc369b67424b1e3c0be4fd4ba66d84f608b848e54bb8237f6def8ee68,1920,1080,1.7778,360.533,103.626,,
Post-Antifoam Addition,root,Post-Antifoam Addition/WIN_20260707_13_43_34_Pro.jpg,e953c75f6eec9859aed8d69744f713a2e52e0fcffa73a4eb01579a8eb95bea74,1920,1080,1.7778,397.177,96.511,,
Post-Antifoam Addition,root,Post-Antifoam Addition/WIN_20260707_13_43_38_Pro.jpg,a7e3bcd25ffd921396ec76134b49ea3ae9bfe9062e8b786886ddbadbe8c5cc88,1920,1080,1.7778,95.761,98.614,,
Post-Antifoam Addition,root,Post-Antifoam Addition/WIN_20260707_13_43_40_Pro.jpg,ace26de05a10e8f980d8a343f1bd21912a635149733970f5eb229217a0240e8c,1920,1080,1.7778,574.614,111.866,,
Post-Antifoam Addition,root,Post-Antifoam Addition/frame_0000.jpg,b416e7c309b9f771cdf45a5a25975b4897f4705667b144995ffbaef0021fffe3,224,224,1.0,3192.775,143.42,,
Post-Antifoam Addition,root,Post-Antifoam Addition/frame_0001.jpg,0029c5ba5e54a5ce832cae5571449db7c42e92000a4c78106fb9430f7eed8b9d,224,224,1.0,3162.695,143.654,,
Post-Antifoam Addition,root,Post-Antifoam Addition/frame_0002.jpg,196930a840e198e2675fa8ffac121ecc065e9e42db761f519cec3fda74bfab14,224,224,1.0,3291.204,143.238,,
Post-Antifoam Addition,root,Post-Antifoam Addition/frame_0003.jpg,a1c5e104deea58c6e4fc3af1c5f29b9d827256c1c288fa047793d893a6403739,224,224,1.0,3140.905,142.767,,
Post-Antifoam Addition,root,Post-Antifoam Addition/frame_0004.jpg,d0329da1b07f559c87c53c65435e19ccbcdd38c3e827852ce3af949b12208c29,224,224,1.0,3277.946,142.262,,
Post-Antifoam Addition,root,Post-Antifoam Addition/frame_0005.jpg,d291e9fa9790d686175058212f04afac8e34fe2b60077532bd96e83cf2c940b4,224,224,1.0,3251.401,141.31,,
Post-Antifoam Addition,root,Post-Antifoam Addition/frame_0006.jpg,23327aad36e6e2820e034d08dabbd61e6f0a6eda4cd5fbe7634d80ff6c66d86b,224,224,1.0,3164.523,141.342,,
Post-Antifoam Addition,root,Post-Antifoam Addition/frame_0007.jpg,4b81e428f2d7c31601f14d95d5619fa00fd2db7181ba0d13106122a61c8f9406,224,224,1.0,3085.831,141.052,,
Post-Antifoam Addition,root,Post-Antifoam Addition/frame_0008.jpg,ce7974cc299b30057f0c106faa045266e257e5e7547d51be171ead1bd5f96e83,224,224,1.0,3132.928,141.003,,
Post-Antifoam Addition,root,Post-Antifoam Addition/frame_0009.jpg,79b8360000d66fe1ccb8126df893e1f3ca72f3cf655f7603351aa7f43e2be401,224,224,1.0,3052.861,141.005,,
Post-Antifoam Addition,root,Post-Antifoam Addition/frame_0010.jpg,9abe651b9ecf69b51348a817916260a594ca581dd8b313b01c77690960ce0cee,224,224,1.0,2895.126,139.93,,
Post-Antifoam Addition,root,Post-Antifoam Addition/frame_0011.jpg,3184fe6207d2fd7ba92b41469b5aac33ed95e76d014069aab19c4f09a52c093f,224,224,1.0,2920.767,139.841,,
Post-Antifoam Addition,root,Post-Antifoam Addition/frame_0012.jpg,b99e5191f333dd21561c8c72f9018816ed2dc59de7faba1bb170e7ff0dca4a0b,224,224,1.0,2890.954,139.91,,
Post-Antifoam Addition,root,Post-Antifoam Addition/frame_0013.jpg,5f3803557d4271635893ea2b0d04a67b28ad814b4857ed3587145ba1835ceaf5,224,224,1.0,2908.641,141.254,,
Post-Antifoam Addition,root,Post-Antifoam Addition/frame_0014.jpg,ed5ac69e7200c185d454aec80aeae6c5400345b27a91c505ca13db636749a383,224,224,1.0,3134.391,143.095,,
Post-Antifoam Addition,root,Post-Antifoam Addition/frame_0015.jpg,6e5ca9680fa0880fd9ba063dcd7833ade115b55fbd683d990a0521a79b48ebc7,224,224,1.0,2685.91,143.475,,
Post-Antifoam Addition,root,Post-Antifoam Addition/frame_0016.jpg,931d4aeec7b5d900ce462b2400efb49ef6d5d344d6e6252b48e8b3624710020d,224,224,1.0,2715.692,142.135,,
Post-Antifoam Addition,root,Post-Antifoam Addition/frame_0017.jpg,3205d09daead4e377c517011b6ef5b739b22b42eb660d1c2403b967267251798,224,224,1.0,2487.395,140.499,,
Post-Antifoam Addition,root,Post-Antifoam Addition/frame_0018.jpg,2f948a714abe74276b2c2e9b1ad5cd7d0d483940ff6350d8c94fcd11b8ef42a2,224,224,1.0,2731.494,140.165,,
Post-Antifoam Addition,root,Post-Antifoam Addition/frame_0019.jpg,94b309e2014d8963efb12d96407ed02cecf6d2409d239433490976c5125ff12e,224,224,1.0,2614.51,141.601,,
Post-Antifoam Addition,root,Post-Antifoam Addition/frame_0020.jpg,e4c0bb7c42872848030012cdebfcc981b54ef74234215d3f1d97f4f7b3e003dd,224,224,1.0,2721.927,143.451,,
Post-Antifoam Addition,root,Post-Antifoam Addition/frame_0021.jpg,9208896e9a22373be1ab5350c8de654e32b47f32b0a9a0f745184e7efa7002af,224,224,1.0,2169.446,145.545,,
Post-Antifoam Addition,root,Post-Antifoam Addition/frame_0022.jpg,c7abcf97e8c7319fc2686ee8f9e3889d8120d0b72f3b8a5d21468662811ee61f,224,224,1.0,2220.343,146.586,,
Post-Antifoam Addition,root,Post-Antifoam Addition/frame_0023.jpg,df26223a41e32b281894cc0a87a021cba97534e04f1ebab4a4c0cbd386c4de64,224,224,1.0,2405.336,145.504,,
Post-Antifoam Addition,root,Post-Antifoam Addition/frame_0024.jpg,7e972ee19c4c7a1e939eb83432de1b9c2f2b5f60605b33101eefe8553e3a882c,224,224,1.0,2761.853,144.209,,
Post-Antifoam Addition,root,Post-Antifoam Addition/frame_0025.jpg,6dd42025c4dedf5c260aba9af81995509faa1c325ee2cad2888e6975ae349bb2,224,224,1.0,2757.951,142.537,,
Post-Antifoam Addition,root,Post-Antifoam Addition/frame_0026.jpg,87fa5843b23f5ace60aa4c4b69b6d9e9a7a33206b040d847a3adc07834659bd9,224,224,1.0,2683.536,141.219,,
Post-Antifoam Addition,root,Post-Antifoam Addition/frame_0027.jpg,afc510180e1b4e40870180f3edd2abc85fa5a54722ec8669aa8af09fbfce1835,224,224,1.0,2280.228,141.179,,
Post-Antifoam Addition,root,Post-Antifoam Addition/frame_0028.jpg,5cfc2db464518530c235f2eeaf848c6d831c8c067d4caa09a93e3e86159dbb37,224,224,1.0,2032.259,142.741,,
Post-Antifoam Addition,root,Post-Antifoam Addition/frame_0029.jpg,06c9dcb0386a3d754c981269676cd77b0b13f680bdc48258fb007308cbfa8f61,224,224,1.0,2200.096,143.811,,
Post-Antifoam Addition,root,Post-Antifoam Addition/frame_0030.jpg,dc18f7ff77009d28ee365b4a63c92c25f7b64f440662e36e6e9b0216d56955e4,224,224,1.0,2109.278,145.922,,
Post-Antifoam Addition,root,Post-Antifoam Addition/frame_0031.jpg,c15ffa4e130f6f0bc1c0e97914e60c2f1c0744b3b1ae0fbe119a5aaf20a2abd5,224,224,1.0,1898.004,148.422,,
Post-Antifoam Addition,root,Post-Antifoam Addition/frame_0032.jpg,9165ebd8276aa350650eeea36a8ab00a60eea0f82848f1d4fc96a912869d9a18,224,224,1.0,2131.877,148.635,,
Post-Antifoam Addition,root,Post-Antifoam Addition/frame_0033.jpg,b032dc524bf4e0ed5a5401feadd182e20a362f249fb060aadb2567ba084cb4cc,224,224,1.0,2212.652,147.088,,
Post-Antifoam Addition,root,Post-Antifoam Addition/frame_0034.jpg,3d5c2f16a9599ef4df9612d41ac11e694dbeedaecda441a72c54ce86e3444e97,224,224,1.0,2029.643,145.498,,
Post-Antifoam Addition,root,Post-Antifoam Addition/frame_0035.jpg,4f547fdc1437b7658724f01bc804c67fd1b4e3cded005883086eaf41928c636d,224,224,1.0,2096.32,144.431,,
Post-Antifoam Addition,root,Post-Antifoam Addition/frame_0036.jpg,cdea444d15703d401804d2f95dc057ea6e26e28bb86a009d20fc5d049627769a,224,224,1.0,2485.257,143.474,,
Post-Antifoam Addition,root,Post-Antifoam Addition/frame_0037.jpg,3a067b2ca9cb3878c13d0c766009c7ae8e6fa51f13ad75affb4277df5f755a0d,224,224,1.0,2419.427,144.337,,
Post-Antifoam Addition,root,Post-Antifoam Addition/frame_0038.jpg,c76e0f7a5f62a801663c922ab64b3ef22290f0418e81707a7ec0ca536a7431ce,224,224,1.0,2477.767,146.01,,
Post-Antifoam Addition,root,Post-Antifoam Addition/frame_0039.jpg,6146a549e4bc2cd4eb1ee05edcf4d03e65c0453876e6322a310818904c43a945,224,224,1.0,2543.517,146.303,,
Post-Antifoam Addition,root,Post-Antifoam Addition/frame_0040.jpg,636727d71a17672bd1086fce488a1e1db4346fcb7cd7efe26d16f67e2f489f02,224,224,1.0,2133.231,147.564,,
Post-Antifoam Addition,root,Post-Antifoam Addition/frame_0041.jpg,7fece50991d11ec284ed15a3ea2f17eb3d44323130a05ecd6eb4e0a69929e272,224,224,1.0,2108.999,148.369,,
Post-Antifoam Addition,root,Post-Antifoam Addition/frame_0042.jpg,215f67c07fedd66b775969421726061fdab03cfe8f8d900f455282279884ad7d,224,224,1.0,2203.763,148.765,,
Post-Antifoam Addition,root,Post-Antifoam Addition/frame_0043.jpg,90ac640d9479dda779dc10f013b84ec33b066c190a0daff19229eb9489305b69,224,224,1.0,1820.297,148.399,,
Post-Antifoam Addition,root,Post-Antifoam Addition/frame_0044.jpg,509de2f5cb68ad45347969d198870fda8968ff2314e43db8fae1c8abee95ff94,224,224,1.0,2119.255,147.127,,
Post-Antifoam Addition,root,Post-Antifoam Addition/frame_0045.jpg,7f5af067fa913e5cc30281f1cc924fd726fadd93af2f35e01f42667dc8cd2ad8,224,224,1.0,2227.132,147.723,,
Post-Antifoam Addition,root,Post-Antifoam Addition/frame_0046.jpg,ad0fbb7d80d6cf329efef313d72973b918a1df8635a090fac803210bf7c932c2,224,224,1.0,2099.88,148.92,,
Post-Antifoam Addition,root,Post-Antifoam Addition/frame_0047.jpg,9ef565caeecd3d49f5d676446944aa20e03287a36670dd4e706769ffc9cc5f97,224,224,1.0,1890.951,150.166,,
Post-Antifoam Addition,root,Post-Antifoam Addition/frame_0048.jpg,8a42ffc8bf7ced29a659306cfbac2c32a3a152ee2f4421e8156bac4c97c72ce3,224,224,1.0,2066.571,150.27,,
Post-Antifoam Addition,root,Post-Antifoam Addition/frame_0049.jpg,eaba83b59038d2217edf3c01d772ddf484181839323ba8bb80fa0b94b99d431a,224,224,1.0,2261.975,149.192,,
Post-Antifoam Addition,root,Post-Antifoam Addition/frame_0050.jpg,d9fbeaa84330c026d38194f334d4e987595c31baac7f67d7774f588b73dbbf53,224,224,1.0,2366.301,147.472,,
Post-Antifoam Addition,root,Post-Antifoam Addition/frame_0051.jpg,f6e393e795f9634741146cbecd97d7f3c17139fd3a3a7e743884157fbf824b74,224,224,1.0,1979.364,148.214,,
Post-Antifoam Addition,root,Post-Antifoam Addition/frame_0052.jpg,fd2448bada176ab4bb081b086d73fbffd3238301fe198d4ee91e0360baa36a90,224,224,1.0,2031.453,148.894,,
Post-Antifoam Addition,root,Post-Antifoam Addition/frame_0053.jpg,0ce69c5b3240116db4d745415a586de270876593ad0253889179594bfce5dc5b,224,224,1.0,2258.422,148.194,,
Post-Antifoam Addition,root,Post-Antifoam Addition/frame_0054.jpg,87a6bac2c8fc43107fa7a9b42882844da86275586f3a252f6b080614edd039bf,224,224,1.0,2150.582,147.811,,
Post-Antifoam Addition,root,Post-Antifoam Addition/frame_0055.jpg,47ff4ce033e652932a8631a2350666c51211d1fff3f7bac88237b4fd299591dd,224,224,1.0,2335.029,147.951,,
Post-Antifoam Addition,root,Post-Antifoam Addition/frame_0056.jpg,4dbba7da6b0afa9e6cba697d110385412ee3b192691236ccca0c6d007abbfca2,224,224,1.0,2375.204,149.201,,
Post-Antifoam Addition,root,Post-Antifoam Addition/frame_0057.jpg,9e3cfe5ad4d83dd086e3ab63cf6a9f01248db72ee682d62234f55db77737d57c,224,224,1.0,2294.69,152.331,,
Post-Antifoam Addition,root,Post-Antifoam Addition/frame_0058.jpg,1be9a7018e8f0c00ce99df2953c29a3ac75d213f71b4246501bde385bf4e2f2e,224,224,1.0,2126.084,153.573,,
Post-Antifoam Addition,root,Post-Antifoam Addition/frame_0059.jpg,f743c23fc437af0f41e86f7f955b7b00eaab649f4d1b5e8af12bdbfc671d57bc,224,224,1.0,1877.532,154.941,,
Post-Antifoam Addition,root,Post-Antifoam Addition/frame_0060.jpg,090b0c498f6d70e06c8f029f148e186e1d51f9a0e5fa7dcbfdc3981c4e600c71,224,224,1.0,1926.63,154.579,,
Post-Antifoam Addition,root,Post-Antifoam Addition/frame_0061.jpg,9774338bf0359d60fe3527cb77949a6aeb3a723846cb1c066dfbc95b6d010916,224,224,1.0,2121.689,154.218,,
Post-Antifoam Addition,root,Post-Antifoam Addition/frame_0062.jpg,9cf9d8b5be0111e6977fb3cb6c187b056a9fb5bfc7b3a8337e6df6fd4d32ca69,224,224,1.0,2067.306,154.368,,
Post-Antifoam Addition,root,Post-Antifoam Addition/frame_0063.jpg,310165ce78dd3776a9e971745577c5e899101ec685e644ec9f2e3ac96cbe5a7a,224,224,1.0,1783.511,154.738,,
Post-Antifoam Addition,root,Post-Antifoam Addition/frame_0064.jpg,d34d2cab034c7cae1f23a329127d28d91690a87f824fc5711d244cb1e2c551ef,224,224,1.0,1561.503,156.89,,
Post-Antifoam Addition,root,Post-Antifoam Addition/frame_0065.jpg,1dbf7b67ff8eaca9a56790cacd29f0f39110cbf412c26bb7dab6f51bf3e49f4a,224,224,1.0,1832.543,157.642,,
Post-Antifoam Addition,root,Post-Antifoam Addition/frame_0066.jpg,1fa6526d59020c86798380ec921452488867f39d63b60e699bd7361a4f88e196,224,224,1.0,1935.004,157.116,,
Post-Antifoam Addition,root,Post-Antifoam Addition/frame_0067.jpg,12e8afee61cdeb941db9362db9f59e46981d8e51b60f4c4bfdd485cfdadebc75,224,224,1.0,1781.737,156.851,,
Post-Antifoam Addition,root,Post-Antifoam Addition/frame_0068.jpg,a400350eed272da5f893206c42ac7a344c670b2d1f6c803eba319a6039871ca5,224,224,1.0,1965.701,156.267,,
Post-Antifoam Addition,root,Post-Antifoam Addition/frame_0069.jpg,6c9e1b7fdffbdc484029ee634757defb4f0fa8ba86657103a43a826e7e338c3f,224,224,1.0,1925.083,155.108,,
Post-Antifoam Addition,root,Post-Antifoam Addition/frame_0070.jpg,ca9869742e8b868f21eb415a3463109b8d4e1c09b2ad195a69255f3d0fd07315,224,224,1.0,2050.754,151.461,,
Post-Antifoam Addition,root,Post-Antifoam Addition/frame_0071.jpg,979cccfe534687024c08d9a2bf5c1aad8d08cf2b2e746a366110fc488cc420df,224,224,1.0,2176.304,148.239,,
Post-Antifoam Addition,root,Post-Antifoam Addition/frame_0072.jpg,9aa8fe731d9be6076cb0e64a1ec9df7c261b3e9a4d6a67da41375f4c52462828,224,224,1.0,2113.102,143.657,,
Post-Antifoam Addition,root,Post-Antifoam Addition/frame_0073.jpg,e3b8841fcd27369c0bd9effbccea7179d6d15d61f964630ed4f2ca52e49fb6d6,224,224,1.0,2192.908,138.435,,
Post-Antifoam Addition,root,Post-Antifoam Addition/frame_0074.jpg,34522d49569b37df8392a57c1b6ec820ab0e8e2b9799414359dd8a4cd70822df,224,224,1.0,1818.867,138.8,,
Post-Antifoam Addition,root,Post-Antifoam Addition/frame_0075.jpg,a020f0c135ddfaf0060e40d3a8f761479d7c6bd3302247f86bbb58327d8871f8,224,224,1.0,1961.693,142.213,,
Post-Antifoam Addition,root,Post-Antifoam Addition/frame_0076.jpg,7c49b35bd78d5b192d4597af53b01c9446b084b3b562d197bee30d2498267afc,224,224,1.0,1798.74,143.708,,
Post-Antifoam Addition,root,Post-Antifoam Addition/frame_0077.jpg,11aa535d92e58af977a832bf0638e14ecf730ab331eeed66c9a23dca6b6784e4,224,224,1.0,1855.064,143.2,,
Post-Antifoam Addition,root,Post-Antifoam Addition/frame_0078.jpg,4755eed2a25146bda098e5ddce7f07c8fdd01cd2cecfba6d40ff19bc51a04b87,224,224,1.0,2022.381,142.422,,
Post-Antifoam Addition,root,Post-Antifoam Addition/frame_0079.jpg,86ca0be7e02c9b6a9b015f2153dadb544a8520ed10ba30c5fc05a227eef0cff0,224,224,1.0,2031.808,141.604,,
Post-Antifoam Addition,root,Post-Antifoam Addition/frame_0080.jpg,4aee87000b8707935d006a0669859a2387970c5ce6163d75092a9614bcd8a814,224,224,1.0,2208.659,141.222,,
Post-Antifoam Addition,root,Post-Antifoam Addition/frame_0081.jpg,213fd2402aad5a2a54a78cec95babafa600105d4b9e19d38302afdf22a7462f1,224,224,1.0,1979.588,145.388,,
Post-Antifoam Addition,root,Post-Antifoam Addition/frame_0082.jpg,e574d03f729edb8d309d383c40ef4086410f7265b4e5bf0aaa7bfed16a7fc940,224,224,1.0,1971.255,148.483,,
Post-Antifoam Addition,root,Post-Antifoam Addition/frame_0083.jpg,cc022380c2baa2a91f68a4a3fdb6be4447c5a1e2edd74c85eaf90acb86a99bab,224,224,1.0,1564.209,149.184,,
Post-Antifoam Addition,root,Post-Antifoam Addition/frame_0084.jpg,c2bde1fc83bbf58420aee9dbe5f1a21ffee23c8121e18c9ef0d66975255e2cfd,224,224,1.0,1928.047,146.424,,
Post-Antifoam Addition,root,Post-Antifoam Addition/frame_0085.jpg,e3724ff55c52404be7464d87a11810b7c9b69f6430174ab94a7596158385747f,224,224,1.0,2014.645,146.251,,
Post-Antifoam Addition,root,Post-Antifoam Addition/frame_0086.jpg,e00cfdb3d89f37f60adeeaa387401f8aa4708ab6d9a2f797b120849ba4300a80,224,224,1.0,1905.973,144.751,,
Post-Antifoam Addition,root,Post-Antifoam Addition/frame_0087.jpg,ea5c87f08de0192136df37a3edb0ad58bd54bb1cb9d33ccaf72dd971f757289f,224,224,1.0,1829.249,142.343,,
Post-Antifoam Addition,root,Post-Antifoam Addition/frame_0088.jpg,b9b21eb2b7ef88d0094ec52720b2435a3bcb1f1e2e40e5e6e8c27248e96fe78c,224,224,1.0,1826.746,141.868,,
Post-Antifoam Addition,root,Post-Antifoam Addition/frame_0089.jpg,7ccc7240df5bd1fb4552c9ef9cc0b2a1ddfff92bdac1b69bab62267826605e33,224,224,1.0,1627.473,140.478,,
Post-Antifoam Addition,root,Post-Antifoam Addition/frame_0090.jpg,06c1df152087228f1e063a6873b3ae1889356e45246bffc7fcefe097982c69b1,224,224,1.0,1714.426,139.196,,
Post-Antifoam Addition,root,Post-Antifoam Addition/frame_0091.jpg,dbf786a3a1bcade97a43697efb6180ba5dd851ef3da2185a249cf50311777d06,224,224,1.0,1749.837,138.005,,
Post-Antifoam Addition,root,Post-Antifoam Addition/frame_0092.jpg,ede27a47037a2a9be45f4ae72fb4b5eadf5d84e2f711ce308b43bcd26079281f,224,224,1.0,1719.117,138.654,,
Post-Antifoam Addition,root,Post-Antifoam Addition/frame_0093.jpg,1967ab14ec7bf60ecaaf262badf8c8f3de183a9b807f3c61f1f35a55253c2d1c,224,224,1.0,1606.939,138.818,,
Post-Antifoam Addition,root,Post-Antifoam Addition/frame_0094.jpg,2d963ea87a203de7c719a8442bb39b07368e4d1f7756c1b6523e5598be3b62b1,224,224,1.0,1526.066,138.316,,
Post-Antifoam Addition,root,Post-Antifoam Addition/frame_0095.jpg,33275691723dccaa58e013e8743c6fbf406e5903623741e2e4cfbea53316b017,224,224,1.0,1864.871,136.504,,
Post-Antifoam Addition,root,Post-Antifoam Addition/frame_0096.jpg,6907f05a325b25eb273a47c013410452c5fb5320db2cfa1659322c1131e92f72,224,224,1.0,1921.139,136.422,,
Post-Antifoam Addition,root,Post-Antifoam Addition/frame_0097.jpg,ce5d0941b5cc12fb8644849bf2935073d7eba0d051306be9ce2f2aad16994097,224,224,1.0,1990.672,135.82,,
Post-Antifoam Addition,root,Post-Antifoam Addition/frame_0098.jpg,be132063201ca1457c03595e98ab925d22d7fd5ba77a0e2ea147a0631d5d5bd2,224,224,1.0,2033.057,135.283,,
Post-Antifoam Addition,root,Post-Antifoam Addition/frame_0099.jpg,f7a397e7fcd8d66f15038c15f7080494d2b73d546cc3416093d277906bd77bcc,224,224,1.0,1981.917,135.806,,
Post-Antifoam Addition,root,Post-Antifoam Addition/frame_0100.jpg,b5c036ccec45b04c0cc6eaac95723ab7b97a51c54e0b32c143551296eee7ddf8,224,224,1.0,2094.485,136.457,,
Post-Antifoam Addition,root,Post-Antifoam Addition/frame_0101.jpg,c91d3b8d65a253924a38aed7f707e92b030cdd9107939e6979674e5de9e94812,224,224,1.0,2017.372,137.158,,
Post-Antifoam Addition,root,Post-Antifoam Addition/frame_0102.jpg,41928ff0355c6a151e880fb153383905562fbe2dca7f978cb16ae5e284defc6c,224,224,1.0,2085.778,137.759,,
Post-Antifoam Addition,root,Post-Antifoam Addition/frame_0103.jpg,4a2e1d740a559d69b41ecf1b21e9be228ff9a63e37aa31a229bfecd28c6b166d,224,224,1.0,2080.828,138.15,,
Post-Antifoam Addition,root,Post-Antifoam Addition/frame_0104.jpg,c276a1b8b1436ab1fbe868a9cdb01792ac4bd524d8caf1754021691943e4e5de,224,224,1.0,2019.284,138.74,,
Foam-Medium,root,Foam-Medium/IMG_5488.png,aadbacee4ce785d0ddd807857229aef257c4b851790eec974941d8b13cd71342,3024,4032,0.75,127.94,117.867,,
Foam-Medium,root,Foam-Medium/IMG_5490.png,2941e2c0fbc606a889a3be40d58d2ae924cec6af1110103a98883c10a7d20c33,3024,4032,0.75,170.591,120.221,,
Foam-Medium,root,Foam-Medium/IMG_5491.png,9319f13a4419ebd82e48bf10d5e41fa3a73ed9a8aef3dc0f95632f3349cf0a4e,3024,4032,0.75,134.069,119.254,,
Foam-Medium,root,Foam-Medium/IMG_5492.png,625214d43a26261a62d05aeeb45d935f72352ddf3ccf8c02fae9bf859ae8781a,3024,4032,0.75,107.02,118.554,,
Foam-Medium,root,Foam-Medium/IMG_5493.png,a5bacd3b08033e05a77987e35a862c3d90854c4e0a0101524dc5889bd373b256,3024,4032,0.75,61.1,116.155,,
Foam-Medium,root,Foam-Medium/WIN_20260707_13_26_30_Pro.jpg,cf56efd41005a998cf4c6f1ae35b7949dacf45b6c6837e42c94f105d904f0575,1920,1080,1.7778,827.504,109.672,,
Foam-Medium,root,Foam-Medium/WIN_20260707_13_26_31_Pro (2).jpg,467a1c9a8d567ad73d4e4216c80ca965214052edcf95e7b59b7e601603c3cee0,1920,1080,1.7778,827.377,108.358,,
Foam-Medium,root,Foam-Medium/WIN_20260707_13_26_31_Pro.jpg,6771bf0e2d3b75e404a07e23a398f75895fb06373552e28ea5bf628a3edcf4c7,1920,1080,1.7778,828.018,108.139,,
Foam-Medium,root,Foam-Medium/WIN_20260707_13_26_37_Pro.jpg,25b1a4073ede18c33c8e0dc1ae6e36dfb0e24ba1b7dea4b07a31506aebc2a36c,1920,1080,1.7778,213.795,110.252,,
Foam-Medium,root,Foam-Medium/WIN_20260707_13_26_52_Pro.jpg,2b871ecc5791eed85eb3a5f6389987c683c4530393b8fb95252f168c5625f17b,1920,1080,1.7778,741.561,101.795,,
Foam-Medium,root,Foam-Medium/WIN_20260707_13_26_56_Pro.jpg,52e006befab15a31fe0b051115493564c950f731d836c73484d90ac7ce912c0b,1920,1080,1.7778,526.869,108.614,,
Foam-Medium,root,Foam-Medium/WIN_20260707_13_26_57_Pro (2).jpg,8d461e2aa9b03cdabffd93ea4af4158bf016de16246a8659ee5781d366b2937e,1920,1080,1.7778,513.779,110.275,,
Foam-Medium,root,Foam-Medium/WIN_20260707_13_26_57_Pro.jpg,78c3d566d1e27058da9bfae511efa6b017093c4f3adc2a0220b13a3208a6ffa1,1920,1080,1.7778,654.51,109.184,,
Foam-Medium,root,Foam-Medium/WIN_20260707_13_27_55_Pro.jpg,b45fdac5315ad415c4269fd1f894948fcbce99659d8b3cf23ce22cb0f2a2ec3b,1920,1080,1.7778,716.687,97.885,,
Foam-Medium,root,Foam-Medium/WIN_20260707_13_28_02_Pro.jpg,5ae3f6016aaedf9556eac2c469e0d1cdbd47f7787b2fb3690227d89b0552970a,1920,1080,1.7778,500.404,99.898,,
Foam-Medium,root,Foam-Medium/WIN_20260707_13_28_03_Pro.jpg,eb9dd27b00602b5f708ef9ee5184571b3d815126774a57d37754d6a24713c5f9,1920,1080,1.7778,495.933,100.224,,
Foam-Medium,root,Foam-Medium/WIN_20260707_13_28_04_Pro.jpg,9e7a9fca67a1fac7a177d44018adf11e306e338b06eb6498b4801aa91e864487,1920,1080,1.7778,486.483,100.826,,
Foam-Medium,root,Foam-Medium/WIN_20260707_13_28_29_Pro.jpg,da751ed256c5b296a21c1eb13c38e9f756e1a12cc5d75584ffc98b06a647036e,1920,1080,1.7778,448.468,104.521,,
Foam-Medium,root,Foam-Medium/WIN_20260707_13_29_40_Pro.jpg,09ffdcaabf03d5a90bcad2c3ef437d708e303c26e3b2772df82de03799a6f65f,1920,1080,1.7778,572.562,110.182,,
Foam-Medium,root,Foam-Medium/WIN_20260707_13_29_43_Pro.jpg,e635e93af20fb8bacef27f6e1d3ca60becaa7f125378ee8dea20bf4ea5621df7,1920,1080,1.7778,313.163,109.825,,
Foam-Medium,root,Foam-Medium/WIN_20260707_13_29_45_Pro.jpg,01066820a2f03611fb1feb8eb1151eb03d56fca49eaa747658a6a35300253b37,1920,1080,1.7778,573.393,111.159,,
Foam-Medium,root,Foam-Medium/WIN_20260707_13_31_08_Pro.jpg,1a9635f16bcf58228c281a51b0c03e41429491103cea0a46d1b621ae53c04319,1920,1080,1.7778,774.517,112.295,,
Foam-Medium,root,Foam-Medium/WIN_20260707_13_31_09_Pro.jpg,2783d6305840b7c1e47df4c3be5acb7d36d7123caec5f15b322f8cd9474d4538,1920,1080,1.7778,244.236,119.37,,
Foam-Medium,root,Foam-Medium/WIN_20260707_13_31_11_Pro.jpg,0e2c7606bc848a86cbbecd372deb397adf04a9d444cb1d145a0fee2de9a716bf,1920,1080,1.7778,324.824,120.262,,
Foam-Medium,root,Foam-Medium/WIN_20260707_13_31_12_Pro.jpg,ceedd184b8a9931c151de2b0ca0a129bf39ce1b19ee0bb6031f728d3ad81a95c,1920,1080,1.7778,687.627,113.887,,
Foam-Medium,root,Foam-Medium/WIN_20260707_13_31_57_Pro.jpg,5217684297c9ba22e6383b5338801e62ca72a41ee8965ef95eb1e8a1f0500d85,1920,1080,1.7778,114.086,107.022,,
Foam-Medium,root,Foam-Medium/WIN_20260707_13_31_59_Pro.jpg,1c8152f82b6863714461b75727a5f4d5acc0a4adeb0764cce4af44be8ac33394,1920,1080,1.7778,428.498,115.567,,
Foam-Medium,root,Foam-Medium/WIN_20260707_13_32_01_Pro.jpg,4bce07e0f48e01d58d23e1902f532465f58d0b8e41ceef1349cf8201ae7b58a2,1920,1080,1.7778,210.983,114.476,,
Foam-Medium,root,Foam-Medium/WIN_20260707_13_32_02_Pro.jpg,d859a9f3ea2d2259689d46b25fe82b5bf4fdeff3f3cdfba04e2a453acf9a035a,1920,1080,1.7778,439.138,114.274,,
Foam-Medium,root,Foam-Medium/WIN_20260707_13_32_04_Pro.jpg,48ffd1212fad494301d296375554e35e63bd2b5f9198a528c11649830e08148a,1920,1080,1.7778,325.91,115.793,,
Foam-Medium,root,Foam-Medium/WIN_20260707_13_32_06_Pro.jpg,56591af3dc315e7a82bf25a63a1f6e0e2c73ff266157dc0b5a1901d884ba4f57,1920,1080,1.7778,221.776,122.014,,
Foam-Medium,root,Foam-Medium/WIN_20260707_13_32_54_Pro.jpg,9d912ec7fdbde39d9d1a92a052816c502a17eb53b0fad9de98172efe8c3f222b,1920,1080,1.7778,154.897,111.391,,
Foam-Medium,root,Foam-Medium/WIN_20260707_13_32_56_Pro.jpg,d3bb5601834d2e8bc8dc509cc465e164028c87c4abf52c76b2315bf149069d19,1920,1080,1.7778,273.736,114.288,,
Foam-Medium,root,Foam-Medium/WIN_20260707_13_32_57_Pro.jpg,77d6123dae03c355b1af7b31027eb6c853011b1af6af7bc98d95fcc60e57fc76,1920,1080,1.7778,365.349,115.652,,
Foam-Medium,root,Foam-Medium/WIN_20260707_13_32_59_Pro.jpg,55462ab327f0f69ec800f47477f3884033e84be9234fe7944b97fcb025310d23,1920,1080,1.7778,490.799,115.231,,
Foam-Medium,root,Foam-Medium/WIN_20260707_13_33_00_Pro.jpg,625c603f4491699711b6b6895e584da42d91479c8acb3a7d4291ab4335eafe49,1920,1080,1.7778,333.078,106.29,,
Foam-Medium,root,Foam-Medium/WIN_20260707_13_33_01_Pro.jpg,b67d57da54c1a26ec4e3b8e6c6811a1dd5b82191cd7307e6595903b27836aa00,1920,1080,1.7778,532.581,104.902,,
Foam-Medium,root,Foam-Medium/WIN_20260707_13_33_02_Pro.jpg,c8867f9558cd2d132b162d1cc1a106d5fa9c29ade34cb3f77a61675d9d14875a,1920,1080,1.7778,581.077,104.131,,
Foam-Medium,root,Foam-Medium/WIN_20260707_13_33_04_Pro.jpg,eb82f925ed9346c961d4d7c85e37672971fc12d312a0dc6d919828f4acdbf3b1,1920,1080,1.7778,531.941,103.236,,
Foam-Medium,root,Foam-Medium/WIN_20260707_13_33_05_Pro.jpg,fcd787433aca1a086e8d410c0425589d2a21c3bb49cf3448f2210477e61a98c7,1920,1080,1.7778,538.308,102.113,,
Foam-Medium,root,Foam-Medium/WIN_20260707_13_33_07_Pro.jpg,bc82d995a7cdb8b8b91750dca71c71615006a092634b2cbd593c060b494f4871,1920,1080,1.7778,506.684,101.149,,
Foam-Medium,root,Foam-Medium/WIN_20260707_13_33_09_Pro.jpg,d19d9ca955114fc9540cc5e39fc809dc3361d4455dd1c85c08de5a0565d04eae,1920,1080,1.7778,134.926,114.503,,
Foam-Medium,root,Foam-Medium/WIN_20260707_13_33_10_Pro.jpg,b5fe295b737e1fe6e170d1734a5fcfc8a49cef828f2f442e489467afb29864b5,1920,1080,1.7778,57.826,115.81,,
Foam-Medium,root,Foam-Medium/WIN_20260707_13_33_14_Pro.jpg,1b1e0782b3100786eeaff7b15dae188eb8a8e318864ef753027959c911cec1d9,1920,1080,1.7778,282.305,114.719,,
Foam-Medium,root,Foam-Medium/WIN_20260707_13_33_15_Pro.jpg,03b2c6a4f1cb417fb040a5212226063e11712ee39f2582c8e82cb132df0178bc,1920,1080,1.7778,226.093,114.679,,
Foam-Medium,root,Foam-Medium/WIN_20260707_13_33_17_Pro.jpg,74f00d6e238a636fbabe824af70694c1921dd9f8dce6e8b9b53a82595bcbe9a9,1920,1080,1.7778,371.771,104.538,,
Foam-Medium,root,Foam-Medium/WIN_20260707_13_33_20_Pro.jpg,f0cda2b4db7fe5727f66d4343c91fe952182a0f00a531023186e51e5bba01de1,1920,1080,1.7778,86.487,122.811,,
Foam-Medium,root,Foam-Medium/WIN_20260707_13_33_22_Pro.jpg,b2ed04ae6551b011962ad424717155923764f432d5c31ebc193536d685a81d7c,1920,1080,1.7778,437.923,112.391,,
Foam-Medium,root,Foam-Medium/WIN_20260707_13_34_12_Pro.jpg,5a591da178937722356422ed13b3953fb5ceab1a418f46574f1e3339f8e1eb50,1920,1080,1.7778,456.705,112.95,,
Foam-Medium,root,Foam-Medium/WIN_20260707_13_34_14_Pro.jpg,e3e2106b5c2bee96ac2fe89b6968e1b15784cad28d74880767954226081469e1,1920,1080,1.7778,293.66,105.266,,
Foam-Medium,root,Foam-Medium/WIN_20260707_13_34_22_Pro.jpg,2590ec89760a3065a181f9eb5b721152971984f3ae12f0314b6cf2371508b9e8,1920,1080,1.7778,410.359,119.794,,
Foam-Medium,root,Foam-Medium/WIN_20260707_13_34_25_Pro.jpg,e16a594e34041bcbdb9d632155e6a0a21fea0c672a7961d9eb989d1721d077a5,1920,1080,1.7778,183.956,132.843,,
Foam-Medium,root,Foam-Medium/WIN_20260707_13_34_26_Pro.jpg,6d8790bf98ee2c44e8a01883459a28c0952606002779e4ba5514ebcc6a8a9641,1920,1080,1.7778,512.618,108.915,,
Foam-Medium,root,Foam-Medium/WIN_20260707_13_34_28_Pro.jpg,7f7d81b0511a1024889a19d377939e11d62b02bc2bb2a7498a031a9ab59d4f8b,1920,1080,1.7778,155.138,110.708,,
Foam-Medium,root,Foam-Medium/WIN_20260707_13_34_29_Pro.jpg,3705fd040e55698a1f75708bdf490082cdfda848767cb771c67a644fd34eaf0f,1920,1080,1.7778,507.547,105.243,,
Foam-Medium,root,Foam-Medium/WIN_20260707_13_34_31_Pro.jpg,2fb0eb84e4789c1ebcaf4731e0c2fd266f2987d22e35b454697cb5f3b729ff7f,1920,1080,1.7778,526.547,100.707,,
Foam-Medium,root,Foam-Medium/WIN_20260707_13_34_32_Pro.jpg,ffc54cfb8ba5a244575321424271232927c3c7769e61e9828609f81f9e3b276e,1920,1080,1.7778,670.3,100.524,,
Foam-Medium,root,Foam-Medium/WIN_20260707_13_34_34_Pro.jpg,3e7fac71d4e061b4c836f85e2790c6e4accfd8f80034256a7d694cfc70f6844f,1920,1080,1.7778,678.155,100.282,,
Foam-Medium,root,Foam-Medium/WIN_20260707_13_34_35_Pro.jpg,a6f6e2b6050a3317718b1cbc6e4cf520900f048942e7d409a61c523fcae58ad5,1920,1080,1.7778,387.188,101.759,,
Foam-Medium,root,Foam-Medium/WIN_20260707_13_34_36_Pro.jpg,ce6397ab8a828b418b4f68ea69eea0f115008a9b97beb75be39bc0a80fefe14e,1920,1080,1.7778,556.437,106.715,,
Foam-Medium,root,Foam-Medium/WIN_20260707_13_34_37_Pro.jpg,9517713ca45fcb287e2f6ad72b138a3db03e0c7f381934a317144cb8267652f7,1920,1080,1.7778,584.801,104.314,,
Foam-Medium,root,Foam-Medium/WIN_20260707_13_34_38_Pro.jpg,957d188088477bf4017e0aedebe038612d64d5a2095aaf8e615b22470756bd9f,1920,1080,1.7778,236.458,101.746,,
Foam-Medium,root,Foam-Medium/WIN_20260707_13_34_40_Pro.jpg,acb4b87c1e767bf24da8690ba9471bc21b942c50f25a56c3dc661ac0219eb72f,1920,1080,1.7778,539.455,99.238,,
Foam-Medium,root,Foam-Medium/WIN_20260707_13_34_41_Pro.jpg,0c44ebbe28bd1b6431fc170e5945705baef8080a4b71024aa83b8cb83138216a,1920,1080,1.7778,542.73,97.717,,
Foam-Medium,root,Foam-Medium/WIN_20260707_13_34_43_Pro.jpg,651804aef18da26e8ec8b239a223c37c078ddd30cea057c9f2ad8b58797cefd9,1920,1080,1.7778,194.583,101.049,,
Foam-Medium,root,Foam-Medium/WIN_20260707_13_34_44_Pro.jpg,a39c7f8b6fdce8c3e0537d556ef5ca7f6db63e8c21056a5264e142c5abe802c6,1920,1080,1.7778,101.188,103.803,,
Foam-Medium,root,Foam-Medium/WIN_20260707_13_34_45_Pro.jpg,816af2f2a0ca8d27ea4e9d7271da49a244f20cf2b99b5dc5939d72234342c51c,1920,1080,1.7778,249.331,102.471,,
Foam-Medium,root,Foam-Medium/WIN_20260707_13_34_47_Pro.jpg,30cd0f4a03017c4e2b2b1f65ccd2724f79c3f6bb5f4c4001a4203633b93b4347,1920,1080,1.7778,499.801,99.067,,
Foam-Medium,root,Foam-Medium/WIN_20260707_13_34_49_Pro.jpg,7ee78d4dbe5864e89f2e28cd89258f27fb2f70cb8543d1f5c1ecfde0bdced0cd,1920,1080,1.7778,206.193,102.54,,
Foam-Medium,root,Foam-Medium/WIN_20260707_13_34_50_Pro.jpg,2448e3dad8931677e038864d2052754b1e2b9a16ebe453a61a4b937d063d2a89,1920,1080,1.7778,168.624,106.628,,
Foam-Medium,root,Foam-Medium/WIN_20260707_13_34_52_Pro.jpg,77bbbabfa9b884bcdc7c30e45502629ac7405625b3bd6eb90ddee24e63b2840c,1920,1080,1.7778,467.37,106.908,,
Foam-Medium,root,Foam-Medium/WIN_20260707_13_34_53_Pro.jpg,4ebb3a52ed2c9d05024e5bea2bcbb1351f99de43266793b1020aae325c04efaa,1920,1080,1.7778,347.114,111.273,,
Foam-Medium,root,Foam-Medium/WIN_20260707_13_34_54_Pro.jpg,4b3462a3df45b2dbf334b98771ec0716381e60ffd8c4ca351b281937a97db52f,1920,1080,1.7778,271.609,106.304,,
Foam-Medium,root,Foam-Medium/WIN_20260707_13_34_56_Pro.jpg,1b2ab57e15b8f6324f321ac514a8104bbefb71eb9e4ace431fd32dd827a33032,1920,1080,1.7778,454.013,103.68,,
Foam-Medium,root,Foam-Medium/WIN_20260707_13_34_58_Pro.jpg,c68011094593cdf6d6b7e2d32e19de6ab1eb8d257890c9ae537988963962ee00,1920,1080,1.7778,559.835,101.883,,
Foam-Medium,root,Foam-Medium/WIN_20260707_13_35_00_Pro.jpg,332bef9b6c46607531243f23be647655b00a569cfff486f8046f365b1ec29602,1920,1080,1.7778,438.488,102.141,,
Foam-Medium,root,Foam-Medium/WIN_20260707_13_35_01_Pro.jpg,7083710f1da794444fee97b9097742f1a133680602e0d0e5a23c8326dfde7e61,1920,1080,1.7778,191.327,103.752,,
Foam-Medium,root,Foam-Medium/WIN_20260707_13_35_03_Pro.jpg,f9a17bfc581de3eb400f16f2315977efe0f560a4703ed62d37757cb3ef0b8c2d,1920,1080,1.7778,349.2,107.4,,
Foam-Medium,root,Foam-Medium/WIN_20260707_13_35_05_Pro.jpg,a5d8ecc2942255ee5bd34f092be3c1af31895b916d618a4aa626f84138cc4a1d,1920,1080,1.7778,103.543,106.587,,
Foam-Medium,root,Foam-Medium/WIN_20260707_13_35_07_Pro.jpg,a16e5bafb6f71f20152c1ee9766c204a334a2bdd55a54dde2081eac69850b1df,1920,1080,1.7778,725.115,108.459,,
Foam-Medium,root,Foam-Medium/WIN_20260707_13_35_08_Pro.jpg,4f14e8a71e366c8e0b118b0dce8e7c7342a0bf4a9d76d2d2b58c657372eed40c,1920,1080,1.7778,565.277,108.882,,
Foam-Medium,root,Foam-Medium/WIN_20260707_13_35_10_Pro.jpg,60258053770fa13b06247db6efb6b72ac80c95461bb7c2fd2a789483c4459e67,1920,1080,1.7778,386.914,109.589,,
Foam-Medium,root,Foam-Medium/WIN_20260707_13_35_11_Pro.jpg,06878d492fcdd6ad4abf2e0cd027fa7021bc780f06291bd51fa29695d72eb76e,1920,1080,1.7778,553.658,107.208,,
Foam-Medium,root,Foam-Medium/WIN_20260707_13_35_13_Pro.jpg,94abfcc921eb11d79036db477af958911969a5e4b1fda8074c5a7157362b8965,1920,1080,1.7778,525.513,110.456,,
Foam-Medium,root,Foam-Medium/WIN_20260707_13_35_15_Pro.jpg,894de5ae2df2773a0f5509a96fc82c65a6b0116a7ae23b35d43b744a47331565,1920,1080,1.7778,660.763,109.875,,
Foam-Medium,root,Foam-Medium/WIN_20260707_13_35_16_Pro.jpg,13bd5ca3a2cf4def1ccf8505d4ce0911a6aa84ed4a83a152be5dce186eb73879,1920,1080,1.7778,158.918,108.048,,
Foam-Medium,root,Foam-Medium/WIN_20260707_13_35_19_Pro.jpg,15295565551f3e6240fdaf306e8213060c5d1ac10ab92daf7323e5b4d083d9b0,1920,1080,1.7778,199.763,113.597,,
Foam-Medium,root,Foam-Medium/WIN_20260707_13_35_21_Pro.jpg,f0fb64799729b7ed7d44305a44d52ee9ed65d3f2068a55213ab281fffdc6b4b3,1920,1080,1.7778,603.627,94.213,,
Foam-Medium,root,Foam-Medium/frame_0000.jpg,54541f6e7a976038b76c9651f339cce868e1ac01aa58524a6a15fe32d6be377f,224,224,1.0,4169.489,143.005,,
Foam-Medium,root,Foam-Medium/frame_0001.jpg,58da4415862386a6843a7a57fd5e1a544924d5a544900742867098de519f3e68,224,224,1.0,4205.646,142.623,,
Foam-Medium,root,Foam-Medium/frame_0002.jpg,7c21d4122a14efb4e81ceda2c946b205ad073d09184bebe722d77e6521780e6b,224,224,1.0,4177.477,142.59,,
Foam-Medium,root,Foam-Medium/frame_0003.jpg,8b3921217d30b3842509da5eef32415b3415579a868bdd70da479de115d0e854,224,224,1.0,4252.33,142.864,,
Foam-Medium,root,Foam-Medium/frame_0004.jpg,d4f7ed47e971a323ee83d726586c3aeef4c43ec93786a329a39a95a588bab626,224,224,1.0,4266.849,143.342,,
Foam-Medium,root,Foam-Medium/frame_0005.jpg,8554612a9fae6495596cca1351b84ad098e3b209876638bc947f1548c88f4c0b,224,224,1.0,4381.295,144.021,,
Foam-Medium,root,Foam-Medium/frame_0006.jpg,9e3a21edf5142e7c707c0c1836d0fd95036dd78818ade719749694c56970e386,224,224,1.0,4463.025,143.451,,
Foam-Medium,root,Foam-Medium/frame_0007.jpg,5ca03b31e62c095ba1ea4b6fc3086ef812a589f17e2b92135ff4081ee8385952,224,224,1.0,4448.396,143.056,,
Foam-Medium,root,Foam-Medium/frame_0008.jpg,1365d4051e301c55f55187f84f19de0eaddd4933ad88ba0e2f2d694334e79f0c,224,224,1.0,4565.95,142.974,,
Foam-Medium,root,Foam-Medium/frame_0009.jpg,4b75e3d3cfb195ac7fa6229db471e6465d3647f299c104e73ed27ef12682d064,224,224,1.0,4078.151,143.031,,
Foam-Medium,root,Foam-Medium/frame_0010.jpg,11d378af1e0571e6865d8d33fc968309f9c42faffc37b7e0687cc4152c08858d,224,224,1.0,4182.644,141.785,,
Foam-Medium,root,Foam-Medium/frame_0011.jpg,2fa2a137e88c00b0e0125e2992533914fddf62b56424b22cb2c95511490ca683,224,224,1.0,4177.513,139.521,,
Foam-Medium,root,Foam-Medium/frame_0012.jpg,ef4ff4c6cf23a8797c0c4c29417cc09de3b097a914ddad2776b9e6d0895e7a79,224,224,1.0,3596.155,139.137,,
Foam-Medium,root,Foam-Medium/frame_0013.jpg,67c71efd5908ef86a5a574d118c3391a41c3857e3ce859fdd1989e3dfe03be4d,224,224,1.0,4427.865,138.395,,
Foam-Medium,root,Foam-Medium/frame_0014.jpg,662e30fd51a7cdbf7661cf4b5fa51588e89246e401dd889a49a5bfcb6c8892da,224,224,1.0,4485.504,141.225,,
Foam-Medium,root,Foam-Medium/frame_0015.jpg,6ae689ffbc9cbeddf0b74d999775ec01a73d5715074e8b82a9b1d2eee919d6d9,224,224,1.0,3904.631,143.111,,
Foam-Medium,root,Foam-Medium/frame_0016.jpg,e8d147f2692da7c35466484133089e5e4939925e2d0da8dd666d0f3301e8a021,224,224,1.0,3640.377,143.154,,
Foam-Medium,root,Foam-Medium/frame_0017.jpg,b4b87d336c2fdafee4030350adcb3a3d3e6890596f5f1e4f1bec3c8b6b05853e,224,224,1.0,3643.665,139.964,,
Foam-Medium,root,Foam-Medium/frame_0018.jpg,11142632ec9deaa70726397354d6a89e241ea10e130589f9287e4063fc461908,224,224,1.0,3152.736,139.923,,
Foam-Medium,root,Foam-Medium/frame_0019.jpg,9dbc2e8105ea8ca88064c71699037080301477dc9acef89295c94ef847830be8,224,224,1.0,3568.201,139.843,,
Foam-Medium,root,Foam-Medium/frame_0020.jpg,0cb27c0df1e331de0482b8778a6d7688f35da404f352c8f114abb203f7b024b8,224,224,1.0,3114.007,141.049,,
Foam-Medium,root,Foam-Medium/frame_0021.jpg,14f2acf0762b6d69f914599b7c92c96a5501c127550479100cc4a34f26b37fe8,224,224,1.0,3683.312,140.198,,
Foam-Medium,root,Foam-Medium/frame_0022.jpg,a5c205ae551acd9bf8c19a2264bfe425cad2a9a4a60c5387e398475b7056c965,224,224,1.0,3731.525,138.022,,
Foam-Medium,root,Foam-Medium/frame_0023.jpg,f909704f1d4fca680404df917b3a1b7a8f60600bc82fd467c46bec854c338a93,224,224,1.0,3732.877,137.065,,
Foam-Medium,root,Foam-Medium/frame_0024.jpg,e28f230c64b9d5963f6b39b680a8201d807c9507d92380a7de72d5ea53e9df42,224,224,1.0,4040.718,135.89,,
Foam-Medium,root,Foam-Medium/frame_0025.jpg,130f7c02b51db6b4ead94eaf7fead2926f262c80469748feeb65586c937e1ccf,224,224,1.0,3594.912,136.042,,
Foam-Medium,root,Foam-Medium/frame_0026.jpg,6905a970cd8f0910a09a48815e2eec2cb9d7ec15c4850778709165cc08455235,224,224,1.0,2773.153,140.926,,
Foam-Medium,root,Foam-Medium/frame_0027.jpg,afc49887a76428448fb42a115e293080c556e4882d936d325d40ec79a06ed035,224,224,1.0,3095.24,144.769,,
Foam-Medium,root,Foam-Medium/frame_0028.jpg,345b258548deb0fc30bc6dce33244198275017d66dd8d6408ae7dc612e8383d3,224,224,1.0,3502.783,147.355,,
Foam-Medium,root,Foam-Medium/frame_0029.jpg,d9e4d6977d0629f1cc005ce27c432d9514889d8e23d264b65e4471b3e8fd28e0,224,224,1.0,2862.026,147.803,,
Foam-Medium,root,Foam-Medium/frame_0030.jpg,1d197f328039622a19dfc7bc422d181e0ac01326fc68b1b91a6db54db32692eb,224,224,1.0,3430.29,145.638,,
Foam-Medium,root,Foam-Medium/frame_0031.jpg,fcfac8207af28cee324a2a7404d1366b44805750ca92637d9b32605bf07d595d,224,224,1.0,3653.842,145.174,,
Foam-Medium,root,Foam-Medium/frame_0032.jpg,5a9b52b6c0a814de4c6daa159087701042cbb8dee0c76e4e4a278760768a6e2b,224,224,1.0,3865.219,144.261,,
Foam-Medium,root,Foam-Medium/frame_0033.jpg,e784f3ed73778a0042802e62a5619af8d7a9340a29bbdb8fc4894e038fbda2f5,224,224,1.0,3881.56,141.862,,
Foam-Medium,root,Foam-Medium/frame_0034.jpg,2588addcfbf177d1c9edbe62d3b3073f74347e8d90514df7a12de2cef1c09fdf,224,224,1.0,3741.618,140.365,,
Foam-Medium,root,Foam-Medium/frame_0035.jpg,5ac5c180d742437f303b512074dbb8d1863c57b8d4afb224d21a111b1dc23d7a,224,224,1.0,3987.408,139.338,,
Foam-Medium,root,Foam-Medium/frame_0036.jpg,6bd1299563bd199520b31b6797aa19de12a79394195c83f96a776a2a5ec6ae08,224,224,1.0,3777.055,138.135,,
Foam-Medium,root,Foam-Medium/frame_0037.jpg,dc1a5684feb1b6831fd00adb129934c141337ea9e71050d0ca0be784b1f03648,224,224,1.0,3750.33,137.07,,
Foam-Medium,root,Foam-Medium/frame_0038.jpg,6bbd06a74c5fa663d7635765771941316ac5350e646bf09af8a783a1b3939596,224,224,1.0,3089.578,139.178,,
Foam-Medium,root,Foam-Medium/frame_0039.jpg,1145226d368be10f14f198f4b7d755ecaf4eba83854cd93cd5424fdeb7c5fd5a,224,224,1.0,3685.014,139.631,,
Foam-Medium,root,Foam-Medium/frame_0040.jpg,8b1a2f3fd97f3495cc16982fb50b12425f7f5ebb55816094936972b4610e11b4,224,224,1.0,3780.522,139.186,,
Foam-Medium,root,Foam-Medium/frame_0041.jpg,e58eae7555a3ad74497762cc1f43d83b8694319ee8b46de3a2c1ead9f8312719,224,224,1.0,3297.759,139.182,,
Foam-Medium,root,Foam-Medium/frame_0042.jpg,d3ba479615105ec51c43a031d07ae6e30ebd8b780d56f545579eb693acc60a79,224,224,1.0,2796.081,139.877,,
Foam-Medium,root,Foam-Medium/frame_0043.jpg,ef5c869b7539c22dd9078dbf2cf12cc88553f9149f6ad3a5fa011e8756b0d023,224,224,1.0,2955.172,139.505,,
Foam-Medium,root,Foam-Medium/frame_0044.jpg,0ce443a330c00f413a5ed76c57221341cd2eef995090ea1129d938a1ac95e171,224,224,1.0,3249.154,139.09,,
Foam-Medium,root,Foam-Medium/frame_0045.jpg,ff717b820fed8bb3f81d2c9ed32949f83fe3dbfbbb0615cb2bbee34d97d68de3,224,224,1.0,3472.424,138.365,,
Foam-Medium,root,Foam-Medium/frame_0046.jpg,92192922397e165af9df564f99ee5b5c18169de13b4f5c595e30a00b1548a3c1,224,224,1.0,3549.375,138.289,,
Foam-Medium,root,Foam-Medium/frame_0047.jpg,5b46f5ca94c4ce991939047e2d7464fdaf5cc2486e49bc9f4d9a34d37334ed25,224,224,1.0,3343.534,139.306,,
Foam-Medium,root,Foam-Medium/frame_0048.jpg,d4474956b7f1f393d8a07e11afa172148601e728b8d1d322fd148a8d3b04616b,224,224,1.0,3225.717,141.269,,
Foam-Medium,root,Foam-Medium/frame_0049.jpg,06adf4d9d60476541ca0754e3bccac4ce61f5c131c3d2097adb29759f8565089,224,224,1.0,2882.678,141.447,,
Foam-Medium,root,Foam-Medium/frame_0050.jpg,abfdddd60fc60dc96040192622d9cbe2699906a47bd9dafbfd0ee3aef182fe85,224,224,1.0,3152.906,140.583,,
Foam-Medium,root,Foam-Medium/frame_0051.jpg,5d22f34144cbeb1024fca8cb90860efef4b1a9805735bbfb768e47d61fe39072,224,224,1.0,3090.683,139.84,,
Foam-Medium,root,Foam-Medium/frame_0052.jpg,5a057108e963431a94c5d7d22a35b51f2759bcceddf2bebfbc73be090b2b51a8,224,224,1.0,2835.417,138.808,,
Foam-Medium,root,Foam-Medium/frame_0053.jpg,5b1e8421f56ead482127c2013ade5d1f8c26f6b21eb5b8d615b9fa40499582e0,224,224,1.0,2757.924,138.763,,
Foam-Medium,root,Foam-Medium/frame_0054.jpg,e7807882358887bcc3aefcc0e133f3cf2bd1ca449c41cdd79edad8a86c93aded,224,224,1.0,3039.388,138.401,,
Foam-Medium,root,Foam-Medium/frame_0055.jpg,069665bed114d037126052d275ed33f2336627439cc0f069144d6f9f0eb37557,224,224,1.0,2799.892,139.186,,
Foam-Medium,root,Foam-Medium/frame_0056.jpg,0f48191b2b78677fc51fd574fede1dacd419a1c3ee0c882ec1620f2320aa4db1,224,224,1.0,3207.006,140.347,,
Foam-Medium,root,Foam-Medium/frame_0057.jpg,c40093a0baa384ae4264353b5159d0d56b58b9c3c8694e453374da7d2a0bb17f,224,224,1.0,3270.356,141.082,,
Foam-Medium,root,Foam-Medium/frame_0058.jpg,40a6a974e63b9b50a12d520afb9de5c1c6ca020bb1a811a63b0123edd64a54a1,224,224,1.0,2338.099,141.601,,
Foam-Medium,root,Foam-Medium/frame_0059.jpg,bc698b5df1741e79b07e3d72ddeb91529f6af40d105eaee208fdb80c38f6ad2d,224,224,1.0,2386.742,139.668,,
Foam-Medium,root,Foam-Medium/frame_0060.jpg,fc1fa09e22da17432a4475e956a64d5dbdaa588fad7a23c9b30aa38f6a44c585,224,224,1.0,3287.14,140.114,,
Foam-Medium,root,Foam-Medium/frame_0061.jpg,412bbcdc6de473413b4027df0b5fb2e01a827723e12ac8fe4b121de495e33d15,224,224,1.0,2678.486,144.934,,
Foam-Medium,root,Foam-Medium/frame_0062.jpg,8c02def059c8293336f9c415db7f17df6d858de9dd4bca3f2c5ed6dba3fbef7b,224,224,1.0,2706.617,146.425,,
Foam-Medium,root,Foam-Medium/frame_0063.jpg,90fa83f8b2326f3824ab8eafb5c68c4e22356de61944df1eaa42db5e3052f0f5,224,224,1.0,3002.179,145.439,,
Foam-Medium,root,Foam-Medium/frame_0064.jpg,ff8a2d1b1aa4cdc79ea991145990f4f7167a2f84eeb4dc230dd2724fbe5dfb6c,224,224,1.0,2959.911,145.208,,
Foam-Medium,root,Foam-Medium/frame_0065.jpg,9e9bf92609c95cb0322c20a4f8dacfcbace5b1eee18d25d91d0aa2e2935efdd8,224,224,1.0,2906.731,144.129,,
Foam-Medium,root,Foam-Medium/frame_0066.jpg,e284c1c8e8e987df196954c32eca2ea670b0580ef63c159fc571d6ec64e92094,224,224,1.0,2673.559,144.886,,
Foam-Medium,root,Foam-Medium/frame_0067.jpg,950804285f3cfff866b7aafa385e8276cc235d42a8e04a63c21ba1ce823090da,224,224,1.0,2603.637,145.747,,
Foam-Medium,root,Foam-Medium/frame_0068.jpg,f4a47db6e1ff5c3cc0358e758a8b29b738941a199fd093f9df4a3c338e0fcfa7,224,224,1.0,2690.107,147.802,,
Foam-Medium,root,Foam-Medium/frame_0069.jpg,af988112003066b2761d92ffe9dee27cc345c8ac0af2afe70945705245f0e029,224,224,1.0,2362.134,146.741,,
Foam-Medium,root,Foam-Medium/frame_0070.jpg,fc23e5d9f6e33bb3b2ab17fe2da6ad5ad7cd35d1b4c5533340d36fb031664cf8,224,224,1.0,2531.616,144.737,,
Foam-Medium,root,Foam-Medium/frame_0071.jpg,c8febadad08a39f02c931f4cc2dbace580cbaa5b28823cdaa6f2a81c180158b5,224,224,1.0,2312.379,142.418,,
Foam-Medium,root,Foam-Medium/frame_0072.jpg,641ae5c60d6c0ab2c8b2c3378b0aebfbc84a748f713b382a4ac63d33841bc3e8,224,224,1.0,2612.825,139.189,,
Foam-Medium,root,Foam-Medium/frame_0073.jpg,c4928e0074c35e487147cb31a13bfcacfa1454a0abcb534c136cfeae4c52b042,224,224,1.0,2450.82,136.962,,
Foam-Medium,root,Foam-Medium/frame_0074.jpg,3ddeee0c942e8be043bb8dfa15fb4900183537e946ecb899ed81893c3ffa28b1,224,224,1.0,2355.865,139.077,,
Foam-Medium,root,Foam-Medium/frame_0075.jpg,079bfd953a7058ca945791eaf6c60d9f3aa61a8458d4b66989c50156fa3463bc,224,224,1.0,2329.003,139.165,,
Foam-Medium,root,Foam-Medium/frame_0076.jpg,747da4445406ea945c35b9fe74968f5dd140de10a24eaa6d1959b56953c8b204,224,224,1.0,2250.634,135.793,,
Foam-Medium,root,Foam-Medium/frame_0077.jpg,2abc71f670b1da2dd539fbe4beeaab8fdfe55e47651d344e950118c69bc6ce1a,224,224,1.0,2411.537,133.475,,
Foam-Medium,root,Foam-Medium/frame_0078.jpg,8f0c7a1a9385622df282f91a01d04bc44f4e32ca0c505cc95bec9a2b341e8256,224,224,1.0,2132.422,136.842,,
Foam-Medium,root,Foam-Medium/frame_0079.jpg,572a36260229351beec311bc9c1a437c70513c43cf4c8512b89b4e44bb14032f,224,224,1.0,2114.634,140.366,,
Foam-Medium,root,Foam-Medium/frame_0080.jpg,db0afb99cd7d0a9ea7a813b59b365a02bf2a2e95754f106a96e8279284d7aec3,224,224,1.0,2388.833,143.657,,
Foam-Medium,root,Foam-Medium/frame_0081.jpg,438199ddfe133128191c87b752c5932858b1b61f7f61916e568a3397d285e7aa,224,224,1.0,2168.013,142.336,,
Foam-Medium,root,Foam-Medium/frame_0082.jpg,5605376184723dbe825f12424c0926e6c33c3d15a9f5b46a8113c3bdffce2ebb,224,224,1.0,2109.897,142.101,,
Foam-Medium,root,Foam-Medium/frame_0083.jpg,e992dc2f5058cd3a69af8185e7237da1f145019d936c08a35b518b0d1cdf31b7,224,224,1.0,2139.434,143.406,,
Foam-Medium,root,Foam-Medium/frame_0084.jpg,71652adc4317f1c50c342b4b7c143cafa0c588e2eb6fdc2b886c558da0146fc5,224,224,1.0,2123.892,143.45,,
Foam-Medium,root,Foam-Medium/frame_0085.jpg,7cf920edb8fa5e7c4c45629e132dcd7e11e109762bdffdaa5bd1a07c81701df7,224,224,1.0,2318.043,142.862,,
Foam-Medium,root,Foam-Medium/frame_0086.jpg,10d0ba1aadb3babfee785f230ef94e06153175424442d9f6ba8708faf1f333f0,224,224,1.0,2366.958,141.674,,
Foam-Medium,root,Foam-Medium/frame_0087.jpg,8bc3513c25c1d327987e42a319cc5a29463bb5c00732d9d0d4bffacd79bf36fa,224,224,1.0,2428.642,140.064,,
Foam-Medium,root,Foam-Medium/frame_0088.jpg,5bd2014762cb7992ddc3f1350f92c4b0083c45ba57462b8431a2ae21374f3d90,224,224,1.0,2409.623,137.337,,
Foam-Medium,root,Foam-Medium/frame_0089.jpg,baa37a20deb153c9c7fa4839142fff43727a1a849d19bd41a045107a4e0cd686,224,224,1.0,2309.938,135.518,,
Foam-Medium,root,Foam-Medium/frame_0090.jpg,6b167e912eb508317fe9467eca1ea4be5de98635a847a3afab710741d3a5908a,224,224,1.0,2337.295,134.958,,
Foam-Medium,root,Foam-Medium/frame_0091.jpg,08d7ef92d6daf57375995db3aa2f0249b5165479110f5fbd15a48a71df2a4676,224,224,1.0,2256.211,135.137,,
Foam-Medium,root,Foam-Medium/frame_0092.jpg,f35c93a9e26459d918ae88ea9d2c2909f37a63aed954a5f9ac7f2320b8cc3348,224,224,1.0,2311.77,135.154,,
Foam-Medium,root,Foam-Medium/frame_0093.jpg,375c496ea9ddc66de763d393874038d8c86c33ce41bb800bd68aba2660f50287,224,224,1.0,2255.696,134.917,,
Foam-Medium,root,Foam-Medium/frame_0094.jpg,f01f88db4febe1307a98e2a8aff75b6daec7f1166487d4cbf9b2ce4baa0305ac,224,224,1.0,2209.513,134.126,,
Foam-Medium,root,Foam-Medium/frame_0095.jpg,f0607dc8fbd8979c6bdda98149346148c57772f6891cc192d27c907420953d6a,224,224,1.0,2163.826,133.784,,
Foam-Medium,root,Foam-Medium/frame_0096.jpg,a256bb16acb8a69779c0e5b35c6526e400f66715d5ce36ab761cdea0433e8fea,224,224,1.0,2066.159,133.454,,
Foam-Medium,root,Foam-Medium/frame_0097.jpg,f50598df4b85569de0ecd9a95fbc5a40d5ac8e13dae531ede7be1a5799da2866,224,224,1.0,1979.073,133.351,,
No Foam,root,No Foam/IMG_5460.png,1bba770a2b0f2725b0357c9312bfc7d3be67fefbaaa444aac0edb4d52b24a040,4032,3024,1.3333,295.121,121.349,,
No Foam,root,No Foam/IMG_5461.png,c78ccbe1e957f0e3f7e42939c857ba6b30995dba98b1e464e77bc7c502c839cb,4032,3024,1.3333,334.54,112.113,,
No Foam,root,No Foam/IMG_5462.png,c0abd4666719765927b95338edf1bebbf71d829ee9bad910b55f3a82ce43bcba,4032,3024,1.3333,334.319,114.718,,
No Foam,root,No Foam/IMG_5463.png,f16900c15853f8f935534252236c0db233a5a5fae2ca0faf30e45bb887ab954a,4032,3024,1.3333,242.185,107.642,,
No Foam,root,No Foam/IMG_5464.png,1c7b61c751eff8576633fff82613c3857a7df3dd0ba50727b0bb05cdaa6c499d,4032,3024,1.3333,271.241,114.216,,
No Foam,root,No Foam/IMG_5465.png,0f831b77eca06c89b4bca21b5eec4da74f4a003fa4b50bc78225f2f8b8a32abb,4032,3024,1.3333,139.218,116.887,,
No Foam,root,No Foam/IMG_5466.png,9eefc7886eb2298e95ef6e81ffd0294ca7102fa188521456c7b1a7a554edc973,4032,3024,1.3333,122.193,120.096,,
No Foam,root,No Foam/IMG_5467.png,d0b834f4d815b6067b37279207e5cf2ca1912ddef71b1404d8cded55751ac64a,4032,3024,1.3333,98.389,124.498,,
No Foam,root,No Foam/IMG_5468.png,a90278d8f6820cbe51ea33d9e099f52569bdedecb07afc35021eb53e53cd6236,4032,3024,1.3333,141.528,120.931,,
No Foam,root,No Foam/IMG_5469.png,0d7632f741fc13ad7e6cf652d38b41d8012e012e54c50c6b5afe99b0d014018f,4032,3024,1.3333,88.397,112.841,,
No Foam,root,No Foam/IMG_5471.png,c36203a7a27021e05d297c695102521affb52f09228c6069ef3c22ea97d455fe,4032,3024,1.3333,271.303,119.802,,
No Foam,root,No Foam/IMG_5472.png,42d4c574c0c8af73bd9861cd247807a18329245f9ee7fed894cb5635390d29c9,4032,3024,1.3333,152.05,114.881,,
No Foam,root,No Foam/IMG_5473.png,8a2a8531011fdce545bca423e67b01f6be90892dbec6c48316e5094eefa2eb06,4032,3024,1.3333,283.459,113.339,,
No Foam,root,No Foam/IMG_5474.png,77f8b1a8ce5195c36e2715b9cf04722268cfb2bd311a3048e34623809df3c016,4032,3024,1.3333,144.881,116.047,,
No Foam,root,No Foam/IMG_5475.png,234832bf235f522a9f1bad67175d397f48d6409dd67cbe6bca89812bdf308bbf,4032,3024,1.3333,136.958,114.145,,
No Foam,root,No Foam/IMG_5476.png,2fdc05c361d3adf730e9db2bde2b7b97e7d7970012d81427d6dbb4f26da22282,4032,3024,1.3333,253.442,111.698,,
No Foam,root,No Foam/WIN_20260707_13_05_55_Pro.jpg,3de4aa227085661952bdb4f458fdcc3c1c9b84319f2c5787ef09500dd1160b92,1920,1080,1.7778,674.458,99.105,,
No Foam,root,No Foam/WIN_20260707_13_06_02_Pro.jpg,34d0d90e96c6ba8913e9a683c2982b2c055ba8a5ef0f012d11a2aab8e050909e,1920,1080,1.7778,318.588,104.974,,
No Foam,root,No Foam/WIN_20260707_13_06_18_Pro.jpg,f9022975344fa63ea2a5f819bba8cc1f97ac0b15b15f87de0d69c89508ac27de,1920,1080,1.7778,900.509,100.492,,
No Foam,root,No Foam/WIN_20260707_13_06_19_Pro.jpg,f2b9fe59db66354a1b88fad54688f53a4d7c561aa0de83b7141e72eb138ff1d7,1920,1080,1.7778,874.299,99.981,,
No Foam,root,No Foam/WIN_20260707_13_06_21_Pro.jpg,7c2b92bc21f828a4794de7c63352ab46d1d03a1d5fce2cc0f3266ee55c808fdc,1920,1080,1.7778,841.686,99.349,,
No Foam,root,No Foam/WIN_20260707_13_06_43_Pro.jpg,ba4bc17d57b741b38d8575911a0f02c929b7bcef8386e06b9955079e8bb96034,1920,1080,1.7778,745.688,109.053,,
No Foam,root,No Foam/WIN_20260707_13_07_16_Pro.jpg,0c4e71bf4831f261a5d069b3c104af0de76b16e2499f9748df2c60c0af28655d,1920,1080,1.7778,411.89,109.108,,
No Foam,root,No Foam/WIN_20260707_13_07_18_Pro.jpg,41a3de2471cf9c965cf5701ec97c7530e0a80f184a4c8c23967df1b9cf0ecd91,1920,1080,1.7778,382.526,107.458,,
No Foam,root,No Foam/WIN_20260707_13_07_25_Pro.jpg,36597b598bf79d72b4a053556a703e4b54dd9289c2155974d9a3a12ea59b4ee7,1920,1080,1.7778,338.662,101.5,,
No Foam,root,No Foam/WIN_20260707_13_07_32_Pro.jpg,751830e2b480e14226de8fd427ca23b77a771203101ef23f9675b39fb3a153f5,1920,1080,1.7778,811.213,107.183,,
No Foam,root,No Foam/WIN_20260707_13_07_34_Pro.jpg,1de3118509a691582b59ca9b1547baa0372196a2f07a2d75df2b9d526ab04805,1920,1080,1.7778,698.172,107.833,,
No Foam,root,No Foam/WIN_20260707_13_07_35_Pro.jpg,b3fa75626a663d606a677dde57b007bf58600f3422b5f81cb09148237fbbb477,1920,1080,1.7778,864.146,103.779,,
No Foam,root,No Foam/WIN_20260707_13_08_07_Pro.jpg,ca13298727200fe49ff983e143ca06f392702a2f8afd7cf6371d741a92a447a4,1920,1080,1.7778,859.334,104.004,,
No Foam,root,No Foam/WIN_20260707_13_08_23_Pro.jpg,29bc291d99024134d9eaa5e2ccc899e87863b1c663a4eff082378c4be1d1858b,1920,1080,1.7778,1022.823,102.879,,
No Foam,root,No Foam/WIN_20260707_13_08_24_Pro.jpg,36a14e1533e96561f4a1b5e534f556caa1195ebdba421ae94d83cfdd0b137041,1920,1080,1.7778,979.616,101.798,,
No Foam,root,No Foam/WIN_20260707_13_09_01_Pro.jpg,04d72b76f078362388d334271a0ca267e8789bd5285ce64d1c1264e64d70189a,1920,1080,1.7778,975.59,101.844,,
No Foam,root,No Foam/WIN_20260707_13_09_02_Pro.jpg,f067d58fc055ea3900ec8746dff60cbb758a86bbf760c49280c1ce4f2b9265c9,1920,1080,1.7778,975.311,101.91,,
No Foam,root,No Foam/WIN_20260707_13_09_03_Pro.jpg,72c2455f5469f332b4cb0682d46e742df21414b4e1a17bcc8b13efe6dcd3fd6d,1920,1080,1.7778,998.771,101.956,,
No Foam,root,No Foam/WIN_20260707_13_09_04_Pro.jpg,f9204d18a6136bbcb84dd37ac2a05da77a19fe97a3da10dd7ae95545ae73a767,1920,1080,1.7778,983.012,102.017,,
No Foam,root,No Foam/WIN_20260707_13_09_15_Pro.jpg,ccc940fc890cf56a974979509ff991e8cb7a07a9510ff4bef39ea148edf18242,1920,1080,1.7778,474.918,99.517,,
No Foam,root,No Foam/WIN_20260707_13_09_16_Pro.jpg,3a48be3711825c0555aebb2d57be2e86b1fcaeadc328303f8a5acf37fc514912,1920,1080,1.7778,466.098,99.721,,
No Foam,root,No Foam/WIN_20260707_13_09_28_Pro.jpg,bbdbe0218e9f1383c6e1bb130f006cc35bf7f079b55a053a2965e1d874ca8ba9,1920,1080,1.7778,1128.604,101.551,,
No Foam,root,No Foam/WIN_20260707_13_09_29_Pro.jpg,df88a825069691d233b8795c82b8a9ec613e1f67990ed45c40aa4dde4677731d,1920,1080,1.7778,1076.047,101.56,,
No Foam,root,No Foam/WIN_20260707_13_09_36_Pro (2).jpg,114bb64e73f48cf1cee2e0cc6120e6befebf5e285ce63f7f0b8dcc8e0db41ab7,1920,1080,1.7778,1122.755,106.647,,
No Foam,root,No Foam/WIN_20260707_13_09_36_Pro.jpg,695d00ceb8a32efbb1097b49f5720779d50225d735c2f5004b1358e6c56da509,1920,1080,1.7778,1191.553,106.851,,
No Foam,root,No Foam/WIN_20260707_13_09_45_Pro.jpg,5688cd717b50daf8b926e875bab0969b7ed7690bfbf343918841416155076e39,1920,1080,1.7778,1570.325,103.847,,
No Foam,root,No Foam/WIN_20260707_13_09_46_Pro.jpg,08eb24ce085452390d6dc3b3cc32005591677345bc9fbbdcc45ebb10ec7f259a,1920,1080,1.7778,1535.979,103.661,,
No Foam,root,No Foam/WIN_20260707_13_40_35_Pro.jpg,f54188fd3871dae2b363ae5a04e7748c74d2426eafc7519be6a8a371c1604caf,1920,1080,1.7778,207.688,115.43,,
No Foam,root,No Foam/WIN_20260707_13_40_38_Pro.jpg,0c23a80362533eb5b0338146fe97b0a9a3f4b2ede60145e71f4ce2e6e559174a,1920,1080,1.7778,346.823,100.666,,
No Foam,root,No Foam/WIN_20260707_13_40_44_Pro.jpg,83e3e5606e58fbc989df452aa43e1e2bcab545eecdcfce2ede230124b9874fe8,1920,1080,1.7778,220.834,93.181,,
No Foam,root,No Foam/WIN_20260707_13_40_54_Pro.jpg,e8d8bd920e3eb86fc622697b532f1ad21c590a4978a58af764025f072118330e,1920,1080,1.7778,73.924,102.901,,
No Foam,root,No Foam/WIN_20260707_13_40_56_Pro.jpg,53ca9950bc8c73c0e5c04197c38119f0f07b0cd0853140b27bd1c0c09902b9bd,1920,1080,1.7778,327.577,101.917,,
No Foam,root,No Foam/WIN_20260707_13_40_58_Pro.jpg,403ccb4cfb14ff97682a55b84f93d5f63775b6035b05806d7812704f23cf6fba,1920,1080,1.7778,371.183,102.046,,
No Foam,root,No Foam/WIN_20260707_13_41_01_Pro.jpg,ab9034dff091698fa54ea990fc2960b18bc447166f3ce4b18f43f54e0d587c25,1920,1080,1.7778,351.799,101.456,,
No Foam,root,No Foam/WIN_20260707_13_41_06_Pro.jpg,7e94a3ffe0e2dd074a2cc5b87ed11c15683ddbf447a4f66765ec4c57cf681208,1920,1080,1.7778,225.829,105.048,,
No Foam,root,No Foam/WIN_20260707_13_41_09_Pro.jpg,b8cd8242a5dc2ad1cdb816bb9c80ed33ffc193a5708ddca9593c60566e81f5cd,1920,1080,1.7778,98.985,93.417,,
No Foam,root,No Foam/WIN_20260707_13_41_12_Pro.jpg,fd13d5a9386351a626be7ce35f199b7f28c85a61e23bd9b3786a5baa3545dcdd,1920,1080,1.7778,410.083,104.428,,
No Foam,root,No Foam/WIN_20260707_13_41_15_Pro.jpg,28bf182aad309799b6b5a894d99c7c2522ba375c2b30d8b8b8533a3c9828a631,1920,1080,1.7778,181.063,106.68,,
No Foam,root,No Foam/WIN_20260707_13_41_17_Pro.jpg,293374a982f0e1ed510a670425c088ad96f4f7ba5009556e54aa385ee462b293,1920,1080,1.7778,276.083,112.801,,
No Foam,root,No Foam/frame_0000.jpg,6c2f5576b02ed8c4f35283493609ffba0e17b53f29ab277f1e30cedc00cb79ea,224,224,1.0,5355.26,146.731,,
No Foam,root,No Foam/frame_0001.jpg,850585aa96bae95011827348964404da3c5e78ed564f3481852552cd1504f0db,224,224,1.0,5562.03,147.03,,
No Foam,root,No Foam/frame_0002.jpg,92ddfa8c8afc4db034ce50e87a5301da6c78f8e5c954363b803427adac34d04e,224,224,1.0,5474.947,146.667,,
No Foam,root,No Foam/frame_0003.jpg,c40e66146024b02a6f9dc33ff7175cf391b1b194df09c988194fbd7fec041cf0,224,224,1.0,5407.088,146.523,,
No Foam,root,No Foam/frame_0004.jpg,0de2dfa5ea7a4398e309e82e56939a3c69d34b5c024aadbe3fd35743073be527,224,224,1.0,5362.021,146.623,,
No Foam,root,No Foam/frame_0005.jpg,25aab7ca025729a74d47dc3ae4957acaa7943404829dae75fd0966a40d2c1891,224,224,1.0,5343.41,147.057,,
No Foam,root,No Foam/frame_0006.jpg,1e08c8d4f6ea0c339b505a750156d4eb9d3f78550bd815c9f1640ea6dcf6ca69,224,224,1.0,5270.069,147.133,,
No Foam,root,No Foam/frame_0007.jpg,d9e59d2b28e3326cd4fc7370952e5ebf3abb8fbee911b1acb44df297876c93ea,224,224,1.0,5345.872,146.809,,
No Foam,root,No Foam/frame_0008.jpg,ff3db2348b285974483e7184517f9a84d4898f0dd834daa9ef0e7f39651bc0aa,224,224,1.0,5387.866,147.271,,
No Foam,root,No Foam/frame_0009.jpg,a94e9ab13b2891860402c0f0ad1cf5e3587f07777dec17e7903c7730239090f3,224,224,1.0,5313.186,147.375,,
No Foam,root,No Foam/frame_0010.jpg,d0fac30e77158dd60b8a111566d6f538deeca68c93c34b04639626d2fe678208,224,224,1.0,5276.121,147.561,,
No Foam,root,No Foam/frame_0011.jpg,a521c8921d13335bb9dd7dd0c8527683d10786b45a9b228cef4c31675d0d5230,224,224,1.0,5302.397,147.497,,
No Foam,root,No Foam/frame_0012.jpg,2f58cf04a11ccab4f04be540e46de9afefb8adad9a87ed7a2043280c9669dd03,224,224,1.0,5323.769,147.293,,
No Foam,root,No Foam/frame_0013.jpg,dff1e0634fef912b5cab94822cc6d515b57b1995eedf0827658afbae3e465ee1,224,224,1.0,5255.311,146.85,,
No Foam,root,No Foam/frame_0014.jpg,52a5a1012e0c5c4828679b413f7237fce8074a52fa66697d25ec40b9d21091c7,224,224,1.0,5362.695,146.814,,
No Foam,root,No Foam/frame_0015.jpg,5774dfc12964e32df602b28cacdbb09543800ada9ed29f728474969f7b6ff79b,224,224,1.0,5187.3,146.745,,
No Foam,root,No Foam/frame_0016.jpg,d845dab0096d88e909bfafec5b35c4b67ba106d6b5dc555e3937b0bdea1d8898,224,224,1.0,5208.658,146.146,,
No Foam,root,No Foam/frame_0017.jpg,7f84c02dfc39fb69f3b5f8f84c05fb920ebbcaf3b4da1d38c1cc9ec5e189d356,224,224,1.0,5298.348,145.997,,
No Foam,root,No Foam/frame_0018.jpg,272213b8361ddaab169695a2a380efd09aacf1958bc4b6402218ba4bf4985bc2,224,224,1.0,5251.825,146.37,,
No Foam,root,No Foam/frame_0019.jpg,3b789ceac279740b8403c39008541195d209d337e4358c7d52a54681ff9be072,224,224,1.0,5098.452,146.9,,
No Foam,root,No Foam/frame_0020.jpg,e16f66fd05e55982ed85f3d2cea7f6da0977ac015c98fe50262c06e2e5f74b14,224,224,1.0,5118.915,146.847,,
No Foam,root,No Foam/frame_0021.jpg,a44fa94f68b3a380834caeef1e5860fef72eb4465334a6ca38e2a29684795659,224,224,1.0,5261.988,145.084,,
No Foam,root,No Foam/frame_0022.jpg,581ddefa38ed60955338da925d13cc6d8876cb1215866e6f639043c66182a14b,224,224,1.0,5116.527,146.189,,
No Foam,root,No Foam/frame_0023.jpg,c226a53d1142347111a4a361c9fd62a9be8081c6ef68d2a034f8a178c5c64851,224,224,1.0,4984.81,147.405,,
No Foam,root,No Foam/frame_0024.jpg,54322c57e8947db9c88c80513b9b38b4fd62f814f3393a89f890268532adfe1e,224,224,1.0,5317.881,148.525,,
No Foam,root,No Foam/frame_0025.jpg,c4b1a0536bbc66ff87e43139d1ccf3e8f8ccdc7f1ec309ac4b59668ff7d6c358,224,224,1.0,4690.885,149.894,,
No Foam,root,No Foam/frame_0026.jpg,3f0065e9c62229a5b32305f189c93295a79c0d69c1e82ad694e40318760da24d,224,224,1.0,4813.516,151.072,,
No Foam,root,No Foam/frame_0027.jpg,922b960cdc6570bfd8054f1b43fe96270872b093e01c20d4f93abe8be4cc8d35,224,224,1.0,4904.993,150.407,,
No Foam,root,No Foam/frame_0028.jpg,6ec1d093d11203bdee86d1de202dcc6ec7daa28385d0b2c1ac292edca656f7c6,224,224,1.0,4775.601,149.718,,
No Foam,root,No Foam/frame_0029.jpg,77fb7a1edc92cba8142f623c7cd332e3d290bac46025e3d552a61dade16f553c,224,224,1.0,5088.024,147.387,,
No Foam,root,No Foam/frame_0030.jpg,b1e9378049adf806ada69c897d959fa1ed2888570e40b0ccc08b9a4d8bdb8f21,224,224,1.0,5460.202,145.92,,
No Foam,root,No Foam/frame_0031.jpg,ccbf7ab6e12754f9df61ee0dcec93bc1097cfdb025970bd0fc5105342b3ce684,224,224,1.0,5300.113,145.144,,
No Foam,root,No Foam/frame_0032.jpg,dd81c2fc9933cb911a0a5fc93d361a4d446f5c43d346332cdf7b23b84c009fa2,224,224,1.0,5373.252,144.25,,
No Foam,root,No Foam/frame_0033.jpg,73304639fc07e345d7e91efb924a7f81b35f6c1c051bbb976f3ff659ae3c9880,224,224,1.0,5100.236,142.305,,
No Foam,root,No Foam/frame_0034.jpg,27e4bf7efebaf2bea08b5ce6841c2be2b92170654171c22ebe1a777598e2a0c0,224,224,1.0,5669.216,141.415,,
No Foam,root,No Foam/frame_0035.jpg,ba6cba3c90f92a6b2893c6b2ce0553b012220c3a46579d7b3ffd2865a182c5af,224,224,1.0,5779.551,141.433,,
No Foam,root,No Foam/frame_0036.jpg,5c561dfea66296fc4cbe11c6dd4ca26a4f67ec9486ab31228e47818815a3fbd8,224,224,1.0,5691.992,141.8,,
No Foam,root,No Foam/frame_0037.jpg,e0518ce2bbd139ad06ebefd75ac7ee50e761d2901a6e0b689ba5fab64aa6443e,224,224,1.0,5726.483,142.113,,
No Foam,root,No Foam/frame_0038.jpg,e65c99331e0bf21e94f3036f66d62dca4629dc9f640aecf80369b2a46f8ab415,224,224,1.0,6044.063,142.516,,
No Foam,root,No Foam/frame_0039.jpg,716368e1e5a83e0a2854b861912c2192c2fb5116820b4a81d6219be349a0c80d,224,224,1.0,5950.796,142.558,,
No Foam,root,No Foam/frame_0040.jpg,20fd4f3f078e05b3ff1434611b0c332cd5780317b7673e00b60b08b476a005c7,224,224,1.0,6127.362,141.749,,
No Foam,root,No Foam/frame_0041.jpg,54c980d4c8b8c7a39f84fb40c42194b08295e9d921bb7d578f2accf956aa135c,224,224,1.0,6012.709,140.791,,
No Foam,root,No Foam/frame_0042.jpg,7b9d09ff5baef545a49d3fab938a8c0a1b2871307f7951b46a2cf9361e60c908,224,224,1.0,6048.815,140.801,,
No Foam,root,No Foam/frame_0043.jpg,d86341fb36330c3ad7a081bfd407cc3ae0c36fb3842584c1b2fe1fcfdf8d9f03,224,224,1.0,6007.767,140.273,,
No Foam,root,No Foam/frame_0044.jpg,a36f582a1e66572b8c173283da5787976e7aa4c930b70a50f9af4595f65bb396,224,224,1.0,6351.351,139.911,,
No Foam,root,No Foam/frame_0045.jpg,f8ca1660b91ab780c6879b4bb44d9c8ec414d1f29ea7aaa3205e182e3078c610,224,224,1.0,6094.13,138.891,,
No Foam,root,No Foam/frame_0046.jpg,7f094e224bb804a2d794e46a98116501d9d59caf7f23e72e41a1d8a26797e406,224,224,1.0,5881.092,138.47,,
No Foam,root,No Foam/frame_0047.jpg,f8a4ea404e23bdcd79cfac500a68b9dda0e8e85f286b8a63aff958ed473901ac,224,224,1.0,6327.645,138.607,,
No Foam,root,No Foam/frame_0048.jpg,40e8bc19c8e4d354b35f033d00ac756c87b4921450d18810e643d3a7aafe6a3c,224,224,1.0,6509.806,138.888,,
No Foam,root,No Foam/frame_0049.jpg,627857e6b31fc26c23b10ace25585b9ab7550fdf67aaf0bc697f87408a49c4eb,224,224,1.0,5961.977,140.283,,
No Foam,root,No Foam/frame_0050.jpg,8f0cfbdf49387dfa186cd6d00c2627d0fee5eb77b165d907b71a6a6e4dcaf17a,224,224,1.0,5837.992,140.735,,
No Foam,root,No Foam/frame_0051.jpg,11d26788be7fae09997274e9f8e816801d87b39d770132d1dc0e9d318d23567d,224,224,1.0,5610.366,141.576,,
No Foam,root,No Foam/frame_0052.jpg,25ee612958fe3a9c514db41f677b2dc57319f72d4b3e5b20a5e22d731a39e90f,224,224,1.0,5636.922,141.707,,
No Foam,root,No Foam/frame_0053.jpg,77523fed6c3250f0da6a382db36c86231c6ed83239c424b105ddd256d5db9690,224,224,1.0,5676.651,141.596,,
No Foam,root,No Foam/frame_0054.jpg,4d96e96001f18e4ead5a3e03e4ed70fae86d5b7943f54b2dd1a1bf4a721f0ad7,224,224,1.0,5412.54,141.221,,
No Foam,root,No Foam/frame_0055.jpg,4edbd688f5f3684859da65a062ceac3e63a75902cc4581e096d99ab6dbc1bc8e,224,224,1.0,5453.538,140.71,,
No Foam,root,No Foam/frame_0056.jpg,0ce19dd24ddfb42740e9dbd2de995082cd21cc4e103de5c9bd296c7a979cfa49,224,224,1.0,6008.706,140.421,,
No Foam,root,No Foam/frame_0057.jpg,f1ff9cafc53677450056fae7e2f096945b8d7d5286692029473c809942575b4d,224,224,1.0,5819.673,140.792,,
No Foam,root,No Foam/frame_0058.jpg,32be525208238fb33c551289f8dec5b06a46265427571be9193f436b19f0bd49,224,224,1.0,5537.309,141.07,,
No Foam,root,No Foam/frame_0059.jpg,ddc54f2d600edbab490cd630b312614365c7e62d9cd10c50bf71aade96a14ec2,224,224,1.0,5794.772,140.684,,
No Foam,root,No Foam/frame_0060.jpg,9b64be2682265c6365c1aeaaf4f6f8f80f61457577764d30012e6b495276fd11,224,224,1.0,5544.76,141.533,,
No Foam,root,No Foam/frame_0061.jpg,e32d137053ff91784f626edd6b397c2274e599e89b18af2fbad7cddbf5943515,224,224,1.0,5178.741,141.571,,
No Foam,root,No Foam/frame_0062.jpg,d00c56a4114aa1868fc2add5d9cda4fd27299cc915b4d26edc3b2873f94836b9,224,224,1.0,5203.557,141.635,,
No Foam,root,No Foam/frame_0063.jpg,866140001610fa894c22fbabdb26a206d13355e1683c5475a13cd7d1749e1e16,224,224,1.0,4894.644,141.667,,
No Foam,root,No Foam/frame_0064.jpg,36616201fbe48fbc3f5a7a9626dd14b0a3f32dca12360ccda188f3a812073988,224,224,1.0,5310.083,140.993,,
No Foam,root,No Foam/frame_0065.jpg,95b496fd90276a84284c691af60845f339c35c4792a78152f0603c75fe25cbea,224,224,1.0,4439.507,140.416,,
No Foam,root,No Foam/frame_0066.jpg,6cb6f815ed26bb09251d904d951ea53fb7557426713a4fe4245ef7435e11e6bd,224,224,1.0,5107.609,138.879,,
No Foam,root,No Foam/frame_0067.jpg,e2f089035df232443d5054396a4d83b871f2e3c9ecd914572ecdc64111c4961f,224,224,1.0,4965.885,138.089,,
No Foam,root,No Foam/frame_0068.jpg,2739b131e5bc44fc1c3ec7379218a7d7af0b94dbec2fa895e35680992e59f818,224,224,1.0,4797.014,137.92,,
No Foam,root,No Foam/frame_0069.jpg,144cbb1a42c2b32cff2232213190b34ccfbc8d219141ed056c0d5e7d03a2f69f,224,224,1.0,4341.18,136.801,,
No Foam,root,No Foam/frame_0070.jpg,70a2049eaa5a2a16436d61933a8cea04a561ce9c9e9913be04987dcbcdcc21d0,224,224,1.0,4965.976,137.962,,
No Foam,root,No Foam/frame_0071.jpg,c60e5b91ebdf53ba5c33b1bbd68eedd59a1573c604bb4afb8994f3a220c4364d,224,224,1.0,4443.676,137.754,,
No Foam,root,No Foam/frame_0072.jpg,d1f6301b2571ecdee776ce6c44b2d4de2c7e7dd8694b410ce77d3c036bdc61f3,224,224,1.0,4629.433,136.837,,
No Foam,root,No Foam/frame_0073.jpg,1b5b7a0ca509045308fc9a55d0d281833b31692c35ca763783ae84af877e78a3,224,224,1.0,4512.661,136.042,,
No Foam,root,No Foam/frame_0074.jpg,944692ddfc80ed9cbd6f5485bd8d10dbf41b69e5fc44f4272410f62ca4c1d702,224,224,1.0,4809.338,135.158,,
No Foam,root,No Foam/frame_0075.jpg,78ce6200a5e45181480e68b92d64e3b614eab9bb41f8cb2c443cfdf31bfe0c01,224,224,1.0,4096.861,135.175,,
No Foam,root,No Foam/frame_0076.jpg,9996da8e704bb7c2a4ceac8456fbc7d3bdc5cc104c1bc91375d2fdf33925d377,224,224,1.0,4731.61,135.458,,
No Foam,root,No Foam/frame_0077.jpg,5c1237f782ebe9600a1a79f4aeb3896a941e1ff7147b4ca54de7a9eb5e7f703c,224,224,1.0,4131.638,134.952,,
No Foam,root,No Foam/frame_0078.jpg,ff606a9c28da31098bc33297f046f4e0fe62a1b36fe282c69b50368b2d2fbc6e,224,224,1.0,4470.553,133.379,,
No Foam,root,No Foam/frame_0079.jpg,780b4e76aa33d39af449f75221811258a0431d83df86e5ae6dd35fe70013337b,224,224,1.0,3680.142,135.668,,
No Foam,root,No Foam/frame_0080.jpg,0e257eea17c66e3ce425aada64efabd2b78e85af64afb2b0ff0035e4e8e0abea,224,224,1.0,3611.471,137.839,,
No Foam,root,No Foam/frame_0081.jpg,7fb7e70af65650d998d7645d7b43537edd8de7f7c8810b55c082ecd5939377e1,224,224,1.0,4521.75,137.408,,
No Foam,root,No Foam/frame_0082.jpg,c37d9d1f1a662f408f3bb0969e58758ef7384fff051086a69ea60a7eec63b10b,224,224,1.0,4306.042,136.893,,
No Foam,root,No Foam/frame_0083.jpg,58a8a5aebfeece0c3a7a8d43836cf6765557165ed7738d580e906449ed384a11,224,224,1.0,3590.236,137.773,,
No Foam,root,No Foam/frame_0084.jpg,cb8b5db8c21c7aaf339665ea311e9b8b1150d1e83ffa2b3217d3a92e845fc961,224,224,1.0,4315.683,137.875,,
No Foam,root,No Foam/frame_0085.jpg,ca5ef67243953b98a31b6a13499d4f8f1c67a912e6aaad3a4061e563819b3a0f,224,224,1.0,3473.629,138.641,,
No Foam,root,No Foam/frame_0086.jpg,7696d93fe140c5b4cc83ffe483e55b3ad2054266fd9d07fe850a652d5d237c38,224,224,1.0,4187.599,138.058,,
No Foam,root,No Foam/frame_0087.jpg,5da193007df1ed1b124f4111f40b687c8f3c7cd7f278e20b7fdce4d409a2ec02,224,224,1.0,3798.452,138.538,,
No Foam,root,No Foam/frame_0088.jpg,3e1c0a6312dcee7314ef9601f53f3700460808cb88c4a3b061ca7122b6c4fa72,224,224,1.0,4292.341,138.114,,
No Foam,root,No Foam/frame_0089.jpg,f635b9fdb93c0ae692c0c2e2671492675bee246c80442292a28cb6dfbf869ea8,224,224,1.0,4015.13,137.993,,
No Foam,root,No Foam/frame_0090.jpg,4e9d343d08be030bab8c8209264b4fbd59d0e3021ad628d6342c9cf91331f185,224,224,1.0,4335.211,136.871,,
No Foam,root,No Foam/frame_0091.jpg,5fb8dd308481fdbecc0d9c27739c8cf6602969698f18d8720e848d753d61f89c,224,224,1.0,4442.958,136.69,,
No Foam,root,No Foam/frame_0092.jpg,ccdccf5490023e660faf4d27101d2e47c49c3dbe4076faded00688a120ef08aa,224,224,1.0,4387.676,136.546,,
No Foam,root,No Foam/frame_0093.jpg,2625217e96d72e828030c17d3dd47c8fa424691ec5bf099dbc68f66d47942c00,224,224,1.0,4210.05,136.728,,
No Foam,root,No Foam/frame_0094.jpg,2c4470781015d3c6b168aa95113eed89bfea8ad6c6da66de4da0bf83179885f4,224,224,1.0,4070.355,138.061,,
No Foam,root,No Foam/frame_0095.jpg,a5851720745b20186c30c1a2c0b7705a4679f7bcac263ed7854ed8d51379b824,224,224,1.0,3474.946,139.245,,
No Foam,root,No Foam/frame_0096.jpg,3d2831757ba46ea4cef945bac108797eea6bb34cb816ca5c01fb9f6a46c60b59,224,224,1.0,4509.514,140.412,,
No Foam,root,No Foam/frame_0097.jpg,d68cc193e75b5777ff89fe999ac0a2cca289ab6dd31d9ee94904d74a32919f75,224,224,1.0,3434.586,141.346,,
No Foam,root,No Foam/frame_0098.jpg,a8ecc71325bf26e6c94777fd1b435cffbb6cafa2a703f6f53b72f7e1c1a90885,224,224,1.0,4137.751,140.233,,
No Foam,root,No Foam/frame_0099.jpg,bc03123c0cd5e8252c5820b03392c083a2b1b85ff2653e308767fc1139f9d647,224,224,1.0,4249.696,139.329,,
No Foam,root,No Foam/frame_0100.jpg,207d40c84f0cffc9d98cfd07497c7f5378823f7136ac39eff7534d7c19390be5,224,224,1.0,4305.124,138.668,,
No Foam,root,No Foam/frame_0101.jpg,652636fff4d18feb1a9fc11a8eee17ba51cc8aabc9027635a0ac87e1234e87bd,224,224,1.0,4107.259,138.649,,
No Foam,root,No Foam/frame_0102.jpg,8b2df9cfbe7e90da449e86b901493e4c2e09c963f0ae765ed29c4220fbb0e8ac,224,224,1.0,3400.477,138.408,,
No Foam,root,No Foam/frame_0103.jpg,c2f8460a6af1bf132dbe13bd8a023ec5dc21fc2544851e60ab9ec44b95d9a3a4,224,224,1.0,3548.909,137.771,,
No Foam,root,No Foam/frame_0104.jpg,44f3d210eef76bc574f9bbff17f66a55ec2943d3fe02b342f6ef05d98e8cfe25,224,224,1.0,3799.733,138.051,,
No Foam,root,No Foam/frame_0105.jpg,e843527f31385da4a378a99464da8bea16f1d61fdb3b8a9970ad4395dd872eed,224,224,1.0,3970.904,138.607,,
No Foam,root,No Foam/frame_0106.jpg,05286c2c872c28531d19227fb8c5753ee71caf55de5f2e803d0ee299f7c58b07,224,224,1.0,3432.63,139.789,,
No Foam,root,No Foam/frame_0107.jpg,1878f990cd12675656ff81907a5748fe78cb39809195dd5a81d496e7d32b4d1a,224,224,1.0,3686.128,139.884,,
No Foam,root,No Foam/frame_0108.jpg,890e223eb982a258024f098c2a7c35bf11d38aaf797a2746df9bd4e59a734a4d,224,224,1.0,4014.893,140.3,,
No Foam,root,No Foam/frame_0109.jpg,1a8ed8d6fb84814ab13d2ef9649cb10bccc6107fc81c53841b8d0025ec85e1d6,224,224,1.0,3027.578,141.836,,
No Foam,root,No Foam/frame_0110.jpg,294ece3db53e85e1e68df75a3ce6c2ccd597a290e21148a0c28cb46551939dca,224,224,1.0,3640.766,141.264,,
No Foam,root,No Foam/frame_0111.jpg,f96f9f617c000cabcef1e7282be21ce4074ff3b7b07f3d0588bbb383cf98aee6,224,224,1.0,3798.505,141.475,,
No Foam,root,No Foam/frame_0112.jpg,0383825ec36b33b6d3282ac4e6c6e97617c6508881ddfdc69c03a47ff9f13d7d,224,224,1.0,3711.506,142.255,,
No Foam,root,No Foam/frame_0113.jpg,00c5dfe32083efd058be46651a758b9e00ca4438143885811fb4fc25ddc80e6b,224,224,1.0,3418.785,143.465,,
No Foam,root,No Foam/frame_0114.jpg,904e65a0922c46cb5e96ef061f0e79d118f731c4be4044ee9f1fe9a3f1485b94,224,224,1.0,3474.997,145.584,,
No Foam,root,No Foam/frame_0115.jpg,741ff2612a19736c3be2fab9fd4aede10562445e422d89d192509b1fc595a66f,224,224,1.0,3764.311,146.688,,
No Foam,root,No Foam/frame_0116.jpg,052d2bdf4321ed321bc29db3a21c2e8f739455c706e85576eeebedf3c19b4fb0,224,224,1.0,4005.718,146.398,,
No Foam,root,No Foam/frame_0117.jpg,2ba6589cb83cf10dcdc46a9fe425f555de9bf0506481b6e019b8c3c1eddf0eee,224,224,1.0,3575.056,146.269,,
No Foam,root,No Foam/frame_0118.jpg,3b124994214dffac5a04db445d8b50ac0eccdc5c65de3e20dcc11a7769b688fe,224,224,1.0,4013.582,145.13,,
No Foam,root,No Foam/frame_0119.jpg,01dd3d1c45eed65718ae8ecbfb3e3a8a69f4c55e70da4ac865ea8efcc9794e6a,224,224,1.0,3786.075,144.524,,
No Foam,root,No Foam/frame_0120.jpg,d053179e87ab3edf47f6a3223c0f5f5e88f4e697ba96f95f08c70afb06ac52d9,224,224,1.0,3968.729,143.486,,
No Foam,root,No Foam/frame_0121.jpg,9856224bd3b47a9c1c3c62c26d56c96ba9c96e9392ca172cd58e43b3cf2502b9,224,224,1.0,4128.042,142.336,,
No Foam,root,No Foam/frame_0122.jpg,c33737a12031ace9da4a6b0632af6d80945c489b18150d68532296c0f0e66758,224,224,1.0,3978.607,141.608,,
No Foam,root,No Foam/frame_0123.jpg,bed6ad1a420a5f66ac933f8dbb86a8ce3eb65f297b564cb7ecfc52d312a41821,224,224,1.0,3971.27,140.642,,
No Foam,root,No Foam/frame_0124.jpg,d6ce9abdd53e0bb2fde6807a88e205eb2eaaa86300bae2513b96841eb5cd6ee2,224,224,1.0,4002.977,139.973,,
No Foam,root,No Foam/frame_0125.jpg,3b1160b0558b09bd9be29626e1d9e09957ef59777bfee87ffa19beb5f4f933ee,224,224,1.0,3777.073,140.266,,
No Foam,root,No Foam/frame_0126.jpg,61f91b0fe857f406554d92474b83e5087d065749cdcc51003d409b372f320b0c,224,224,1.0,3702.355,140.865,,
No Foam,root,No Foam/frame_0127.jpg,e7717f530ef26d2b8b553eb55a4fcb59e466b897f5f4ee6c3a3eb11f783a5f7f,224,224,1.0,3527.32,140.588,,
No Foam,root,No Foam/frame_0128.jpg,559b6dc8e0bf6adb703e5536fea850c6aa5e8cfc231834c197b143ca06698c72,224,224,1.0,3519.591,140.771,,
No Foam,root,No Foam/frame_0129.jpg,36d0a750e38f8c5a9897ebfae3e387c592a96646eac3feb3bef0503737e35304,224,224,1.0,3306.759,140.454,,
No Foam,root,No Foam/frame_0130.jpg,28d95f88ccde4df4015ac625e064c9bf6fb13ff80ca58d08fa7894f36e5bc8d4,224,224,1.0,3586.476,140.654,,
No Foam,root,No Foam/frame_0131.jpg,867da9c0d75ba221657b530b8f0d165131f0a8e00266b5f9c17c93eb228eeab0,224,224,1.0,3449.795,140.575,,
No Foam,root,No Foam/frame_0132.jpg,d0b78119a1cb2856466279d2159267027be3295ae707513e82f34c5210f20f8b,224,224,1.0,3336.05,139.353,,
No Foam,root,No Foam/frame_0133.jpg,78c175d2448e3bc0feaf616e926fb3ac711835876a372823c333128d6d8f7166,224,224,1.0,3470.024,137.561,,
No Foam,root,No Foam/frame_0134.jpg,3de959a0d428cb1cd5aa230ef4635eba3930747fb3f37c4c133418844a6478c0,224,224,1.0,3588.562,136.339,,
No Foam,root,No Foam/frame_0135.jpg,e9f51c64147ba8ff4079a1086606d8a6d7f70dfe836d509982d8cb53ed6883ea,224,224,1.0,3206.788,136.691,,
No Foam,root,No Foam/frame_0136.jpg,d42e1aa8726c7762a9744ceb2446e0436708dbab7a450d6b28493920ee0043bd,224,224,1.0,3278.481,136.621,,
No Foam,root,No Foam/frame_0137.jpg,dd46bd84aaa73fba12630a501e8d548ee2de539eeca1ccda825e8e1e9090d792,224,224,1.0,3629.175,137.93,,
No Foam,root,No Foam/frame_0138.jpg,2d4042a5668eeeb49ce4063db5ba7b4f9c5d857cfe9a4f98a139d4ccb4870cb8,224,224,1.0,3726.832,139.143,,
No Foam,root,No Foam/frame_0139.jpg,1280b81f8283e1b9de3254b9bd2db40a546eb1a06847ee2d97f920b46b05ad64,224,224,1.0,3559.126,140.123,,
No Foam,root,No Foam/frame_0140.jpg,cabb608b649569978a3d014142c329640d2118689f581e7e514f2c845e7708bd,224,224,1.0,3482.727,140.488,,
No Foam,root,No Foam/frame_0141.jpg,f2ca60900bb601303814e9ef221aae6484dcd8b1075064ba39006384d8d2ede6,224,224,1.0,3651.092,140.422,,
No Foam,root,No Foam/frame_0142.jpg,febf7c484e6301ab4965231c1170fecbacbaf5a555bacc168af2e1813993cc01,224,224,1.0,3491.378,140.59,,
No Foam,root,No Foam/frame_0143.jpg,64c524d5080b249fee701b75f2396a458e0c06ff8821792971ebb42741fe7fef,224,224,1.0,3446.463,140.771,,
No Foam,root,No Foam/frame_0144.jpg,8e8a75f11cad2003cd1f379c99fe2f2851bd944d7d6b4f4b742d925dff6d051b,224,224,1.0,3454.627,141.213,,
No Foam,root,No Foam/frame_0145.jpg,ef80c119f9543b8e699ba34595e79dd468126cbfac393e505447f8c99eeea772,224,224,1.0,3513.047,140.346,,
No Foam,root,No Foam/frame_0146.jpg,39b81c011aa40a2c446568a09828441c50cadfbe8ab568b493179e17b2ab40c1,224,224,1.0,3443.971,140.835,,
No Foam,root,No Foam/frame_0147.jpg,350d5880f35733cc65f850c834a4ea4a3b2be2757c01b538a8e623f66053ece7,224,224,1.0,3382.088,140.855,,
No Foam,root,No Foam/frame_0148.jpg,f2ecbb99b801e65f0e2bc1cd661cbce4e9cc92b583fa73fb49a00cccc8ba23fb,224,224,1.0,3167.094,141.514,,
No Foam,root,No Foam/frame_0149.jpg,bbaceddb9ed4dd4f119d500abc5573dad1e47bfb1163824ffb8f7026085885ec,224,224,1.0,3448.635,140.221,,
No Foam,root,No Foam/frame_0150.jpg,15116713fcd2b41b31fb9a866790ab3e3da46d21f00d19af8a20d62c253544a0,224,224,1.0,3509.809,137.928,,
No Foam,root,No Foam/frame_0151.jpg,3c295fd8085666936f6fe6c57c1be6c7234ae3c32831ed773641a2de0364d9c5,224,224,1.0,3383.675,135.393,,
No Foam,root,No Foam/frame_0152.jpg,287a5567e11f9911f6921ad463f0bfe6f9c53d58b064967a8e9fb17f7f59e1aa,224,224,1.0,3221.863,133.639,,
No Foam,root,No Foam/frame_0153.jpg,1121dbf50366a9eb433a28695a35653edf7c52a3951449847b8c6a5ab7195148,224,224,1.0,3713.631,131.928,,
No Foam,root,No Foam/frame_0154.jpg,d121be2d5afcdd0248a05fab0875c7073c530b4bb9f6a6bc74dc33cfb47cdd59,224,224,1.0,3603.068,131.995,,
No Foam,root,No Foam/frame_0155.jpg,639d01906061cb7ee89fbf9b8d74813b90846f86ea5293ed8c9a3481690268de,224,224,1.0,3260.173,132.338,,
No Foam,root,No Foam/frame_0156.jpg,623539f7e3994f067e51e5dd70509636653fa477cc28951196a545889219e304,224,224,1.0,3458.978,131.574,,
No Foam,root,No Foam/frame_0157.jpg,8a791b3ac94903c4bdd96a20cadfbe89d4b174dc90ab52cf37e91c165cc43e70,224,224,1.0,3191.338,131.509,,
No Foam,root,No Foam/frame_0158.jpg,cfd580c0541e716ccafacb951a032bb2ae52f1c0590b8a5b9b1f401390f9911e,224,224,1.0,3228.555,130.8,,
No Foam,root,No Foam/frame_0159.jpg,5cbf6e183e42e3eb66d26edbfc643eabcaa624d7ba45919bfea1c763eb4bd6c2,224,224,1.0,3350.089,130.824,,
No Foam,root,No Foam/frame_0160.jpg,63d111974504eec328522185cf6ef8f530068c99cbb704474d63158f620e7856,224,224,1.0,3487.712,130.3,,
No Foam,root,No Foam/frame_0161.jpg,a58de58a8d7fb2048c452712635100e21dc67b1eb157879b3ceb782ce6a63d24,224,224,1.0,3474.34,130.511,,
No Foam,root,No Foam/frame_0162.jpg,6b54485462082a055f9af33403b9c42d6c2e95bdfea9c7ccedaa7c7ff09c0a94,224,224,1.0,3421.857,130.833,,
No Foam,root,No Foam/frame_0163.jpg,30355439de0eb843b7d5d4cebd0a2fdda673fc1440fb13453bb8de9ea5291549,224,224,1.0,3460.178,130.945,,
No Foam,root,No Foam/frame_0164.jpg,6df8305da435c20d2648bb815c28c6c298199b25d91ede39b69008690f749b8b,224,224,1.0,3519.65,131.039,,
No Foam,root,No Foam/frame_0165.jpg,ee87e5715f6cbb428d7f6ee8c4ed295b23616fbf5261b7097e51a08b7242d687,224,224,1.0,3375.824,130.931,,
No Foam,root,No Foam/frame_0166.jpg,369301d3efc2f77d99ee59df192aa4bc01b406579789c91865704197910f6d6e,224,224,1.0,3540.662,130.879,,
No Foam,root,No Foam/frame_0167.jpg,7939cc1ebf2fa5a4fb98074bcb79330857b5fd14e7ea510fb10badfe808bc595,224,224,1.0,3492.73,130.7,,
No Foam,root,No Foam/frame_0168.jpg,15d3cc04e94a6340144fffd635f7e2498cce35155acbbdaf4d769c10281d87c4,224,224,1.0,3635.723,130.066,,
No Foam,root,No Foam/frame_0169.jpg,e222696eff39c816dc1e83da619d90b97bed3b464dbcc49aec2865302242d70a,224,224,1.0,3490.909,130.027,,
No Foam,root,No Foam/frame_0170.jpg,41f4e53823d8e1a6137000d363e23783b8094311e29fa49d8fc1d85588fe7c7a,224,224,1.0,3554.176,129.745,,
No Foam,root,No Foam/frame_0171.jpg,b87fda7a01987aa9e2d0750bb661082e941d222de0785653f4cc35faeefd3ca3,224,224,1.0,3561.847,129.992,,
No Foam,root,No Foam/frame_0172.jpg,2457b002d9aae7569f15b21ec5fd464cc3d73e9707c59e16f9f3c914cc5e70f2,224,224,1.0,3673.919,129.307,,
No Foam,root,No Foam/frame_0173.jpg,e9915db2d1abddea96493a5119d1a46d75c96f9dc63c3efa2d5828e2744bbe65,224,224,1.0,3483.155,129.238,,
No Foam,root,No Foam/frame_0174.jpg,cff7d4eb9178b21884ea50b20bd8f6ba7ec024e12c40f7c3c29e05f587a05a35,224,224,1.0,3564.827,129.361,,
No Foam,root,No Foam/frame_0175.jpg,eb5f667d0e9a18fc5e150290066494c7bb4aad0a9b1cdf2ffc60250a185f1e8e,224,224,1.0,3740.744,129.355,,
No Foam,root,No Foam/frame_0176.jpg,a632d5b31f746358d11edacb74b5d531898b07bb148a8553935fc20c8a57c670,224,224,1.0,3768.48,129.177,,
No Foam,root,No Foam/frame_0177.jpg,1b8c47cb01e1452dfe5c1ef145cb5cf8a9657888536a606f28a50f47cb4f6275,224,224,1.0,3717.659,129.066,,
No Foam,root,No Foam/frame_0178.jpg,519c0cfceac4c2416e5a26e2fe7d99b38347c85076c599c744b0604a875c2a1d,224,224,1.0,3089.11,129.133,,
No Foam,root,No Foam/frame_0179.jpg,fd6805ee7a61f9bd0f00482e861273933b29c4c9a98b86d342f7f16ffa401b75,224,224,1.0,3580.406,129.535,,
No Foam,root,No Foam/frame_0180.jpg,48a6d85d409a803ede32881638394a3123fa921451a9bd127a43b2b8fdd1ca51,224,224,1.0,3651.082,129.344,,
No Foam,root,No Foam/frame_0181.jpg,e7fb488843e7cfd3d5d3dabf83aec84029f98486dffd8c999d8b1b18e1585da7,224,224,1.0,3468.517,128.351,,
No Foam,root,No Foam/frame_0182.jpg,7f65ca0037b53a9b6542afa0760877fb6c09479882a3e4e0d877eb967f2b1d74,224,224,1.0,3619.801,127.189,,
No Foam,root,No Foam/frame_0183.jpg,21731620e6d4ac3b2eb139df93240cd2ecc13e07858ced46f611e5dc729a8a0a,224,224,1.0,3607.61,126.799,,
